name,type,race,atk,def,level,attribute,archetype
A-Assault Core,Union Effect Monster,Machine,1900,200,4,LIGHT,ABC
A-to-Z-Dragon Buster Cannon,Fusion Monster,Machine,4000,4000,10,LIGHT,ABC
ABC-Dragon Buster,Fusion Monster,Machine,3000,2800,8,LIGHT,ABC
Absorouter Dragon,Effect Monster,Dragon,1200,2800,7,DARK,Rokket
Abyss Actor - Comic Relief,Pendulum Effect Monster,Fiend,1000,2000,3,DARK,Abyss Actor
Abyss Actor - Curtain Raiser,Pendulum Effect Monster,Fiend,1100,1000,4,DARK,Abyss Actor
Abyss Actor - Evil Heel,Pendulum Effect Monster,Fiend,3000,2000,8,DARK,Abyss Actor
Abyss Actor - Extras,Pendulum Effect Monster,Fiend,100,100,1,DARK,Abyss Actor
Abyss Actor - Funky Comedian,Pendulum Effect Monster,Fiend,300,200,1,DARK,Abyss Actor
Abyss Actor - Hyper Director,Link Monster,Fiend,800,-1,0,DARK,Abyss Actor
Abyss Actor - Leading Lady,Pendulum Effect Monster,Fiend,1500,1000,4,DARK,Abyss Actor
Abyss Actor - Liberty Dramatist,Pendulum Effect Monster,Fiend,1500,1500,4,DARK,Abyss Actor
Abyss Actor - Mellow Madonna,Pendulum Effect Monster,Fiend,1800,2500,7,DARK,Abyss Actor
Abyss Actor - Sassy Rookie,Pendulum Effect Monster,Fiend,1700,1000,4,DARK,Abyss Actor
Abyss Actor - Super Producer,Link Monster,Fiend,1600,-1,0,DARK,Abyss Actor
Abyss Actor - Superstar,Pendulum Effect Monster,Fiend,2500,1800,7,DARK,Abyss Actor
Abyss Actor - Trendy Understudy,Pendulum Effect Monster,Fiend,700,700,2,DARK,Abyss Actor
Abyss Actor - Twinkle Little Star,Pendulum Effect Monster,Fiend,1000,1000,4,DARK,Abyss Actor
Abyss Actor - Wild Hope,Pendulum Effect Monster,Fiend,1600,1200,4,DARK,Abyss Actor
Abyss Flower,Normal Monster,Plant,750,400,2,EARTH,Recolored counterpart
Accel Synchro Stardust Dragon,Synchro Monster,Dragon,2500,2000,8,WIND,Stardust
Accel Synchron,Synchro Tuner Monster,Machine,500,2100,5,DARK,Synchron
Accesscode Talker,Link Monster,Cyberse,2300,-1,0,DARK,Code Talker
Achichi @Ignister,Effect Monster,Cyberse,800,800,2,FIRE,@Ignister
Acid Crawler,Normal Monster,Insect,900,700,3,EARTH,Recolored counterpart
Acrobatic Magician,Pendulum Effect Monster,Spellcaster,800,2300,5,DARK,Magician
Ad Libitum of Despia,Effect Monster,Fairy,1500,2000,8,DARK,Despia
Adamancipator Analyzer,Tuner Monster,Rock,1500,700,4,EARTH,Adamancipator
Adamancipator Conductor,Tuner Monster,Rock,1400,1100,6,EARTH,Adamancipator
Adamancipator Crystal - Dragite,Effect Monster,Rock,0,2200,4,WATER,Adamancipator
Adamancipator Crystal - Leonite,Effect Monster,Rock,0,2200,4,FIRE,Adamancipator
Adamancipator Crystal - Raptite,Effect Monster,Rock,0,2200,4,WIND,Adamancipator
Adamancipator Crystal - Tiamite,Effect Monster,Rock,0,2200,4,DARK,Adamancipator
Adamancipator Luminous,Link Monster,Rock,1800,-1,0,LIGHT,Adamancipator
Adamancipator Researcher,Tuner Monster,Rock,100,2100,2,EARTH,Adamancipator
Adamancipator Risen - Dragite,Synchro Monster,Rock,3000,2200,8,WATER,Adamancipator
Adamancipator Risen - Leonite,Synchro Monster,Rock,2400,2200,6,FIRE,Adamancipator
Adamancipator Risen - Raptite,Synchro Monster,Rock,2200,2800,6,WIND,Adamancipator
Adamancipator Risen - Tiamite,Synchro Monster,Rock,3300,2200,10,DARK,Adamancipator
Adamancipator Seeker,Tuner Monster,Rock,1200,1000,2,EARTH,Adamancipator
Aileron,Effect Monster,Machine,0,0,1,WIND,Sky Striker
Air Armor Ninja,Effect Monster,Warrior,1400,1400,4,WIND,Ninja
"Aiwass, the Magistus Spell Spirit",Fusion Monster,Fiend,2000,2800,8,WIND,Magistus
Aleister the Invoker,Effect Monster,Spellcaster,1000,1800,4,DARK,Invoked
Aleister the Invoker of Madness,Link Monster,Spellcaster,1800,-1,0,DARK,Invoked
"Alich, Malebranche of the Burning Abyss",Effect Monster,Fiend,1200,0,3,DARK,Burning Abyss
Alien Ammonite,Tuner Monster,Reptile,500,200,1,LIGHT,Alien
Alien Dog,Effect Monster,Reptile,1500,1000,3,LIGHT,Alien
Alien Grey,Flip Effect Monster,Reptile,300,800,2,LIGHT,Alien
Alien Hunter,Effect Monster,Reptile,1600,800,4,WATER,Alien
Alien Hypno,Gemini Monster,Reptile,1600,700,4,WATER,Alien
Alien Infiltrator,Effect Monster,Reptile,800,500,2,EARTH,Alien
Alien Kid,Effect Monster,Reptile,1600,700,4,LIGHT,Alien
Alien Mars,Effect Monster,Reptile,1000,1000,3,FIRE,Alien
Alien Mother,Effect Monster,Reptile,2300,1500,6,DARK,Alien
Alien Overlord,Effect Monster,Reptile,2200,1600,6,DARK,Alien
Alien Psychic,Effect Monster,Reptile,200,100,1,DARK,Alien
Alien Shocktrooper,Normal Monster,Reptile,1900,800,4,EARTH,Alien
Alien Shocktrooper M-Frame,Link Monster,Reptile,1900,-1,0,LIGHT,Alien
Alien Skull,Effect Monster,Reptile,1600,1800,4,WIND,Alien
Alien Stealthbuster,Effect Monster,Reptile,1700,1500,4,LIGHT,Alien
Alien Telepath,Effect Monster,Reptile,1600,1000,4,FIRE,Alien
Alien Warrior,Effect Monster,Reptile,1800,1000,4,EARTH,Alien
All-Eyes Phantom Dragon,Pendulum Effect Monster,Dragon,3000,2500,10,LIGHT,-Eyes Dragon
Allied Code Talker @Ignister,Link Monster,Cyberse,2300,-1,0,DARK,@Ignister
Ally Mind,Normal Tuner Monster,Machine,1800,1400,5,DARK,Ally of Justice
Ally of Justice Catastor,Synchro Monster,Machine,2200,1200,5,DARK,Ally of Justice
Ally of Justice Clausolas,Normal Monster,Machine,2300,1200,6,DARK,Ally of Justice
Ally of Justice Core Destroyer,Effect Monster,Machine,1200,200,3,DARK,Ally of Justice
Ally of Justice Cosmic Gateway,Effect Monster,Machine,2400,1200,8,DARK,Ally of Justice
Ally of Justice Cycle Reader,Tuner Monster,Machine,1000,1000,3,DARK,Ally of Justice
Ally of Justice Cyclone Creator,Tuner Monster,Machine,1400,1200,3,DARK,Ally of Justice
Ally of Justice Decisive Armor,Synchro Monster,Machine,3300,3300,10,DARK,Ally of Justice
Ally of Justice Enemy Catcher,Effect Monster,Machine,1800,1800,6,DARK,Ally of Justice
Ally of Justice Field Marshal,Synchro Monster,Machine,2900,2600,9,DARK,Ally of Justice
Ally of Justice Garadholg,Effect Monster,Machine,1600,400,4,DARK,Ally of Justice
Ally of Justice Light Gazer,Synchro Monster,Machine,2400,1600,8,DARK,Ally of Justice
Ally of Justice Nullfier,Effect Monster,Machine,1600,1200,4,DARK,Ally of Justice
Ally of Justice Omni-Weapon,Effect Monster,Machine,2200,800,5,DARK,Ally of Justice
Ally of Justice Quarantine,Effect Monster,Machine,1700,1200,4,DARK,Ally of Justice
Ally of Justice Reverse Break,Effect Monster,Machine,1200,1200,4,DARK,Ally of Justice
Ally of Justice Rudra,Effect Monster,Machine,1900,1200,5,DARK,Ally of Justice
Ally of Justice Searcher,Effect Monster,Machine,1400,100,3,DARK,Ally of Justice
Ally of Justice Thousand Arms,Effect Monster,Machine,1700,0,4,DARK,Ally of Justice
Ally of Justice Thunder Armor,Effect Monster,Machine,2700,2200,8,DARK,Ally of Justice
Ally of Justice Unknown Crusher,Effect Monster,Machine,1200,800,3,DARK,Ally of Justice
Ally of Justice Unlimiter,Effect Monster,Machine,600,200,2,DARK,Ally of Justice
"Alsei, the Sylvan High Protector",XYZ Monster,Plant,2300,3200,8,LIGHT,Sylvan
Altergeist Adminia,Link Monster,Spellcaster,3000,-1,0,DARK,Altergeist
Altergeist Dragvirion,Synchro Monster,Spellcaster,2200,1200,6,DARK,Altergeist
Altergeist Fifinellag,Tuner Monster,Spellcaster,0,1000,2,DARK,Altergeist
Altergeist Fijialert,Effect Monster,Spellcaster,1400,1200,4,WATER,Altergeist
Altergeist Hexstia,Link Monster,Spellcaster,1500,-1,0,FIRE,Altergeist
Altergeist Kidolga,Link Monster,Spellcaster,1000,-1,0,DARK,Altergeist
Altergeist Kunquery,Effect Monster,Spellcaster,0,2400,5,EARTH,Altergeist
Altergeist Malwisp,Tuner Monster,Spellcaster,1500,0,3,LIGHT,Altergeist
Altergeist Marionetter,Effect Monster,Spellcaster,1600,1700,4,LIGHT,Altergeist
Altergeist Meluseek,Effect Monster,Spellcaster,500,300,1,WATER,Altergeist
Altergeist Memorygant,Link Monster,Spellcaster,2800,-1,0,DARK,Altergeist
Altergeist Multifaker,Effect Monster,Spellcaster,1200,800,3,DARK,Altergeist
Altergeist Peritrator,Effect Monster,Spellcaster,500,300,1,FIRE,Altergeist
Altergeist Pixiel,Effect Monster,Spellcaster,100,100,1,WIND,Altergeist
Altergeist Pookuery,Effect Monster,Spellcaster,300,100,1,DARK,Altergeist
Altergeist Primebanshee,Link Monster,Spellcaster,2100,-1,0,DARK,Altergeist
Altergeist Silquitous,Effect Monster,Spellcaster,800,1500,2,WIND,Altergeist
Aluber the Jester of Despia,Effect Monster,Fairy,1800,0,4,DARK,Despia
Alviss of the Nordic Alfar,Effect Monster,Spellcaster,1500,1000,4,DARK,Nordic
Amazoness Archer,Effect Monster,Warrior,1400,1000,4,EARTH,Amazoness
Amazoness Augusta,Fusion Monster,Warrior,3200,2800,10,EARTH,Amazoness
Amazoness Baby Tiger,Effect Monster,Beast,500,500,2,EARTH,Amazoness
Amazoness Blowpiper,Effect Monster,Warrior,800,1500,3,EARTH,Amazoness
Amazoness Chain Master,Effect Monster,Warrior,1500,1300,4,EARTH,Amazoness
Amazoness Empress,Fusion Monster,Warrior,2800,2400,8,EARTH,Amazoness
Amazoness Fighter,Effect Monster,Warrior,1500,1300,4,EARTH,Amazoness
Amazoness Golden Whip Master,Pendulum Effect Monster,Warrior,2000,1200,5,EARTH,Amazoness
Amazoness Paladin,Effect Monster,Warrior,1700,300,4,EARTH,Amazoness
Amazoness Pet Liger,Fusion Monster,Beast,2500,2400,7,EARTH,Amazoness
Amazoness Pet Liger King,Fusion Monster,Beast,2900,2800,9,EARTH,Amazoness
Amazoness Princess,Effect Monster,Warrior,1200,900,3,EARTH,Amazoness
Amazoness Queen,Effect Monster,Warrior,2400,1800,6,EARTH,Amazoness
Amazoness Sage,Effect Monster,Warrior,1400,700,4,EARTH,Amazoness
Amazoness Scouts,Effect Monster,Warrior,500,1100,2,EARTH,Amazoness
Amazoness Silver Sword Master,Pendulum Effect Monster,Warrior,1200,2000,3,EARTH,Amazoness
Amazoness Spiritualist,Effect Monster,Warrior,800,1800,2,EARTH,Amazoness
Amazoness Spy,Effect Monster,Warrior,800,1200,3,EARTH,Amazoness
Amazoness Swords Woman,Effect Monster,Warrior,1500,1600,4,EARTH,Amazoness
Amazoness Tiger,Effect Monster,Beast,1100,1500,4,EARTH,Amazoness
Amazoness Trainee,Effect Monster,Warrior,1500,1300,4,EARTH,Amazoness
Amazoness War Chief,Effect Monster,Warrior,1900,0,5,EARTH,Amazoness
Ambulance Rescueroid,Fusion Monster,Machine,2300,1800,6,FIRE,Roid
Ambulanceroid,Effect Monster,Machine,300,1200,3,EARTH,Roid
Amores of Prophecy,Effect Monster,Spellcaster,600,2000,3,EARTH,Spellbook
Amphibious Bugroth MK-3,Effect Monster,Machine,1500,1300,4,WATER,Umi
Amulet Dragon,Fusion Monster,Dragon,2900,2500,8,DARK,Dark Magician
Anarchist Monk of the Six Samurai,Tuner Monster,Warrior,500,0,3,DARK,Six Samurai
Ancient Flamvell Deity,Synchro Monster,Pyro,2500,200,7,FIRE,Flamvell
Ancient Gear Ballista,Link Monster,Machine,1500,-1,0,EARTH,Ancient Gear
Ancient Gear Beast,Effect Monster,Machine,2000,2000,6,EARTH,Ancient Gear
Ancient Gear Box,Effect Monster,Machine,500,2000,4,EARTH,Ancient Gear
Ancient Gear Cannon,Effect Monster,Machine,500,500,2,EARTH,Ancient Gear
Ancient Gear Commander,Effect Monster,Machine,500,2000,4,EARTH,Ancient Gear
Ancient Gear Dark Golem,Effect Monster,Machine,3000,3000,8,EARTH,Ancient Gear
Ancient Gear Dragon,Effect Monster,Machine,500,2500,5,EARTH,Ancient Gear
Ancient Gear Engineer,Effect Monster,Machine,1500,1500,5,EARTH,Ancient Gear
Ancient Gear Frame,Effect Monster,Machine,1600,500,4,EARTH,Ancient Gear
Ancient Gear Gadget,Effect Monster,Machine,500,2000,4,EARTH,Ancient Gear
Ancient Gear Gadjiltron Chimera,Effect Monster,Machine,2300,1300,6,EARTH,Ancient Gear
Ancient Gear Gadjiltron Dragon,Effect Monster,Machine,3000,2000,8,EARTH,Ancient Gear
Ancient Gear Golem,Effect Monster,Machine,3000,3000,8,EARTH,Ancient Gear
Ancient Gear Golem - Ultimate Pound,Effect Monster,Machine,3000,3000,8,EARTH,Ancient Gear
Ancient Gear Howitzer,Fusion Monster,Machine,1000,1800,8,EARTH,Ancient Gear
Ancient Gear Hunting Hound,Effect Monster,Machine,1000,1000,3,EARTH,Ancient Gear
Ancient Gear Hydra,Effect Monster,Machine,2700,1700,7,EARTH,Ancient Gear
Ancient Gear Knight,Gemini Monster,Machine,1800,500,4,EARTH,Ancient Gear
Ancient Gear Megaton Golem,Fusion Monster,Machine,3300,3300,9,EARTH,Ancient Gear
Ancient Gear Reactor Dragon,Effect Monster,Machine,3000,3000,9,EARTH,Ancient Gear
Ancient Gear Soldier,Effect Monster,Machine,1300,1300,4,EARTH,Ancient Gear
Ancient Gear Statue,Effect Monster,Machine,500,800,2,EARTH,Ancient Gear
Ancient Gear Tanker,Effect Monster,Machine,1300,1300,4,EARTH,Ancient Gear
Ancient Gear Token,Token,Machine,-1,-1,0,NONE,Ancient Gear
Ancient Gear Wyvern,Effect Monster,Machine,1700,1200,4,EARTH,Ancient Gear
Ancient Warriors - Ambitious Cao De,Effect Monster,Beast-Warrior,3000,2500,8,FIRE,Ancient Warriors
Ancient Warriors - Deceptive Jia Wen,Effect Monster,Beast-Warrior,1100,1800,4,FIRE,Ancient Warriors
Ancient Warriors - Eccentric Lu Jing,Effect Monster,Beast-Warrior,700,2000,4,WATER,Ancient Warriors
Ancient Warriors - Fearsome Zhang Yuan,Effect Monster,Beast-Warrior,2300,2000,6,FIRE,Ancient Warriors
Ancient Warriors - Graceful Zhou Gong,Effect Monster,Beast-Warrior,1600,1600,4,WATER,Ancient Warriors
Ancient Warriors - Ingenious Zhuge Kong,Effect Monster,Beast-Warrior,1000,2000,4,WIND,Ancient Warriors
Ancient Warriors - Loyal Guan Yun,Effect Monster,Beast-Warrior,2500,1800,7,WIND,Ancient Warriors
Ancient Warriors - Masterful Sun Mou,Effect Monster,Beast-Warrior,1800,1500,4,WATER,Ancient Warriors
Ancient Warriors - Rebellious Lu Feng,Effect Monster,Beast-Warrior,2800,2200,8,DARK,Ancient Warriors
Ancient Warriors - Savage Don Ying,Effect Monster,Beast-Warrior,2200,1800,6,DARK,Ancient Warriors
Ancient Warriors - Valiant Zhang De,Effect Monster,Beast-Warrior,2700,900,7,WIND,Ancient Warriors
Ancient Warriors - Virtuous Liu Xuan,Effect Monster,Beast-Warrior,1400,1200,4,WIND,Ancient Warriors
Ancient Warriors Oath - Double Dragon Lords,Link Monster,Beast-Warrior,1100,-1,0,WIND,Ancient Warriors
Anesthrokket Dragon,Effect Monster,Dragon,0,2200,1,DARK,Rokket
Angmarl the Fiendish Monarch,Effect Monster,Fiend,2400,1000,6,DARK,Monarch
Ankuriboh,Effect Monster,Fiend,300,200,1,DARK,Kuriboh
Annihilator Archfiend,Effect Monster,Fiend,2000,3000,9,DARK,Archfiend
Apprentice Illusion Magician,Effect Monster,Spellcaster,2000,1700,6,DARK,Dark Magician
Apprentice Magician,Effect Monster,Spellcaster,400,800,2,DARK,Magician
Aqua Armor Ninja,Effect Monster,Warrior,800,1600,4,WATER,Ninja
Arcana Force 0 - The Fool,Effect Monster,Fairy,0,0,1,LIGHT,Arcana Force
Arcana Force EX - The Chaos Ruler,Fusion Monster,Fairy,3300,3300,10,LIGHT,Arcana Force
Arcana Force EX - The Dark Ruler,Effect Monster,Fairy,4000,4000,10,LIGHT,Arcana Force
Arcana Force EX - The Light Ruler,Effect Monster,Fairy,4000,4000,10,LIGHT,Arcana Force
Arcana Force I - The Magician,Effect Monster,Fairy,1100,1100,4,LIGHT,Arcana Force
Arcana Force III - The Empress,Effect Monster,Fairy,1300,1300,4,LIGHT,Arcana Force
Arcana Force IV - The Emperor,Effect Monster,Fairy,1400,1400,4,LIGHT,Arcana Force
Arcana Force V - The Hierophant,Effect Monster,Fairy,1500,1500,4,LIGHT,Arcana Force
Arcana Force VI - The Lovers,Effect Monster,Fairy,1600,1600,4,LIGHT,Arcana Force
Arcana Force VII - The Chariot,Effect Monster,Fairy,1700,1700,4,LIGHT,Arcana Force
Arcana Force XII - The Hangman,Effect Monster,Fairy,2200,2200,6,LIGHT,Arcana Force
Arcana Force XIV - Temperance,Effect Monster,Fairy,2400,2400,6,LIGHT,Arcana Force
Arcana Force XIX - The Sun,Effect Monster,Fairy,2900,2900,7,LIGHT,Arcana Force
Arcana Force XV - The Fiend,Effect Monster,Fairy,2500,2500,7,LIGHT,Arcana Force
Arcana Force XVIII - The Moon,Effect Monster,Fairy,2800,2800,7,LIGHT,Arcana Force
Arcana Force XXI - The World,Effect Monster,Fairy,3100,3100,8,LIGHT,Arcana Force
Arcane Apprentice,Tuner Monster,Spellcaster,1000,400,2,FIRE,Assault Mode
Arcanite Magician/Assault Mode,Effect Monster,Spellcaster,900,2300,9,LIGHT,Assault Mode
Archfiend Black Skull Dragon,Fusion Monster,Dragon,3200,2500,9,DARK,Archfiend
Archfiend Cavalry,Effect Monster,Fiend,1900,0,4,DARK,Archfiend
Archfiend Commander,Effect Monster,Fiend,2500,1200,6,DARK,Archfiend
Archfiend Eccentrick,Pendulum Effect Monster,Fiend,800,1000,3,LIGHT,Archfiend
Archfiend Emperor,Pendulum Effect Ritual Monster,Fiend,2500,1200,7,FIRE,Archfiend
"Archfiend Emperor, the First Lord of Horror",Effect Monster,Fiend,3000,2000,8,DARK,Archfiend
Archfiend Empress,Effect Monster,Fiend,2900,2100,8,DARK,Archfiend
Archfiend General,Effect Monster,Fiend,2100,800,4,DARK,Archfiend
Archfiend Giant,Effect Monster,Fiend,2400,1600,6,DARK,Archfiend
Archfiend Heiress,Effect Monster,Fiend,1000,0,3,DARK,Archfiend
Archfiend Interceptor,Effect Monster,Fiend,1400,1600,4,DARK,Archfiend
Archfiend Matriarch,Pendulum Effect Ritual Monster,Fiend,2100,2900,7,LIGHT,Archfiend
Archfiend Mirror,Normal Monster,Fiend,700,600,2,DARK,Archfiend
Archfiend of Gilfer,Effect Monster,Fiend,2200,2500,6,DARK,Archfiend
Archfiend Soldier,Normal Monster,Fiend,1900,1500,4,DARK,Archfiend
Archfiend Zombie-Skull,Synchro Monster,Zombie,2500,1200,6,DARK,Archfiend
Archfiend's Advent,Effect Monster,Fiend,2500,1200,6,DARK,Archfiend
Archfiend's Ascent,XYZ Monster,Fiend,2500,1200,6,DARK,Archfiend
Archfiend's Awakening,Ritual Effect Monster,Fiend,2500,1200,6,DARK,Archfiend
Archfiend's Call,Synchro Monster,Fiend,2500,1200,6,DARK,Archfiend
Archfiend's Conscription,Skill Card,Titan,-1,-1,0,NONE,Archfiend
Archfiend's Manifestation,Fusion Monster,Fiend,2500,1200,6,DARK,Archfiend
Archfiend's Origin,Effect Monster,Fiend,2500,1200,7,DARK,Archfiend
Archfiend's Promotion,Skill Card,Titan,-1,-1,0,NONE,Archfiend
Aria the Melodious Diva,Effect Monster,Fairy,1600,1200,4,LIGHT,Melodious
"Ariel, Priestess of the Nekroz",Effect Monster,Psychic,1000,1800,4,WATER,Nekroz
"Arionpos, Serpent of the Ghoti",Synchro Monster,Fish,2100,0,6,WATER,Ghoti
Arisen Gaia the Fierce Knight,Effect Monster,Warrior,2300,2100,7,DARK,Gaia The Fierce Knight
Arktos XII - Chronochasm Vaylantz,Pendulum Effect Fusion Monster,Fairy,3000,3000,12,EARTH,Vaylantz
Armed Dragon Catapult Cannon,Fusion Monster,Machine,3500,3000,10,LIGHT,Armed Dragon
Armed Dragon LV10,Effect Monster,Dragon,3000,2000,10,WIND,Armed Dragon
Armed Dragon LV10 White,Effect Monster,Dragon,3000,2000,10,LIGHT,Armed Dragon
Armed Dragon LV3,Effect Monster,Dragon,1200,900,3,WIND,Armed Dragon
Armed Dragon LV5,Effect Monster,Dragon,2400,1700,5,WIND,Armed Dragon
Armed Dragon LV7,Effect Monster,Dragon,2800,1000,7,WIND,Armed Dragon
Armed Dragon Thunder LV10,Effect Monster,Dragon,3000,2000,10,WIND,Armed Dragon
Armed Dragon Thunder LV3,Effect Monster,Dragon,1200,900,3,WIND,Armed Dragon
Armed Dragon Thunder LV5,Effect Monster,Dragon,2400,1700,5,WIND,Armed Dragon
Armed Dragon Thunder LV7,Effect Monster,Dragon,2800,1000,7,WIND,Armed Dragon
"Armed Dragon, the Armored Dragon",Effect Monster,Dragon,1900,1400,4,WIND,Armed Dragon
Armed Ninja,Flip Effect Monster,Warrior,300,300,1,EARTH,Ninja
Armored Cybern,Union Effect Monster,Machine,0,2000,4,WIND,Cyber Dragon
Armored Rat,Normal Monster,Beast,950,1100,3,EARTH,Recolored counterpart
Armoroid,Effect Monster,Machine,2700,2000,8,EARTH,Roid
Arms of Genex Return Zero,Synchro Monster,Machine,3100,2950,10,DARK,Genex
Aroma Jar,Flip Effect Monster,Rock,500,400,1,WIND,Aroma
Aromage Bergamot,Effect Monster,Plant,2400,1800,6,FIRE,Aroma
Aromage Cananga,Effect Monster,Plant,1400,1000,3,EARTH,Aroma
Aromage Jasmine,Effect Monster,Plant,100,1900,2,LIGHT,Aroma
Aromage Laurel,Effect Monster,Plant,800,0,1,WIND,Aroma
Aromage Marjoram,Effect Monster,Plant,2000,1600,5,DARK,Aroma
Aromage Rosemary,Effect Monster,Plant,1800,700,4,WATER,Aroma
Aromalilith Magnolia,Fusion Monster,Plant,2600,1800,8,DARK,Aroma
Aromalilith Rosalina,Tuner Monster,Plant,0,0,1,DARK,Aroma
Aromalilith Rosemary,Link Monster,Plant,2200,-1,0,DARK,Aroma
Aromaseraphy Angelica,Tuner Monster,Plant,0,0,1,LIGHT,Aroma
Aromaseraphy Jasmine,Link Monster,Plant,1800,-1,0,LIGHT,Aroma
Aromaseraphy Rosemary,Synchro Monster,Plant,2000,900,5,LIGHT,Aroma
Aromaseraphy Sweet Marjoram,Synchro Monster,Plant,2200,2000,6,LIGHT,Aroma
Arsenal Summoner,Flip Effect Monster,Spellcaster,1600,1600,4,WIND,Guardian
"Artemis, the Magistus Moon Maiden",Link Monster,Spellcaster,800,-1,0,LIGHT,Magistus
Artifact Achilleshield,Effect Monster,Fairy,1500,2200,5,LIGHT,Artifact
Artifact Aegis,Effect Monster,Fairy,1200,2500,5,LIGHT,Artifact
Artifact Beagalltach,Effect Monster,Fairy,1400,2100,5,LIGHT,Artifact
Artifact Caduceus,Effect Monster,Fairy,1600,2400,5,LIGHT,Artifact
Artifact Chakram,Effect Monster,Fairy,1900,2000,5,LIGHT,Artifact
Artifact Dagda,Link Monster,Fairy,1500,-1,0,LIGHT,Artifact
Artifact Durendal,XYZ Monster,Fairy,2400,2100,5,LIGHT,Artifact
Artifact Failnaught,Effect Monster,Fairy,2000,1600,5,LIGHT,Artifact
Artifact Labrys,Effect Monster,Fairy,2300,1000,5,LIGHT,Artifact
Artifact Lancea,Effect Monster,Fairy,1700,2300,5,LIGHT,Artifact
Artifact Mjollnir,Effect Monster,Fairy,1300,1800,5,LIGHT,Artifact
Artifact Moralltach,Effect Monster,Fairy,2100,1400,5,LIGHT,Artifact
Artifact Scythe,Effect Monster,Fairy,2200,900,5,LIGHT,Artifact
Artifact Vajra,Effect Monster,Fairy,1800,1900,5,LIGHT,Artifact
Artillery Catapult Turtle,Effect Monster,Aqua,1000,2000,4,WATER,Gaia The Fierce Knight
"Artorigus, King of the Noble Knights",XYZ Monster,Warrior,2000,2000,4,LIGHT,Noble Knight
"Askaan, the Bicorned Ghoti",Synchro Monster,Fish,2700,0,8,WATER,Ghoti
Asmo Token,Token,Fairy,-1,-1,0,NONE,Darklord
Assault Beast,Effect Monster,Beast-Warrior,1900,1200,4,EARTH,Assault Mode
Assault Blackwing - Chidori the Rain Sprinkling,Synchro Monster,Winged Beast,2600,2000,7,DARK,Blackwing
Assault Blackwing - Kunai the Drizzle,Effect Monster,Winged Beast,2100,1600,5,DARK,Blackwing
Assault Blackwing - Onimaru the Divine Thunder,Synchro Monster,Winged Beast,3000,2000,12,DARK,Blackwing
Assault Blackwing - Raikiri the Rain Shower,Synchro Monster,Winged Beast,2600,2000,7,DARK,Blackwing
Assault Blackwing - Sayo the Rain Hider,Synchro Monster,Winged Beast,800,100,2,DARK,Blackwing
Assault Blackwing - Sohaya the Rain Storm,Synchro Monster,Winged Beast,1500,2000,5,DARK,Blackwing
Assault Mercenary,Effect Monster,Warrior,1800,300,4,EARTH,Assault Mode
Assault Synchron,Tuner Monster,Machine,700,0,2,DARK,Synchron
Astral Kuriboh,Effect Monster,Fiend,100,100,1,LIGHT,Kuriboh
Astrograph Sorcerer,Pendulum Effect Monster,Spellcaster,2500,2000,7,DARK,Magician
"Astrograph Sorcerer, the Starfrost Magician",Pendulum Effect Monster,Spellcaster,2500,2000,7,DARK,Magician
Atlantean Attack Squad,Effect Monster,Sea Serpent,1400,0,3,WATER,Atlantean
Atlantean Dragoons,Effect Monster,Sea Serpent,1800,0,4,WATER,Atlantean
Atlantean Heavy Infantry,Effect Monster,Sea Serpent,0,1600,2,WATER,Atlantean
Atlantean Marksman,Effect Monster,Sea Serpent,1400,0,3,WATER,Atlantean
Atlantean Pikeman,Normal Monster,Sea Serpent,1400,0,2,WATER,Atlantean
Atomic Scrap Dragon,Synchro Monster,Dragon,3200,2400,10,EARTH,Scrap
Attachment Cybern,Effect Monster,Dragon,1600,800,3,LIGHT,Cyber
Auram the World Chalice Blademaster,Link Monster,Cyberse,2000,-1,0,FIRE,World Chalice
"Aurkus, Lightsworn Druid",Effect Monster,Beast-Warrior,1200,1800,3,LIGHT,Lightsworn
Aussa the Earth Channeler,Effect Monster,Spellcaster,1850,1500,5,EARTH,Charmer
Aussa the Earth Charmer,Flip Effect Monster,Spellcaster,500,1500,3,EARTH,Charmer
"Aussa the Earth Charmer, Immovable",Link Monster,Spellcaster,1850,-1,0,EARTH,Charmer
Autorokket Dragon,Effect Monster,Dragon,1600,1000,3,DARK,Rokket
"Avance, Swordsman of the Nekroz",Effect Monster,Spellcaster,1500,800,4,WATER,Nekroz
Avendread Savior,Link Monster,Zombie,1600,0,0,DARK,Vendread
"Avida, Rebuilder of Worlds",Effect Monster,Cyberse,3500,3500,11,LIGHT,World Legacy
"Aztekipede, the Worm Warrior",Effect Monster,Insect,1900,400,4,EARTH,Worm
B-Buster Drake,Union Effect Monster,Machine,1500,1800,4,LIGHT,ABC
B. Dragon Jungle King,Normal Monster,Dragon,2100,1800,6,EARTH,Recolored counterpart
Bacha the Melodious Maestra,Fusion Monster,Fairy,2500,1800,7,LIGHT,Melodious
Backup @Ignister,Tuner Monster,Cyberse,1200,800,3,DARK,@Ignister
Baku the Beast Ninja,Effect Monster,Beast,1500,600,3,WIND,Ninja
"Barbar, Malebranche of the Burning Abyss",Effect Monster,Fiend,1700,1000,3,DARK,Burning Abyss
"Barbaroid, the Ultimate Battle Machine",Fusion Monster,Machine,4000,4000,12,EARTH,Roid
Barrier Resonator,Tuner Monster,Fiend,300,800,1,LIGHT,Resonator
"Bat, the Forest Ninja",Tuner Monster,Beast,800,800,3,LIGHT,Ninja
Batteryman 9-Volt,Effect Monster,Thunder,1000,1000,4,LIGHT,Batteryman
Batteryman AA,Effect Monster,Thunder,0,0,3,LIGHT,Batteryman
Batteryman AAA,Effect Monster,Thunder,0,0,4,LIGHT,Batteryman
Batteryman C,Effect Monster,Thunder,0,0,2,LIGHT,Batteryman
Batteryman Charger,Effect Monster,Thunder,1800,1200,5,LIGHT,Batteryman
Batteryman D,Effect Monster,Thunder,0,1900,1,LIGHT,Batteryman
Batteryman Fuel Cell,Effect Monster,Thunder,2100,0,6,LIGHT,Batteryman
Batteryman Industrial Strength,Effect Monster,Thunder,2600,0,8,LIGHT,Batteryman
Batteryman Micro-Cell,Flip Effect Monster,Thunder,100,100,1,LIGHT,Batteryman
Batteryman Solar,Effect Monster,Thunder,1500,1500,4,LIGHT,Batteryman
Batteryman Token,Token,Thunder,-1,-1,0,NONE,Batteryman
Battle Shogun of the Six Samurai,Link Monster,Warrior,1000,-1,0,EARTH,Six Samurai
Battlewasp - Arbalest the Rapidfire,Effect Monster,Insect,1800,800,4,WIND,Battlewasp
Battlewasp - Azusa the Ghost Bow,Synchro Tuner Monster,Insect,2200,1600,5,WIND,Battlewasp
Battlewasp - Ballista the Armageddon,Synchro Monster,Insect,3000,800,12,WIND,Battlewasp
Battlewasp - Dart the Hunter,Effect Monster,Insect,100,100,1,WIND,Battlewasp
Battlewasp - Grand Partisan the Revolution,Synchro Monster,Insect,3000,2000,12,WIND,Battlewasp
Battlewasp - Halberd the Charge,Synchro Monster,Insect,2500,800,6,WIND,Battlewasp
Battlewasp - Hama the Conquering Bow,Synchro Monster,Insect,2800,2000,8,WIND,Battlewasp
Battlewasp - Pin the Bullseye,Effect Monster,Insect,200,300,1,WIND,Battlewasp
Battlewasp - Rapier the Onslaught,Effect Monster,Insect,1900,0,5,WIND,Battlewasp
Battlewasp - Sachi the Ceremonial Bow,Synchro Monster,Insect,2400,1200,6,WIND,Battlewasp
Battlewasp - Sting the Poison,Tuner Monster,Insect,400,800,2,WIND,Battlewasp
Battlewasp - Twinbow the Attacker,Effect Monster,Insect,1000,500,3,WIND,Battlewasp
Battlin' Boxer Big Bandage,Effect Monster,Warrior,1100,1400,2,FIRE,Battlin' Boxer
Battlin' Boxer Cheat Commissioner,XYZ Monster,Warrior,0,1300,3,FIRE,Battlin' Boxer
Battlin' Boxer Chief Second,Effect Monster,Warrior,500,2000,4,FIRE,Battlin' Boxer
Battlin' Boxer Counterpunch,Effect Monster,Warrior,0,1100,3,FIRE,Battlin' Boxer
Battlin' Boxer Glassjaw,Effect Monster,Warrior,2000,0,4,FIRE,Battlin' Boxer
Battlin' Boxer Headgeared,Effect Monster,Warrior,1000,1800,4,FIRE,Battlin' Boxer
Battlin' Boxer King Dempsey,XYZ Monster,Warrior,2300,1800,4,FIRE,Battlin' Boxer
Battlin' Boxer Lead Yoke,XYZ Monster,Warrior,2200,2000,4,FIRE,Battlin' Boxer
Battlin' Boxer Promoter,Effect Monster,Warrior,1700,800,4,FIRE,Battlin' Boxer
Battlin' Boxer Rabbit Puncher,Effect Monster,Warrior,800,1000,3,FIRE,Battlin' Boxer
Battlin' Boxer Rib Gardna,Effect Monster,Warrior,100,1400,3,FIRE,Battlin' Boxer
Battlin' Boxer Shadow,Effect Monster,Warrior,1800,1400,4,FIRE,Battlin' Boxer
Battlin' Boxer Sparrer,Effect Monster,Warrior,1200,1400,4,FIRE,Battlin' Boxer
Battlin' Boxer Switchitter,Effect Monster,Warrior,1500,1400,4,FIRE,Battlin' Boxer
Battlin' Boxer Uppercutter,Effect Monster,Warrior,1600,200,4,FIRE,Battlin' Boxer
Battlin' Boxer Veil,Effect Monster,Warrior,0,1800,4,FIRE,Battlin' Boxer
"Baxia, Brightness of the Yang Zing",Synchro Monster,Wyrm,2300,2600,8,LIGHT,Yang Zing
Beaked Snake,Normal Monster,Reptile,800,900,3,EARTH,Recolored counterpart
Beast of Talwar,Normal Monster,Fiend,2400,2150,6,DARK,Archfiend
Beast of Talwar - The Sword Summit,Effect Monster,Fiend,2400,2150,7,DARK,Archfiend
"Beat, Bladesman Fur Hire",Effect Monster,Warrior,1200,500,3,EARTH,Fur Hire
"Beatrice, Lady of the Eternal",XYZ Monster,Fairy,2500,2800,6,LIGHT,Burning Abyss
Beckoned by the World Chalice,Normal Monster,Warrior,1800,0,4,EARTH,World Chalice
Beelze Frog,Effect Monster,Aqua,1200,800,3,WATER,Frog
Beetrooper Armor Horn,Link Monster,Insect,1000,-1,0,EARTH,Beetrooper
Beetrooper Assault Roller,Effect Monster,Insect,1600,1400,4,EARTH,Beetrooper
Beetrooper Cruel Saturnas,Fusion Monster,Insect,2400,2000,5,DARK,Beetrooper
Beetrooper Light Flapper,Effect Monster,Insect,2000,2200,6,WATER,Beetrooper
Beetrooper Scale Bomber,Effect Monster,Insect,1200,2000,3,FIRE,Beetrooper
Beetrooper Scout Buggy,Effect Monster,Insect,1000,300,3,WIND,Beetrooper
Beetrooper Sting Lancer,Effect Monster,Insect,2400,1800,7,WIND,Beetrooper
Beginning Knight,Effect Monster,Warrior,500,2000,4,LIGHT,Black Luster Soldier
"Behold, Gate Guardian!",Skill Card,Paradox Broth,-1,-1,0,NONE,Guardian
"Beiige, Vanguard of Dark World",Effect Monster,Fiend,1600,1300,4,DARK,Dark World
Berserk Archfiend,Effect Monster,Fiend,2000,0,6,DARK,Archfiend
Berserker of the Tenyi,Link Monster,Wyrm,3000,-1,0,DARK,Tenyi
"Bi'an, Earth of the Yang Zing",Effect Monster,Wyrm,1600,0,3,EARTH,Yang Zing
Binding Chain,Normal Monster,Fairy,1000,1100,3,LIGHT,Recolored counterpart
Bird of Roses,Effect Monster,Plant,1800,1500,4,WIND,Rose Dragon
Birdface,Effect Monster,Winged Beast,1600,1600,4,WIND,Harpie
"Bixi, Water of the Yang Zing",Effect Monster,Wyrm,0,2000,2,WATER,Yang Zing
Black Dragon Ninja,Effect Monster,Beast,2800,1600,7,DARK,Ninja
Black Dragon's Chick,Effect Monster,Dragon,800,500,1,DARK,Red-Eyes
Black Fang Magician,Pendulum Effect Monster,Spellcaster,1700,800,4,DARK,Magician
Black Luster Soldier,Ritual Monster,Warrior,3000,2500,8,EARTH,Black Luster Soldier
Black Luster Soldier - Envoy of the Beginning,Effect Monster,Warrior,3000,2500,8,LIGHT,Black Luster Soldier
Black Luster Soldier - Envoy of the Evening Twilight,Effect Monster,Warrior,3000,2500,8,DARK,Black Luster Soldier
Black Luster Soldier - Legendary Swordsman,Ritual Effect Monster,Warrior,3000,2500,8,EARTH,Black Luster Soldier
Black Luster Soldier - Sacred Soldier,Effect Monster,Warrior,3000,2500,8,LIGHT,Black Luster Soldier
Black Luster Soldier - Soldier of Chaos,Link Monster,Warrior,3000,-1,0,EARTH,Black Luster Soldier
Black Luster Soldier - Super Soldier,Ritual Effect Monster,Warrior,3000,2500,8,EARTH,Black Luster Soldier
Black Metal Dragon,Effect Monster,Dragon,600,600,1,DARK,Red-Eyes
Black Rose Dragon,Synchro Monster,Dragon,2400,1800,7,FIRE,Rose Dragon
Black Rose Moonlight Dragon,Synchro Monster,Dragon,2400,1800,7,LIGHT,Rose Dragon
Black Skull Dragon,Fusion Monster,Dragon,3200,2500,9,DARK,Archfiend
Black Skull Dragon the Archfiend Dragon of Unity,Effect Monster,Dragon,3200,2500,9,DARK,Archfiend
"Blackbeard, the Plunder Patroll Captain",Link Monster,Fiend,1600,-1,0,WATER,Plunder Patroll
"Blackeyes, the Plunder Patroll Seaguide",Effect Monster,Fiend,1000,1000,4,WATER,Plunder Patroll
Blackwing - Abrolhos the Megaquake,Effect Monster,Winged Beast,2600,1800,7,DARK,Blackwing
Blackwing - Aurora the Northern Lights,Effect Monster,Winged Beast,-1,0,10,LIGHT,Blackwing
Blackwing - Auster the South Wind,Tuner Monster,Winged Beast,1300,0,4,DARK,Blackwing
Blackwing - Black Crest Token,Token,Winged Beast,-1,-1,0,NONE,Blackwing
Blackwing - Blizzard the Far North,Tuner Monster,Winged Beast,1300,0,2,DARK,Blackwing
Blackwing - Bora the Spear,Effect Monster,Winged Beast,1700,800,4,DARK,Blackwing
Blackwing - Boreas the Sharp,Effect Monster,Winged Beast,1300,900,5,DARK,Blackwing
Blackwing - Boreastorm the Wicked Wind,Synchro Tuner Monster,Winged Beast,2400,1600,6,DARK,Blackwing
Blackwing - Breeze the Zephyr,Tuner Monster,Winged Beast,1100,300,3,DARK,Blackwing
Blackwing - Brisote the Tailwind,Effect Monster,Winged Beast,1200,1800,5,DARK,Blackwing
Blackwing - Calima the Haze,Effect Monster,Winged Beast,600,1800,4,DARK,Blackwing
Blackwing - Chinook the Snow Blast,Effect Monster,Winged Beast,100,700,2,DARK,Blackwing
Blackwing - Damascus the Polar Night,Effect Monster,Winged Beast,1300,700,3,DARK,Blackwing
Blackwing - Decay the Ill Wind,Tuner Monster,Winged Beast,1000,1000,4,DARK,Blackwing
Blackwing - Elphin the Raven,Effect Monster,Winged Beast,2200,1200,6,DARK,Blackwing
Blackwing - Etesian of Two Swords,Effect Monster,Winged Beast,400,1600,3,DARK,Blackwing
Blackwing - Fane the Steel Chain,Effect Monster,Winged Beast,500,800,2,DARK,Blackwing
Blackwing - Gale the Whirlwind,Tuner Monster,Winged Beast,1300,400,3,DARK,Blackwing
Blackwing - Ghibli the Searing Wind,Effect Monster,Winged Beast,0,1600,3,DARK,Blackwing
Blackwing - Gladius the Midnight Sun,Effect Monster,Winged Beast,800,1500,3,DARK,Blackwing
Blackwing - Gofu the Vague Shadow,Tuner Monster,Winged Beast,0,0,5,DARK,Blackwing
Blackwing - Gram the Shining Star,Synchro Monster,Winged Beast,2200,1500,5,DARK,Blackwing
Blackwing - Gust the Backblast,Effect Monster,Winged Beast,900,1400,2,DARK,Blackwing
Blackwing - Harmattan the Dust,Effect Monster,Winged Beast,800,800,2,DARK,Blackwing
Blackwing - Hillen the Tengu-wind,Tuner Monster,Winged Beast,0,2300,5,DARK,Blackwing
Blackwing - Hurricane the Tornado,Tuner Monster,Winged Beast,0,0,1,DARK,Blackwing
Blackwing - Jetstream the Blue Sky,Effect Monster,Winged Beast,100,800,1,DARK,Blackwing
Blackwing - Jin the Rain Shadow,Tuner Monster,Winged Beast,600,500,1,DARK,Blackwing
Blackwing - Kalut the Moon Shadow,Effect Monster,Winged Beast,1400,1000,3,DARK,Blackwing
Blackwing - Kochi the Daybreak,Tuner Monster,Winged Beast,700,1500,4,DARK,Blackwing
Blackwing - Kogarashi the Wanderer,Tuner Monster,Winged Beast,2300,1600,6,DARK,Blackwing
Blackwing - Kris the Crack of Dawn,Effect Monster,Winged Beast,1900,300,4,DARK,Blackwing
Blackwing - Mistral the Silver Shield,Tuner Monster,Winged Beast,100,1800,2,DARK,Blackwing
Blackwing - Nothung the Starlight,Synchro Monster,Winged Beast,2400,1600,6,DARK,Blackwing
Blackwing - Oroshi the Squall,Tuner Monster,Winged Beast,400,600,1,DARK,Blackwing
Blackwing - Pinaki the Waxing Moon,Tuner Monster,Winged Beast,1200,1000,3,DARK,Blackwing
Blackwing - Shamal the Sandstorm,Tuner Monster,Winged Beast,1600,0,4,DARK,Blackwing
Blackwing - Sharnga the Waning Moon,Tuner Monster,Winged Beast,500,500,2,DARK,Blackwing
Blackwing - Shura the Blue Flame,Effect Monster,Winged Beast,1800,1200,4,DARK,Blackwing
Blackwing - Silverwind the Ascendant,Synchro Monster,Winged Beast,2800,2000,8,DARK,Blackwing
Blackwing - Simoon the Poison Wind,Effect Monster,Winged Beast,1600,2000,6,DARK,Blackwing
Blackwing - Sirocco the Dawn,Effect Monster,Winged Beast,2000,900,5,DARK,Blackwing
Blackwing - Steam the Cloak,Tuner Monster,Winged Beast,800,1200,3,DARK,Blackwing
Blackwing - Sudri the Phantom Glimmer,Effect Monster,Winged Beast,1400,1400,4,DARK,Blackwing
Blackwing - Tornado the Reverse Wind,Effect Monster,Winged Beast,1000,1200,4,DARK,Blackwing
Blackwing - Vata the Emblem of Wandering,Tuner Monster,Winged Beast,800,0,2,DARK,Blackwing
Blackwing - Vayu the Emblem of Honor,Tuner Monster,Winged Beast,800,0,1,DARK,Blackwing
Blackwing - Zephyros the Elite,Effect Monster,Winged Beast,1600,1000,4,DARK,Blackwing
Blackwing - Zonda the Dusk,Effect Monster,Winged Beast,2300,900,6,DARK,Blackwing
Blackwing Armed Wing,Synchro Monster,Winged Beast,2300,1000,6,DARK,Blackwing
Blackwing Armor Master,Synchro Monster,Winged Beast,2500,1500,7,DARK,Blackwing
Blackwing Full Armor Master,Synchro Monster,Winged Beast,3000,3000,10,DARK,Blackwing
Blackwing Tamer - Obsidian Hawk Joe,Synchro Monster,Warrior,2600,2000,7,DARK,Blackwing
Blade Armor Ninja,XYZ Monster,Warrior,2200,1000,4,WIND,Ninja
Blade Garoodia the Cubic Beast,Effect Monster,Beast,0,0,3,FIRE,Cubic
"Blizzed, Defender of the Ice Barrier",Effect Monster,Aqua,300,500,1,WATER,Ice Barrier
Bloom Diva the Melodious Choir,Fusion Monster,Fairy,1000,2000,6,LIGHT,Melodious
Bloom Harmonist the Melodious Composer,Link Monster,Fairy,1000,-1,0,LIGHT,Melodious
Bloom Prima the Melodious Choir,Fusion Monster,Fairy,1900,2000,7,LIGHT,Melodious
Blue Dragon Ninja,Effect Monster,Sea Serpent,2100,1200,5,WATER,Ninja
Blue Rose Dragon,Effect Monster,Dragon,1600,1200,4,DARK,Rose Dragon
Blue-Eyes Abyss Dragon,Effect Monster,Dragon,2500,2500,8,LIGHT,Blue-Eyes
Blue-Eyes Alternative Ultimate Dragon,Fusion Monster,Dragon,4500,3800,12,LIGHT,Blue-Eyes
Blue-Eyes Alternative White Dragon,Effect Monster,Dragon,3000,2500,8,LIGHT,Blue-Eyes
Blue-Eyes Chaos Dragon,Ritual Effect Monster,Dragon,3000,0,8,DARK,Blue-Eyes
Blue-Eyes Chaos MAX Dragon,Ritual Effect Monster,Dragon,4000,0,8,DARK,Blue-Eyes
Blue-Eyes Jet Dragon,Effect Monster,Dragon,3000,0,8,LIGHT,Blue-Eyes
Blue-Eyes Shining Dragon,Effect Monster,Dragon,3000,2500,10,LIGHT,Blue-Eyes
Blue-Eyes Solid Dragon,Effect Monster,Dragon,2500,2000,8,LIGHT,Blue-Eyes
Blue-Eyes Spirit Dragon,Synchro Monster,Dragon,2500,3000,9,LIGHT,Blue-Eyes
Blue-Eyes Toon Dragon,Toon Monster,Dragon,3000,2500,8,LIGHT,Toon
Blue-Eyes Toon Ultimate Dragon,Toon Monster,Dragon,4500,3800,12,LIGHT,Blue-Eyes
Blue-Eyes Twin Burst Dragon,Fusion Monster,Dragon,3000,2500,10,LIGHT,Blue-Eyes
Blue-Eyes Tyrant Dragon,Fusion Monster,Dragon,3400,2900,8,LIGHT,Blue-Eyes
Blue-Eyes Ultimate Dragon,Fusion Monster,Dragon,4500,3800,12,LIGHT,Blue-Eyes
Blue-Eyes Ultimate Spirit Dragon,Synchro Monster,Dragon,3500,4000,12,LIGHT,Blue-Eyes
Blue-Eyes White Dragon,Normal Monster,Dragon,3000,2500,8,LIGHT,Blue-Eyes
"Blue-Eyes White Dragon, the White Phantom Beast",Effect Monster,Dragon,3000,2500,8,LIGHT,Blue-Eyes
"Bluebeard, the Plunder Patroll Shipwright",Effect Monster,Fiend,500,1000,4,WATER,Plunder Patroll
Bolt Penguin,Normal Monster,Thunder,1100,800,3,WATER,Penguin
Bone Archfiend,Effect Monster,Fiend,1800,0,4,DARK,Archfiend
Booster Dragon,Link Monster,Dragon,1900,-1,0,DARK,Rokket
Boot-Up Soldier - Dread Dynamo,Effect Monster,Machine,0,2000,4,EARTH,Gadget
Borrelcode Dragon,Link Monster,Dragon,2500,-1,0,DARK,Borrel
Borrelend Dragon,Link Monster,Dragon,3500,-1,0,DARK,Borrel
Borrelguard Dragon,Link Monster,Dragon,3000,-1,0,DARK,Borrel
Borreload Dragon,Link Monster,Dragon,3000,-1,0,DARK,Borrel
Borreload eXcharge Dragon,XYZ Monster,Dragon,3000,2500,4,DARK,Borrel
Borreload Fatalflare Dragon,Fusion Monster,Dragon,2500,2000,8,DARK,Borrel
Borreload Furious Dragon,Fusion Monster,Dragon,3000,2500,8,DARK,Borrel
Borreload Liberator Dragon,Link Monster,Dragon,3000,-1,0,DARK,Borrel
Borreload Riot Dragon,Ritual Effect Monster,Dragon,3000,2500,8,DARK,Borrel
Borreload Savage Dragon,Synchro Monster,Dragon,3000,2500,8,DARK,Borrel
Borrelshroud Dragon,Link Monster,Dragon,3500,-1,0,DARK,Borrel
Borrelsword Dragon,Link Monster,Dragon,3000,-1,0,DARK,Borrel
Bramble Rose Dragon,Synchro Monster,Plant,2400,1800,7,FIRE,Rose
"Bravo, Fighter Fur Hire",Effect Monster,Reptile,1900,200,4,FIRE,Fur Hire
Breachborrel Dragon,Link Monster,Dragon,1200,-1,0,DARK,Borrel
Bri Synchron,Tuner Monster,Machine,1500,1100,4,EARTH,Synchron
Brilliant Rose,Effect Monster,Rock,500,500,2,LIGHT,Gem-
"Brionac, Dragon of the Ice Barrier",Synchro Monster,Sea Serpent,2300,1400,6,WATER,Ice Barrier
Brotherhood of the Fire Fist - Bear,Effect Monster,Beast-Warrior,1600,1200,4,FIRE,Fire Fist
Brotherhood of the Fire Fist - Boar,Tuner Monster,Beast-Warrior,1100,1400,4,FIRE,Fire Fist
Brotherhood of the Fire Fist - Buffalo,Effect Monster,Beast-Warrior,1700,1000,4,FIRE,Fire Fist
Brotherhood of the Fire Fist - Cardinal,XYZ Monster,Beast-Warrior,1800,2200,4,FIRE,Fire Fist
Brotherhood of the Fire Fist - Caribou,Effect Monster,Beast-Warrior,1100,2000,4,FIRE,Fire Fist
Brotherhood of the Fire Fist - Coyote,Effect Monster,Beast-Warrior,2000,500,5,FIRE,Fire Fist
Brotherhood of the Fire Fist - Dragon,Effect Monster,Beast-Warrior,1800,400,4,FIRE,Fire Fist
Brotherhood of the Fire Fist - Eagle,Link Monster,Beast-Warrior,1700,-1,0,FIRE,Fire Fist
Brotherhood of the Fire Fist - Eland,Ritual Effect Monster,Beast-Warrior,2400,2000,6,FIRE,Fire Fist
Brotherhood of the Fire Fist - Elephant,Effect Monster,Beast-Warrior,1000,1800,4,FIRE,Fire Fist
Brotherhood of the Fire Fist - Gorilla,Effect Monster,Beast-Warrior,1600,1000,4,FIRE,Fire Fist
Brotherhood of the Fire Fist - Hawk,Effect Monster,Beast-Warrior,200,1500,3,FIRE,Fire Fist
Brotherhood of the Fire Fist - Horse Prince,Synchro Monster,Beast-Warrior,2200,2200,6,FIRE,Fire Fist
Brotherhood of the Fire Fist - Kirin,Synchro Monster,Beast-Warrior,2000,2800,8,FIRE,Fire Fist
Brotherhood of the Fire Fist - Leopard,Effect Monster,Beast-Warrior,0,200,3,FIRE,Fire Fist
Brotherhood of the Fire Fist - Lion Emperor,XYZ Monster,Beast-Warrior,2200,200,3,FIRE,Fire Fist
Brotherhood of the Fire Fist - Panda,Effect Monster,Beast-Warrior,2100,400,5,FIRE,Fire Fist
Brotherhood of the Fire Fist - Peacock,Link Monster,Beast-Warrior,1000,-1,0,FIRE,Fire Fist
Brotherhood of the Fire Fist - Ram,Effect Monster,Beast-Warrior,800,200,3,FIRE,Fire Fist
Brotherhood of the Fire Fist - Raven,Effect Monster,Beast-Warrior,200,1800,3,FIRE,Fire Fist
Brotherhood of the Fire Fist - Rhino,Effect Monster,Beast-Warrior,1700,1400,4,FIRE,Fire Fist
Brotherhood of the Fire Fist - Rooster,Effect Monster,Beast-Warrior,1500,100,3,FIRE,Fire Fist
Brotherhood of the Fire Fist - Snake,Effect Monster,Beast-Warrior,1800,600,4,FIRE,Fire Fist
Brotherhood of the Fire Fist - Spirit,Tuner Monster,Beast-Warrior,500,200,3,FIRE,Fire Fist
Brotherhood of the Fire Fist - Swallow,Effect Monster,Beast-Warrior,2000,800,5,FIRE,Fire Fist
Brotherhood of the Fire Fist - Swan,Fusion Monster,Beast-Warrior,2600,2200,8,FIRE,Fire Fist
Brotherhood of the Fire Fist - Tiger King,XYZ Monster,Beast-Warrior,2200,1800,4,FIRE,Fire Fist
Brotherhood of the Fire Fist - Wolf,Effect Monster,Beast-Warrior,0,1900,3,FIRE,Fire Fist
"Broww, Huntsman of Dark World",Effect Monster,Fiend,1400,800,3,DARK,Dark World
"Brron, Mad King of Dark World",Effect Monster,Fiend,1800,400,4,DARK,Dark World
Bujin Arasuda,Effect Monster,Beast-Warrior,1600,1900,4,LIGHT,Bujin
Bujin Hiruko,Pendulum Normal Monster,Beast-Warrior,1000,2000,4,LIGHT,Bujin
Bujin Hirume,Effect Monster,Beast-Warrior,2000,1000,4,LIGHT,Bujin
Bujin Mahitotsu,Effect Monster,Beast-Warrior,0,1800,4,LIGHT,Bujin
Bujin Mikazuchi,Effect Monster,Beast-Warrior,1900,1500,4,LIGHT,Bujin
Bujin Torifune,Effect Monster,Beast-Warrior,1500,500,4,LIGHT,Bujin
Bujin Yamato,Effect Monster,Beast-Warrior,1800,200,4,LIGHT,Bujin
Bujingi Boar,Effect Monster,Beast,1100,1900,4,LIGHT,Bujin
Bujingi Centipede,Effect Monster,Beast,1700,500,4,LIGHT,Bujin
Bujingi Crane,Effect Monster,Winged Beast,1600,300,4,LIGHT,Bujin
Bujingi Crow,Effect Monster,Winged Beast,1700,800,4,LIGHT,Bujin
Bujingi Fox,Effect Monster,Beast,200,2100,4,LIGHT,Bujin
Bujingi Hare,Effect Monster,Beast,1700,500,4,LIGHT,Bujin
Bujingi Ibis,Effect Monster,Winged Beast,1600,300,4,LIGHT,Bujin
Bujingi Ophidian,Effect Monster,Winged Beast,1700,500,4,LIGHT,Bujin
Bujingi Pavo,Effect Monster,Winged Beast,1700,800,4,LIGHT,Bujin
Bujingi Peacock,Effect Monster,Winged Beast,1800,700,4,LIGHT,Bujin
Bujingi Quilin,Effect Monster,Beast,1600,900,4,LIGHT,Bujin
Bujingi Raven,Effect Monster,Winged Beast,1600,900,4,LIGHT,Bujin
Bujingi Sinyou,Effect Monster,Beast,1500,1000,4,LIGHT,Bujin
Bujingi Swallow,Effect Monster,Winged Beast,1700,800,4,LIGHT,Bujin
Bujingi Turtle,Effect Monster,Beast,1700,1200,4,LIGHT,Bujin
Bujingi Warg,Effect Monster,Beast,1200,1900,4,LIGHT,Bujin
Bujingi Wolf,Effect Monster,Beast,1100,2000,4,LIGHT,Bujin
Bujinki Ahashima,Link Monster,Beast-Warrior,1500,-1,0,LIGHT,Bujin
Bujinki Amaterasu,XYZ Monster,Beast-Warrior,2600,2500,4,LIGHT,Bujin
Bujintei Kagutsuchi,XYZ Monster,Beast-Warrior,2500,2000,4,LIGHT,Bujin
Bujintei Susanowo,XYZ Monster,Beast-Warrior,2400,1600,4,LIGHT,Bujin
Bujintei Tsukuyomi,XYZ Monster,Beast-Warrior,1800,2300,4,LIGHT,Bujin
Bururu @Ignister,Tuner Monster,Cyberse,600,1000,3,WIND,@Ignister
Buster Gundil the Cubic Behemoth,Effect Monster,Beast,0,0,4,LIGHT,Cubic
C-Crush Wyvern,Union Effect Monster,Machine,1200,2000,4,LIGHT,ABC
"Caam, Serenity of Gusto",Effect Monster,Psychic,1700,1100,4,WIND,Gusto
"Cagna, Malebranche of the Burning Abyss",Effect Monster,Fiend,1500,300,3,DARK,Burning Abyss
Caius the Mega Monarch,Effect Monster,Fiend,2800,1000,8,DARK,Monarch
Caius the Shadow Monarch,Effect Monster,Fiend,2400,1000,6,DARK,Monarch
"Calcab, Malebranche of the Burning Abyss",Effect Monster,Fiend,1400,0,3,DARK,Burning Abyss
Cannonball Spear Shellfish,Effect Monster,Aqua,1000,1000,2,WATER,Umi
Canon the Melodious Diva,Effect Monster,Fairy,1400,2000,4,LIGHT,Melodious
Capricious Darklord,Effect Monster,Fairy,0,1600,4,DARK,Darklord
Caravan of the Ice Barrier,Effect Monster,Sea Serpent,500,200,1,WATER,Ice Barrier
Carrierroid,Effect Monster,Machine,1000,800,4,WATER,Roid
Catapult Warrior,Synchro Monster,Warrior,1000,1500,5,EARTH,Junk
Catch of the Day,Skill Card,Mako,-1,-1,0,NONE,Umi
"Celestia, Lightsworn Angel",Effect Monster,Fairy,2300,200,5,LIGHT,Lightsworn
Centerfrog,Effect Monster,Aqua,100,2000,2,WATER,Frog
Ceremonial Token,Token,Rock,-1,-1,0,NONE,Earthbound
Cerulean Sacred Phoenix of Nephthys,Ritual Effect Monster,Winged Beast,3000,1000,8,FIRE,Nephthys
"Ceruli, Guru of Dark World",Effect Monster,Fiend,100,300,1,DARK,Dark World
Chain Resonator,Tuner Monster,Fiend,100,100,1,LIGHT,Resonator
Chamber Dragonmaid,Effect Monster,Dragon,500,1800,4,DARK,Dragonmaid
Chamberlain of the Six Samurai,Normal Monster,Warrior,200,2000,3,EARTH,Six Samurai
Changer Synchron,Tuner Monster,Machine,0,0,1,DARK,Synchron
"Chaofeng, Phantom of the Yang Zing",Synchro Monster,Wyrm,2800,2200,9,LIGHT,Yang Zing
Chaos Ancient Gear Giant,Fusion Monster,Machine,4500,3000,10,DARK,Ancient Gear
Chaos Angel,Synchro Monster,Fiend,3500,2800,10,DARK,Chaos
Chaos Archfiend,Synchro Monster,Fiend,2500,1800,8,DARK,Chaos
Chaos Beast,Synchro Monster,Fiend,2000,1800,6,DARK,Chaos
Chaos Betrayer,Effect Monster,Fiend,2000,2000,6,DARK,Chaos
Chaos Command Magician,Effect Monster,Spellcaster,2400,1900,6,LIGHT,Chaos
Chaos Daedalus,Effect Monster,Sea Serpent,2600,1500,7,DARK,Chaos
Chaos Emperor Dragon - Envoy of the End,Effect Monster,Dragon,3000,2500,8,DARK,Chaos
"Chaos Emperor, the Dragon of Armageddon",Pendulum Effect Monster,Dragon,3000,2500,8,DARK,Chaos
Chaos End Ruler - Ruler of the Beginning and the End,Effect Monster,Warrior,3500,2000,10,LIGHT,Chaos
Chaos Goddess,Synchro Monster,Fairy,2500,1800,8,LIGHT,Chaos
Chaos Grepher,Effect Monster,Warrior,1700,1600,4,LIGHT,Chaos
Chaos Hunter,Effect Monster,Fiend,2500,1600,7,DARK,Chaos
Chaos King Archfiend,Synchro Monster,Fiend,2600,2600,7,DARK,Archfiend
Chaos Mirage Dragon,Tuner Monster,Wyrm,1600,600,4,LIGHT,Chaos
Chaos Necromancer,Effect Monster,Fiend,0,0,1,DARK,Chaos
Chaos Nephthys,Effect Monster,Winged Beast,2400,1600,8,DARK,Chaos
"Chaos Ruler, the Chaotic Magical Dragon",Synchro Monster,Dragon,3000,2500,8,DARK,Chaos
Chaos Sorcerer,Effect Monster,Spellcaster,2300,2000,6,DARK,Chaos
Chaos Valkyria,Effect Monster,Fairy,1800,1050,4,LIGHT,Chaos
Chaos Witch,Effect Monster,Spellcaster,1500,1500,4,DARK,Chaos
Chaos-End Master,Tuner Monster,Warrior,1500,1000,3,LIGHT,Chaos
Chaosrider Gustaph,Effect Monster,Warrior,1400,1500,4,WIND,Chaos
Charging Gaia the Fierce Knight,Effect Monster,Warrior,2300,2100,7,LIGHT,Gaia The Fierce Knight
Charioteer of Prophecy,Effect Monster,Spellcaster,1800,1300,4,WIND,Spellbook
Charm of Shabti,Effect Monster,Rock,100,100,1,EARTH,Gravekeeper's
Charmer Quartet in Bloom,Link Monster,Spellcaster,1850,-1,0,LIGHT,Charmer
Charmers of the Grand Circle,Fusion Monster,Spellcaster,1850,1500,6,LIGHT,Charmer
Charming Resort Staff,Effect Monster,Fairy,300,200,3,LIGHT,SPYRAL
"Cherubini, Ebon Angel of the Burning Abyss",Link Monster,Fairy,500,-1,0,DARK,Burning Abyss
"Chiwen, Light of the Yang Zing",Tuner Monster,Wyrm,0,0,1,LIGHT,Yang Zing
Chosen by the World Chalice,Normal Monster,Psychic,1600,0,3,FIRE,World Chalice
Chronicler of Nephthys,Effect Monster,Spellcaster,300,1200,2,WIND,Nephthys
Chronograph Sorcerer,Pendulum Effect Monster,Spellcaster,2000,1700,6,DARK,Magician
Chronomaly Acambaro Figures,Effect Monster,Rock,1000,1800,5,EARTH,Chronomaly
Chronomaly Aztec Mask Golem,Effect Monster,Rock,1500,1000,4,EARTH,Chronomaly
Chronomaly Cabrera Trebuchet,Effect Monster,Rock,0,1800,4,EARTH,Chronomaly
Chronomaly Colossal Head,Effect Monster,Rock,800,1600,4,EARTH,Chronomaly
Chronomaly Crystal Bones,Effect Monster,Rock,1300,400,3,LIGHT,Chronomaly
Chronomaly Crystal Chrononaut,XYZ Monster,Psychic,2100,1000,3,LIGHT,Chronomaly
Chronomaly Crystal Skull,Effect Monster,Rock,900,600,3,LIGHT,Chronomaly
Chronomaly Golden Jet,Effect Monster,Machine,1300,1400,4,LIGHT,Chronomaly
Chronomaly Gordian Knot,Effect Monster,Rock,300,900,3,EARTH,Chronomaly
Chronomaly Magella Globe,Effect Monster,Machine,1500,300,4,LIGHT,Chronomaly
Chronomaly Mayan Machine,Effect Monster,Machine,1500,700,3,EARTH,Chronomaly
Chronomaly Moai,Effect Monster,Rock,1800,1600,5,EARTH,Chronomaly
Chronomaly Moai Carrier,Effect Monster,Rock,900,1800,5,EARTH,Chronomaly
Chronomaly Mud Golem,Effect Monster,Rock,1700,1000,4,EARTH,Chronomaly
Chronomaly Nebra Disk,Effect Monster,Machine,1800,1500,4,LIGHT,Chronomaly
Chronomaly Sol Monolith,Effect Monster,Rock,600,600,6,EARTH,Chronomaly
Chronomaly Tula Guardian,Effect Monster,Rock,1800,900,5,EARTH,Chronomaly
Chronomaly Tuspa Rocket,Effect Monster,Rock,1000,1000,4,EARTH,Chronomaly
Chronomaly Vimana,XYZ Monster,Machine,2300,2600,5,LIGHT,Chronomaly
Chronomaly Winged Sphinx,Effect Monster,Rock,1600,1900,5,EARTH,Chronomaly
Cipher Biplane,Effect Monster,Machine,1000,2000,6,LIGHT,Cipher
Cipher Etranger,Effect Monster,Spellcaster,0,0,1,LIGHT,Cipher
Cipher Mirror Knight,Effect Monster,Warrior,0,0,4,LIGHT,Cipher
Cipher Soldier,Effect Monster,Machine,1350,1800,3,EARTH,Cipher
Cipher Twin Raptor,Effect Monster,Machine,1600,800,4,LIGHT,Cipher
Cipher Wing,Effect Monster,Machine,1400,1200,4,LIGHT,Cipher
"Cir, Malebranche of the Burning Abyss",Effect Monster,Fiend,1600,1200,3,DARK,Burning Abyss
Citadel Whale,Effect Monster,Fish,2350,2150,7,WATER,Umi
Clear Kuriboh,Effect Monster,Fairy,300,200,1,LIGHT,Kuriboh
Clock Resonator,Tuner Monster,Fiend,1200,600,3,EARTH,Resonator
"Clorless, Chaos King of Dark World",Fusion Monster,Fiend,-1,-1,12,DARK,Dark World
Cloudian - Acid Cloud,Effect Monster,Fairy,500,0,4,WATER,Cloudian
Cloudian - Altus,Effect Monster,Fairy,1300,0,4,WATER,Cloudian
Cloudian - Cirrostratus,Effect Monster,Fairy,900,0,4,WATER,Cloudian
Cloudian - Eye of the Typhoon,Effect Monster,Aqua,3000,1000,8,WIND,Cloudian
Cloudian - Ghost Fog,Effect Monster,Fiend,0,0,1,WATER,Cloudian
Cloudian - Nimbusman,Effect Monster,Fairy,1000,1000,5,WATER,Cloudian
Cloudian - Poison Cloud,Effect Monster,Fiend,0,1000,3,WATER,Cloudian
Cloudian - Sheep Cloud,Effect Monster,Fairy,0,0,1,WATER,Cloudian
Cloudian - Smoke Ball,Normal Monster,Fairy,200,600,1,WATER,Cloudian
Cloudian - Storm Dragon,Effect Monster,Fairy,1000,0,4,WATER,Cloudian
Cloudian - Turbulence,Effect Monster,Fairy,800,0,4,WATER,Cloudian
Cloudian Token,Token,Fairy,-1,-1,0,NONE,Cloudian
Codarus,Effect Monster,Sea Serpent,1400,1200,4,WATER,Umi
Code Exporter,Effect Monster,Cyberse,500,2300,5,WIND,Code Talker
Code Generator,Effect Monster,Cyberse,1300,500,3,EARTH,Code Talker
Code Radiator,Effect Monster,Cyberse,1600,800,4,WATER,Code Talker
Code Talker,Link Monster,Cyberse,1300,-1,0,DARK,Code Talker
Code Talker Inverted,Link Monster,Cyberse,1300,-1,0,LIGHT,Code Talker
Colossal Fighter/Assault Mode,Effect Monster,Warrior,3300,1500,10,DARK,Assault Mode
Combined Maneuver - Engage Zero!,Link Monster,Machine,1500,-1,0,LIGHT,Sky Striker
Commander Covington,Effect Monster,Machine,1000,600,4,EARTH,Machina
Condemned Darklord,Link Monster,Fairy,1600,-1,0,DARK,Darklord
Conductor of Nephthys,Ritual Effect Monster,Spellcaster,2000,0,2,WIND,Nephthys
Constellar Acubens,Effect Monster,Machine,800,2000,4,LIGHT,Constellar
Constellar Aldebaran,Effect Monster,Beast-Warrior,1300,800,3,LIGHT,Constellar
Constellar Algiedi,Effect Monster,Spellcaster,1600,1400,4,LIGHT,Constellar
Constellar Alrescha,Effect Monster,Warrior,2200,1200,6,LIGHT,Constellar
Constellar Antares,Effect Monster,Machine,2400,900,6,LIGHT,Constellar
Constellar Caduceus,Effect Monster,Spellcaster,1600,1550,4,LIGHT,Constellar
Constellar Castor,Effect Monster,Fairy,1700,600,4,LIGHT,Constellar
Constellar Hyades,XYZ Monster,Beast-Warrior,1900,1100,3,LIGHT,Constellar
Constellar Kaus,Effect Monster,Beast-Warrior,1800,700,4,LIGHT,Constellar
Constellar Leonis,Effect Monster,Beast,1000,1800,3,LIGHT,Constellar
Constellar Omega,XYZ Monster,Beast-Warrior,2400,500,4,LIGHT,Constellar
Constellar Pleiades,XYZ Monster,Warrior,2500,1500,5,LIGHT,Constellar
Constellar Pollux,Effect Monster,Warrior,1700,600,4,LIGHT,Constellar
Constellar Praesepe,XYZ Monster,Machine,2400,800,4,LIGHT,Constellar
Constellar Ptolemy M7,XYZ Monster,Machine,2700,2000,6,LIGHT,Constellar
Constellar Rasalhague,Effect Monster,Spellcaster,900,100,2,LIGHT,Constellar
Constellar Sheratan,Effect Monster,Beast,700,1900,3,LIGHT,Constellar
Constellar Siat,Effect Monster,Fairy,100,1600,1,LIGHT,Constellar
Constellar Sombre,Effect Monster,Fairy,1550,1600,4,LIGHT,Constellar
Constellar Virgo,Effect Monster,Fairy,2300,1600,5,LIGHT,Constellar
Constellar Zubeneschamali,Effect Monster,Machine,2100,1400,5,LIGHT,Constellar
Construction Train Signal Red,Effect Monster,Machine,1000,1300,3,EARTH,Train
Contrast HERO Chaos,Fusion Monster,Warrior,3000,2600,9,DARK,Elemental HERO
Core of Chaos,Tuner Monster,Thunder,0,1600,2,LIGHT,Chaos
Corroding Shark,Normal Monster,Zombie,1100,700,3,DARK,Shark
Cosmic Fortress Gol'gar,Synchro Monster,Reptile,2600,1800,5,LIGHT,Alien
Cosmic Horror Gangi'el,Effect Monster,Reptile,2600,2000,7,LIGHT,Alien
Cosmic Slicer Zer'oll,Link Monster,Reptile,2600,-1,0,LIGHT,Alien
Couplet the Melodious Songstress,Pendulum Effect Monster,Fairy,1200,2000,5,LIGHT,Melodious
Creation Resonator,Tuner Monster,Fiend,800,600,3,WIND,Resonator
Crimson Knight Vampire Bram,XYZ Monster,Zombie,2500,0,5,DARK,Vampire
Crimson Ninja,Flip Effect Monster,Warrior,300,300,1,EARTH,Ninja
Crimson Nova the Dark Cubic Lord,Effect Monster,Fiend,3000,0,10,DARK,Cubic
Crimson Nova Trinity the Dark Cubic Lord,Fusion Monster,Fiend,4500,3000,10,DARK,Cubic
Crimson Resonator,Tuner Monster,Fiend,800,300,2,DARK,Resonator
Crossmind Archfiend,Synchro Monster,Psychic,2500,2800,8,DARK,Archfiend
Crossrose Dragon,Link Monster,Dragon,800,-1,0,DARK,Rose Dragon
Crow Goblin,Normal Monster,Winged Beast,1850,1600,5,WIND,Recolored counterpart
"Crowley, the First Propheseer",Link Monster,Spellcaster,1000,-1,0,DARK,Spellbook
"Crowley, the Gifted Magistus",Effect Monster,Spellcaster,1800,1000,4,DARK,Magistus
"Crowley, the Magistus of Grimoires",Effect Monster,Spellcaster,1800,1000,4,DARK,Magistus
Crowned by the World Chalice,Normal Monster,Spellcaster,0,2100,2,WATER,World Chalice
Crusader of Endymion,Gemini Monster,Spellcaster,1900,1200,4,LIGHT,Endymion
Cryomancer of the Ice Barrier,Tuner Monster,Aqua,1300,0,2,WATER,Ice Barrier
Crystal Beast Amber Mammoth,Effect Monster,Beast,1700,1600,4,EARTH,Crystal Beast
Crystal Beast Amethyst Cat,Effect Monster,Beast,1200,400,3,EARTH,Crystal Beast
Crystal Beast Cobalt Eagle,Effect Monster,Winged Beast,1400,800,4,WIND,Crystal Beast
Crystal Beast Emerald Tortoise,Effect Monster,Aqua,600,2000,3,WATER,Crystal Beast
Crystal Beast Rainbow Dragon,Effect Monster,Dragon,3000,0,8,LIGHT,Crystal Beast
Crystal Beast Ruby Carbuncle,Effect Monster,Fairy,300,300,3,LIGHT,Crystal Beast
Crystal Beast Sapphire Pegasus,Effect Monster,Beast,1800,1200,4,WIND,Crystal Beast
Crystal Beast Topaz Tiger,Effect Monster,Beast,1600,1000,4,EARTH,Crystal Beast
Crystal Keeper,Pendulum Effect Monster,Warrior,1500,1800,4,FIRE,Crystal Beast
Crystal Master,Pendulum Effect Monster,Spellcaster,1300,1000,3,DARK,Crystal Beast
Crystal Rose,Effect Monster,Rock,500,500,2,LIGHT,Gem-
Crystal Shark,Effect Monster,Fish,1100,800,5,WATER,Shark
Crystron Ametrix,Synchro Monster,Machine,2500,1500,5,WATER,Crystron
Crystron Citree,Tuner Monster,Machine,500,500,2,WATER,Crystron
Crystron Eleskeletus,Synchro Monster,Machine,2600,2100,7,WATER,Crystron
Crystron Halqifibrax,Link Monster,Machine,1500,-1,0,WATER,Crystron
Crystron Halqifibrax Prism,Link Monster,Machine,1500,-1,0,WATER,Crystron
Crystron Phoenix,Synchro Monster,Machine,2800,2000,9,WATER,Crystron
Crystron Prasiortle,Effect Monster,Machine,500,2000,2,WATER,Crystron
Crystron Quan,Tuner Monster,Machine,500,500,1,WATER,Crystron
Crystron Quandax,Synchro Tuner Monster,Machine,1800,2000,4,WATER,Crystron
Crystron Quariongandrax,Synchro Monster,Machine,3000,3000,9,WATER,Crystron
Crystron Rion,Tuner Monster,Machine,500,500,3,WATER,Crystron
Crystron Rosenix,Effect Monster,Machine,1800,1000,4,WATER,Crystron
Crystron Smiger,Effect Monster,Machine,1000,1800,3,WATER,Crystron
Crystron Sulfador,Effect Monster,Machine,1900,2250,5,WATER,Crystron
Crystron Sulfefnir,Effect Monster,Machine,2000,1500,5,WATER,Crystron
Crystron Thystvern,Effect Monster,Machine,1500,1500,3,WATER,Crystron
Crystron Token,Token,Machine,-1,-1,0,NONE,Crystron
Crystron Tristaros,Tuner Monster,Machine,800,2000,2,WATER,Crystron
"Curious, the Lightsworn Dominion",Link Monster,Warrior,2400,-1,0,LIGHT,Lightsworn
Curse of Dragon,Normal Monster,Dragon,2000,1500,5,DARK,Gaia The Fierce Knight
"Curse of Dragon, the Cursed Dragon",Effect Monster,Dragon,2000,1500,5,DARK,Gaia The Fierce Knight
Cursed Fire King Doom Burst,Effect Monster,Fiend,1600,800,3,FIRE,Fire King
Cutter Shark,Effect Monster,Fish,0,2000,5,WATER,Shark
CXyz Mechquipped Djinn Angeneral,XYZ Monster,Fairy,2600,1600,4,DARK,Djinn
Cyber Archfiend,Effect Monster,Fiend,1000,2000,4,DARK,Archfiend
Cyber Blade Fusion,Skill Card,Alexis Rhodes,-1,-1,0,NONE,Cyber
Cyber Dragon,Effect Monster,Machine,2100,1600,5,LIGHT,Cyber Dragon
Cyber Dragon Core,Effect Monster,Machine,400,1500,2,LIGHT,Cyber Dragon
Cyber Dragon Drei,Effect Monster,Machine,1800,800,4,LIGHT,Cyber Dragon
Cyber Dragon Herz,Effect Monster,Machine,100,100,1,LIGHT,Cyber Dragon
Cyber Dragon Infinity,XYZ Monster,Machine,2100,1600,6,LIGHT,Cyber Dragon
Cyber Dragon Nachster,Effect Monster,Machine,200,200,1,LIGHT,Cyber Dragon
Cyber Dragon Nova,XYZ Monster,Machine,2100,1600,5,LIGHT,Cyber Dragon
Cyber Dragon Sieger,Link Monster,Machine,2100,-1,0,LIGHT,Cyber Dragon
Cyber Dragon Vier,Effect Monster,Machine,1100,1600,4,LIGHT,Cyber Dragon
Cyber Dragon Zwei,Effect Monster,Machine,1500,1000,4,LIGHT,Cyber Dragon
Cyber End Dragon the Decisive Strike Dragon,Fusion Monster,Machine,4000,2800,10,LIGHT,Cyber
Cyber Eternity Dragon,Fusion Monster,Machine,2800,4000,10,LIGHT,Cyber Dragon
Cyber Harpie Lady,Effect Monster,Winged Beast,1800,1300,4,WIND,Harpie
Cyber Jormungardr,Effect Monster,Machine,1000,2100,5,LIGHT,Cyber
Cyber Laser Dragon,Effect Monster,Machine,2400,1800,7,LIGHT,Photon
Cyber Pharos,Effect Monster,Machine,0,2100,1,LIGHT,Cyber Dragon
Cyber Slash Harpie Lady,Synchro Monster,Winged Beast,2600,1400,8,WIND,Harpie
Cyberdark Cannon,Effect Monster,Dragon,1600,800,3,DARK,Cyberdark
Cyberdark Chimera,Effect Monster,Machine,800,2100,4,DARK,Cyberdark
Cyberdark Claw,Effect Monster,Dragon,1600,800,3,DARK,Cyberdark
Cyberdark Dragon,Fusion Monster,Machine,1000,1000,8,DARK,Cyberdark
Cyberdark Edge,Effect Monster,Machine,800,800,4,DARK,Cyberdark
Cyberdark End Dragon,Fusion Monster,Machine,5000,3800,12,DARK,Cyberdark
Cyberdark Horn,Effect Monster,Machine,800,800,4,DARK,Cyberdark
Cyberdark Keel,Effect Monster,Machine,800,800,4,DARK,Cyberdark
Cyberdark Style (Skill Card),Skill Card,Zane Truesdal,-1,-1,0,NONE,Cyberdark
Cyberdark Wurm,Effect Monster,Machine,800,2100,5,DARK,Cyber
Cyberdarkness Dragon,Fusion Monster,Machine,2000,2000,10,DARK,Cyberdark
Cyberse Code Magician,Ritual Effect Monster,Cyberse,2500,2000,7,DARK,Cyber
Cyberse Contract Witch,Link Monster,Cyberse,800,-1,0,DARK,Cyber
Cyberse Desavewurm,Fusion Monster,Cyberse,2300,1500,6,DARK,Cyber
Cyberse Gadget,Effect Monster,Cyberse,1400,300,4,LIGHT,Gadget
Cyberse Sage,Ritual Effect Monster,Cyberse,0,0,1,DARK,Cyber
Cyberse Synchron,Tuner Monster,Cyberse,100,100,1,DARK,Synchron
Cyclamen the Rikka Fairy,Effect Monster,Plant,1800,800,4,WATER,Rikka
Cycroid,Normal Monster,Machine,800,1000,3,EARTH,Roid
D Cubed,Effect Monster,Machine,0,0,1,DARK,Destiny HERO
D.3.S. Frog,Fusion Monster,Aqua,2500,2000,8,WATER,Frog
D.D. Assailant,Effect Monster,Warrior,1700,1600,4,EARTH,D.D.
D.D. Assault Carrier,Effect Monster,Machine,2500,2500,8,DARK,D.D.
D.D. Crazy Beast,Effect Monster,Beast,1400,1400,3,EARTH,D.D.
D.D. Crow,Effect Monster,Winged Beast,100,100,1,DARK,D.D.
D.D. Destroyer,Effect Monster,Warrior,1000,1000,4,EARTH,D.D.
D.D. Esper Star Sparrow,Effect Monster,Warrior,3000,1500,10,LIGHT,D.D.
D.D. Guide,Effect Monster,Warrior,1400,1000,4,DARK,D.D.
D.D. Jet Iron,Effect Monster,Machine,4000,0,10,LIGHT,D.D.
D.D. Patrol Plane,Effect Monster,Machine,1200,800,3,DARK,D.D.
D.D. Scout Plane,Effect Monster,Machine,800,1200,2,DARK,D.D.
D.D. Seeker,Effect Monster,Psychic,1500,800,3,DARK,D.D.
D.D. Sprite,Tuner Monster,Fairy,0,100,1,LIGHT,D.D.
D.D. Survivor,Effect Monster,Warrior,1800,200,4,DARK,D.D.
D.D. Telepon,Effect Monster,Psychic,500,1800,2,EARTH,D.D.
D.D. Trainer,Normal Monster,Fiend,100,2000,1,DARK,D.D.
D.D. Unicorn Knight,Effect Monster,Warrior,1800,900,4,LIGHT,D.D.
D.D. Warrior,Effect Monster,Warrior,1200,1000,4,EARTH,D.D.
D.D. Warrior Lady,Effect Monster,Warrior,1500,1600,4,LIGHT,D.D.
D.D.M. - Different Dimension Master,Effect Monster,Spellcaster,1700,1500,5,LIGHT,D.D.
D/D Ark,Pendulum Effect Monster,Fiend,0,2000,4,DARK,D/D
D/D Berfomet,Effect Monster,Fiend,1400,1800,4,DARK,D/D
D/D Cerberus,Pendulum Effect Monster,Fiend,1800,600,4,DARK,D/D
D/D Count Surveyor,Pendulum Effect Monster,Fiend,2000,2000,8,DARK,D/D
D/D Defense Soldier,Effect Monster,Fiend,0,1800,4,DARK,D/D
D/D Dog,Pendulum Effect Monster,Fiend,2000,2000,6,DARK,D/D
D/D Evil,Pendulum Effect Monster,Fiend,2000,0,4,DARK,D/D
D/D Extra Surveyor,Pendulum Effect Monster,Fiend,1000,0,5,DARK,D/D
D/D Ghost,Tuner Monster,Fiend,600,300,2,DARK,D/D
D/D Gryphon,Pendulum Effect Monster,Fiend,1200,1200,4,DARK,D/D
D/D Lamia,Tuner Monster,Fiend,100,1900,1,DARK,D/D
D/D Lance Soldier,Tuner Monster,Fiend,400,400,2,DARK,D/D
D/D Lilith,Effect Monster,Fiend,100,2100,4,DARK,D/D
D/D Necro Slime,Effect Monster,Fiend,300,300,1,DARK,D/D
D/D Nighthowl,Tuner Monster,Fiend,300,600,3,DARK,D/D
D/D Orthros,Pendulum Tuner Effect Monster,Fiend,600,1800,4,DARK,D/D
D/D Pandora,Effect Monster,Fiend,1700,2100,5,DARK,D/D
D/D Proud Chevalier,Pendulum Effect Monster,Fiend,2000,700,5,DARK,D/D
D/D Proud Ogre,Pendulum Effect Monster,Fiend,2300,1500,6,DARK,D/D
D/D Savant Copernicus,Pendulum Effect Monster,Fiend,0,0,4,DARK,D/D
D/D Savant Galilei,Pendulum Effect Monster,Fiend,0,0,10,DARK,D/D
D/D Savant Kepler,Pendulum Effect Monster,Fiend,0,0,1,DARK,D/D
D/D Savant Newton,Pendulum Effect Monster,Fiend,0,0,7,DARK,D/D
D/D Savant Nikola,Pendulum Effect Monster,Fiend,2000,2000,6,DARK,D/D
D/D Savant Thomas,Pendulum Effect Monster,Fiend,1800,2600,8,DARK,D/D
D/D Scale Surveyor,Pendulum Effect Monster,Fiend,0,1000,2,DARK,D/D
D/D Swirl Slime,Effect Monster,Fiend,200,200,2,DARK,D/D
D/D Vice Typhon,Effect Monster,Fiend,2300,2800,7,DARK,D/D
D/D/D Abyss King Gilgamesh,Link Monster,Fiend,1800,-1,0,DARK,D/D
D/D/D Alfred the Divine Sage King,Fusion Monster,Fiend,1500,2000,6,DARK,D/D
D/D/D Chaos King Apocalypse,Pendulum Effect Monster,Fiend,2700,2000,7,DARK,D/D
D/D/D Cursed King Siegfried,Synchro Monster,Fiend,2800,2200,8,DARK,D/D
D/D/D Destiny King Zero Laplace,Pendulum Effect Monster,Fiend,-1,0,10,DARK,D/D
D/D/D Deviser King Deus Machinex,XYZ Pendulum Effect Monster,Fiend,3000,3000,10,DARK,D/D
D/D/D Doom King Armageddon,Pendulum Effect Monster,Fiend,3000,1000,8,DARK,D/D
D/D/D Dragon King Pendragon,Effect Monster,Fiend,2600,2400,7,DARK,D/D
D/D/D Dragonbane King Beowulf,Fusion Monster,Fiend,3000,2500,8,DARK,D/D
D/D/D Duo-Dawn King Kali Yuga,XYZ Monster,Fiend,3500,3000,8,DARK,D/D
D/D/D First King Clovis,Synchro Monster,Fiend,2100,1900,6,DARK,D/D
D/D/D Flame High King Genghis,Fusion Monster,Fiend,2800,2400,8,FIRE,D/D
D/D/D Flame King Genghis,Fusion Monster,Fiend,2000,1500,6,FIRE,D/D
D/D/D Gust High King Alexander,Synchro Monster,Fiend,3000,2500,10,WIND,D/D
D/D/D Gust King Alexander,Synchro Monster,Fiend,2500,2000,7,WIND,D/D
D/D/D Marksman King Tell,XYZ Monster,Fiend,2300,2000,5,DARK,D/D
D/D/D Oblivion King Abyss Ragnarok,Pendulum Effect Monster,Fiend,2200,3000,8,DARK,D/D
D/D/D Oracle King d'Arc,Fusion Monster,Fiend,2800,2000,7,DARK,D/D
D/D/D Rebel King Leonidas,Pendulum Effect Monster,Fiend,2600,1200,7,DARK,D/D
D/D/D Sky King Zeus Ragnarok,Link Monster,Fiend,2200,-1,0,DARK,D/D
D/D/D Stone King Darius,XYZ Monster,Fiend,1900,1000,3,EARTH,D/D
D/D/D Super Doom King Bright Armageddon,Synchro Pendulum Effect Monster,Fiend,3500,3000,10,DARK,D/D
D/D/D Super Doom King Dark Armageddon,XYZ Pendulum Effect Monster,Fiend,3500,3000,8,DARK,D/D
D/D/D Super Doom King Purple Armageddon,Pendulum Effect Fusion Monster,Fiend,3500,3000,10,DARK,D/D
D/D/D Supersight King Zero Maxwell,Pendulum Effect Monster,Fiend,2800,2500,7,DARK,D/D
D/D/D Supreme King Kaiser,Effect Monster,Fiend,2800,2100,7,DARK,D/D
D/D/D Vice King Requiem,Pendulum Effect Monster,Fiend,2800,2000,8,DARK,D/D
D/D/D Wave High King Caesar,XYZ Monster,Fiend,2800,1800,6,WATER,D/D
D/D/D Wave King Caesar,XYZ Monster,Fiend,2400,1200,4,WATER,D/D
D/D/D Wave Oblivion King Caesar Ragnarok,Fusion Monster,Fiend,3200,3000,10,DARK,D/D
D/D/D Wise King Solomon,XYZ Monster,Fiend,1800,2500,4,DARK,D/D
D/D/D Zero Doom Queen Machinex,Pendulum Effect Monster,Fiend,3000,0,8,DARK,D/D
D/D/D/D Dimensional King Arc Crisis,Pendulum Effect Fusion Monster,Fiend,4000,4000,12,DARK,D/D
D/D/D/D Super-Dimensional Sovereign Emperor Zero Paradox,Pendulum Effect Monster,Fiend,3000,3000,12,DARK,D/D
Dai-sojo of the Ice Barrier,Effect Monster,Spellcaster,1600,2200,6,WATER,Ice Barrier
Daigusto Eguls,Synchro Monster,Psychic,2600,1800,7,WIND,Gusto
Daigusto Emeral,XYZ Monster,Rock,1800,800,4,WIND,Gusto
Daigusto Falcos,Synchro Monster,Psychic,1400,1200,4,WIND,Gusto
Daigusto Gulldos,Synchro Monster,Psychic,2200,800,5,WIND,Gusto
Daigusto Laplampilica,Synchro Monster,Psychic,1900,2600,6,WIND,Gusto
Daigusto Phoenix,XYZ Monster,Pyro,1500,1100,2,WIND,Gusto
Daigusto Sphreez,Synchro Monster,Psychic,2000,1300,6,WIND,Gusto
"Dakki, the Graceful Mayakashi",Tuner Monster,Zombie,1000,0,2,FIRE,Mayakashi
Dance Princess of the Ice Barrier,Effect Monster,Spellcaster,1700,900,4,WATER,Ice Barrier
Dance Princess of the Nekroz,Effect Monster,Spellcaster,1600,800,4,WATER,Nekroz
Danmari @Ignister,Effect Monster,Cyberse,2300,0,6,DARK,@Ignister
"Dante, Pilgrim of the Burning Abyss",Fusion Monster,Fairy,2800,2500,9,LIGHT,Burning Abyss
"Dante, Traveler of the Burning Abyss",XYZ Monster,Warrior,1000,2500,3,LIGHT,Burning Abyss
Dark Armed Dragon,Effect Monster,Dragon,2800,1000,7,DARK,Armed Dragon
Dark Armed Dragon Punisher,Effect Monster,Dragon,2800,1000,7,DARK,Armed Dragon
Dark Blade,Normal Monster,Warrior,1800,1500,4,DARK,Dark World
Dark Cavalry,Fusion Monster,Spellcaster,2800,2300,8,DARK,Dark Magician
Dark Dimension Soldier,Synchro Monster,Warrior,1200,2400,5,DARK,D.D.
Dark Eradicator Warlock,Effect Monster,Spellcaster,2500,2100,7,DARK,Dark Magician
Dark Flare Knight,Fusion Monster,Warrior,2200,800,6,DARK,Dark Magician
Dark Garnex the Cubic Beast,Effect Monster,Beast,0,0,2,EARTH,Cubic
Dark Guardian,Effect Monster,Warrior,3800,3800,12,DARK,Guardian
Dark Infant @Ignister,Link Monster,Cyberse,500,-1,0,DARK,@Ignister
Dark Jeroid,Effect Monster,Fiend,1200,1500,4,DARK,Roid
Dark Magician,Normal Monster,Spellcaster,2500,2100,7,DARK,Dark Magician
Dark Magician Girl,Effect Monster,Spellcaster,2000,1700,6,DARK,Dark Magician
Dark Magician Girl the Dragon Knight,Fusion Monster,Dragon,2600,1700,7,DARK,Dark Magician
Dark Magician Girl the Magician's Apprentice,Effect Monster,Spellcaster,2000,1700,6,DARK,Dark Magician
Dark Magician Knight,Effect Monster,Warrior,2500,2100,7,DARK,Dark Magician
Dark Magician of Chaos,Effect Monster,Spellcaster,2800,2600,8,DARK,Dark Magician
Dark Magician of Destruction,Fusion Monster,Spellcaster,2800,2600,8,DARK,Magician
Dark Magician the Dragon Knight,Fusion Monster,Dragon,3000,2500,8,DARK,Dark Magician
Dark Magician the Knight of Dragon Magic,Fusion Monster,Dragon,2900,2400,8,DARK,Dark Magician
Dark Magician the Magician of Black Magic,Effect Monster,Spellcaster,2500,2100,7,DARK,Dark Magician
"Dark Magician, the Pharaoh's Servant",Effect Monster,Spellcaster,2500,2100,7,DARK,Dark Magician
Dark Nephthys,Effect Monster,Winged Beast,2400,1600,8,DARK,Nephthys
Dark Paladin,Fusion Monster,Spellcaster,2900,2400,8,DARK,Dark Magician
Dark Rebellion Xyz Dragon of the Four Heavenly Dragons,XYZ Monster,Dragon,2500,2000,4,DARK,Phantom Knights
Dark Resonator,Tuner Monster,Fiend,1300,300,3,DARK,Resonator
Dark Sage,Effect Monster,Spellcaster,2800,3200,9,DARK,Dark Magician
Dark Simorgh,Effect Monster,Winged Beast,2700,1000,7,DARK,Simorgh
Dark Templar @Ignister,Link Monster,Cyberse,2300,-1,0,DARK,@Ignister
Darkbishop Archfiend,Effect Monster,Fiend,300,1400,3,WATER,Archfiend
Darklord Amdusc,Effect Monster,Fairy,1800,2800,6,DARK,Darklord
Darklord Asmodeus,Effect Monster,Fairy,3000,2500,8,DARK,Darklord
Darklord Desire,Effect Monster,Fairy,3000,2800,10,DARK,Darklord
Darklord Djehuty,Effect Monster,Fairy,0,0,4,DARK,Darklord
Darklord Edeh Arae,Effect Monster,Fairy,2300,2000,5,DARK,Darklord
Darklord Eveningstar,Fusion Monster,Fairy,3000,3000,12,DARK,Darklord
Darklord Gulgolet,Effect Monster,Fairy,2400,800,6,DARK,Darklord
Darklord Ixchel,Effect Monster,Fairy,2500,2900,10,DARK,Darklord
Darklord Marie,Effect Monster,Fiend,1700,1200,5,DARK,Darklord
Darklord Morningstar,Effect Monster,Fairy,3000,3000,11,DARK,Darklord
Darklord Nasten,Effect Monster,Fairy,2600,2600,7,DARK,Darklord
Darklord Nergal,Effect Monster,Fairy,2700,2500,8,DARK,Darklord
Darklord Nurse Reficule,Effect Monster,Fairy,1400,600,4,DARK,Darklord
Darklord Superbia,Effect Monster,Fairy,2900,2400,8,DARK,Darklord
Darklord Tezcatlipoca,Effect Monster,Fairy,2800,2100,9,DARK,Darklord
Darklord Ukoback,Effect Monster,Fairy,700,1000,3,DARK,Darklord
Darklord Zerato,Effect Monster,Fairy,2800,2300,8,DARK,Darklord
"Darkness Metal, the Dragon of Dark Steel",Link Monster,Dragon,2800,-1,0,DARK,Red-Eyes
Darkness Resonator,Tuner Monster,Fiend,1300,300,3,DARK,Resonator
Darktellarknight Batlamyus,XYZ Monster,Warrior,2600,550,4,DARK,Tellarknight
Darkuriboh,Effect Monster,Fiend,300,200,1,DARK,Kuriboh
Decode Talker,Link Monster,Cyberse,2300,-1,0,DARK,Code Talker
Decode Talker Extended,Link Monster,Cyberse,2300,-1,0,DARK,Code Talker
Decode Talker Heatsoul,Link Monster,Cyberse,2300,-1,0,FIRE,Code Talker
Decode Talker Integration,Link Monster,Cyberse,2300,-1,0,DARK,Code Talker
Decoyroid,Effect Monster,Machine,300,500,2,WIND,Roid
Deep-Eyes White Dragon,Effect Monster,Dragon,0,0,10,LIGHT,Blue-Eyes
"Deep-Eyes White Dragon, the Blue Abyss",Effect Monster,Dragon,0,0,10,LIGHT,Blue-Eyes
Deepsea Warrior,Effect Monster,Warrior,1600,1800,5,WATER,Umi
Defender of Nephthys,Effect Monster,Spellcaster,1400,200,2,WIND,Nephthys
Defender of the Ice Barrier,Tuner Monster,Aqua,200,1600,3,WATER,Ice Barrier
"Deftero Enneacraft - ""alazoneIA""",Pendulum Flip Effect Monster,Machine,100,1000,1,EARTH,Enneacraft
Delg the Dark Monarch,Effect Monster,Spellcaster,2400,1000,6,DARK,Monarch
"Denglong, First of the Yang Zing",Synchro Tuner Monster,Wyrm,0,2800,5,LIGHT,Yang Zing
Des Frog,Effect Monster,Aqua,1900,0,5,WATER,Frog
Deskbot 001,Tuner Monster,Machine,500,500,1,EARTH,Deskbot
Deskbot 002,Effect Monster,Machine,500,500,2,EARTH,Deskbot
Deskbot 003,Effect Monster,Machine,500,500,3,EARTH,Deskbot
Deskbot 004,Effect Monster,Machine,500,500,4,EARTH,Deskbot
Deskbot 005,Pendulum Effect Monster,Machine,500,500,5,EARTH,Deskbot
Deskbot 006,Pendulum Effect Monster,Machine,500,500,6,EARTH,Deskbot
Deskbot 007,Pendulum Effect Monster,Machine,500,500,7,EARTH,Deskbot
Deskbot 008,Pendulum Effect Monster,Machine,500,500,8,EARTH,Deskbot
Deskbot 009,Effect Monster,Machine,500,500,9,EARTH,Deskbot
Deskbot Jet,Synchro Monster,Machine,500,500,10,EARTH,Deskbot
Despian Comedy,Effect Monster,Fairy,0,2000,1,DARK,Despia
Despian Luluwalilith,Synchro Monster,Spellcaster,2500,2500,12,LIGHT,Despia
Despian Proskenion,Fusion Monster,Fiend,3200,3200,11,LIGHT,Despia
Despian Quaeritis,Fusion Monster,Fiend,2500,2500,8,LIGHT,Despia
Despian Tragedy,Effect Monster,Fairy,400,400,1,DARK,Despia
Desrook Archfiend,Effect Monster,Fiend,1100,1800,3,LIGHT,Archfiend
Destiny End Dragoon,Fusion Monster,Warrior,3000,3000,10,DARK,Destiny HERO
Destiny HERO - Blade Master,Effect Monster,Warrior,300,600,3,DARK,Destiny HERO
Destiny HERO - Captain Tenacious,Effect Monster,Warrior,800,800,3,DARK,Destiny HERO
Destiny HERO - Celestial,Effect Monster,Warrior,1600,1400,4,DARK,Destiny HERO
Destiny HERO - Dangerous,Fusion Monster,Warrior,2000,2600,6,DARK,Destiny HERO
Destiny HERO - Dark Angel,Effect Monster,Warrior,0,0,1,DARK,Destiny HERO
Destiny HERO - Dasher,Effect Monster,Warrior,2100,1000,6,DARK,Destiny HERO
Destiny HERO - Decider,Effect Monster,Warrior,1600,1000,4,DARK,Destiny HERO
Destiny HERO - Defender,Effect Monster,Warrior,100,2700,4,DARK,Destiny HERO
Destiny HERO - Denier,Effect Monster,Warrior,1100,600,3,DARK,Destiny HERO
Destiny HERO - Departed,Effect Monster,Warrior,1000,0,2,DARK,Destiny HERO
Destiny HERO - Destro-Dogma,Effect Monster,Warrior,3400,2400,8,DARK,Destiny HERO
Destiny HERO - Destroyer Phoenix Enforcer,Fusion Monster,Warrior,2500,2100,8,DARK,Destiny HERO
Destiny HERO - Diamond Dude,Effect Monster,Warrior,1400,1600,4,DARK,Destiny HERO
Destiny HERO - Disk Commander,Effect Monster,Warrior,300,300,1,DARK,Destiny HERO
Destiny HERO - Dogma,Effect Monster,Warrior,3400,2400,8,DARK,Destiny HERO
Destiny HERO - Dominance,Fusion Monster,Warrior,2900,2600,10,DARK,Destiny HERO
Destiny HERO - Doom Lord,Effect Monster,Warrior,600,800,3,DARK,Destiny HERO
Destiny HERO - Doom Overlord,Effect Monster,Warrior,600,800,3,DARK,Destiny HERO
Destiny HERO - Double Dude,Effect Monster,Warrior,1000,1000,6,DARK,Destiny HERO
Destiny HERO - Drawhand,Effect Monster,Warrior,1600,800,4,DARK,Destiny HERO
Destiny HERO - Dread Servant,Effect Monster,Warrior,400,700,3,DARK,Destiny HERO
Destiny HERO - Dreadmaster,Effect Monster,Warrior,-1,-1,8,DARK,Destiny HERO
Destiny HERO - Dreadnought Master,Fusion Monster,Warrior,-1,2800,8,DARK,Destiny HERO
Destiny HERO - Dreadnought Servant,Effect Monster,Warrior,400,700,3,DARK,Destiny HERO
Destiny HERO - Dreamer,Effect Monster,Warrior,0,600,1,DARK,Destiny HERO
Destiny HERO - Drilldark,Effect Monster,Warrior,1600,1200,4,DARK,Destiny HERO
Destiny HERO - Dunker,Effect Monster,Warrior,1200,1700,4,DARK,Destiny HERO
Destiny HERO - Dusktopia,Fusion Monster,Warrior,3000,3000,10,DARK,Destiny HERO
Destiny HERO - Dynatag,Effect Monster,Warrior,1000,1000,5,DARK,Destiny HERO
Destiny HERO - Dystopia,Fusion Monster,Warrior,2800,2400,8,DARK,Destiny HERO
Destiny HERO - Fear Monger,Effect Monster,Warrior,1000,1000,4,DARK,Destiny HERO
Destiny HERO - Malicious,Effect Monster,Warrior,800,800,6,DARK,Destiny HERO
Destiny HERO - Plasma,Effect Monster,Warrior,1900,600,8,DARK,Destiny HERO
Destruction Dragon,Fusion Monster,Dragon,2000,3000,8,FIRE,Legendary Knight
Detonating Kuriboh,Effect Monster,Fiend,300,200,1,DARK,Kuriboh
Deus Token,Token,Fairy,-1,-1,0,NONE,Darklord
Deus X-Krawler,Flip Effect Monster,Insect,2000,3000,9,EARTH,Krawler
Devotee of Nephthys,Ritual Effect Monster,Spellcaster,1200,1200,2,WIND,Nephthys
Dewdark of the Ice Barrier,Tuner Monster,Aqua,1200,800,2,WATER,Ice Barrier
"Dewloren, Tiger King of the Ice Barrier",Synchro Monster,Beast,2000,1400,6,WATER,Ice Barrier
Dhampir Vampire Sheridan,XYZ Monster,Zombie,2600,1000,6,DARK,Vampire
Dharc the Dark Charmer,Flip Effect Monster,Spellcaster,500,1500,3,DARK,Charmer
"Dharc the Dark Charmer, Gloomy",Link Monster,Spellcaster,1850,-1,0,DARK,Charmer
Dharma-Eye Magician,Pendulum Effect Monster,Spellcaster,2000,2500,7,LIGHT,Magician
Dictator of D.,Effect Monster,Spellcaster,1200,1100,4,DARK,Blue-Eyes
Dimension Conjurer,Effect Monster,Spellcaster,500,500,1,DARK,Dark Magician
Dimension Wanderer,Effect Monster,Spellcaster,0,0,1,LIGHT,Galaxy-Eyes
"Dinomight Powerload, the Dracoslayer",Pendulum Effect Monster,Machine,1700,1800,4,WATER,Dracoslayer
"Dinoster Power, the Mighty Dracoslayer",Fusion Monster,Dragon,2000,2950,8,WATER,Dracoslayer
Dinowrestler Capaptera,Effect Monster,Dinosaur,1600,0,3,WIND,Dinowrestler
Dinowrestler Capoeiraptor,Effect Monster,Dinosaur,1800,0,4,EARTH,Dinowrestler
Dinowrestler Chimera T Wrextle,Fusion Monster,Dinosaur,3500,0,8,EARTH,Dinowrestler
Dinowrestler Coelasilat,Tuner Monster,Dinosaur,100,800,2,EARTH,Dinowrestler
Dinowrestler Eskrimamenchi,Effect Monster,Dinosaur,2200,0,6,EARTH,Dinowrestler
Dinowrestler Giga Spinosavate,Synchro Monster,Dinosaur,3000,0,8,EARTH,Dinowrestler
Dinowrestler Iguanodraka,Effect Monster,Dinosaur,2000,0,6,EARTH,Dinowrestler
Dinowrestler King T Wrextle,Link Monster,Dinosaur,3000,-1,0,EARTH,Dinowrestler
Dinowrestler Martial Ampelo,Effect Monster,Dinosaur,600,0,1,EARTH,Dinowrestler
Dinowrestler Martial Anga,Effect Monster,Dinosaur,1600,0,5,EARTH,Dinowrestler
Dinowrestler Martial Ankylo,Effect Monster,Dinosaur,1000,0,2,EARTH,Dinowrestler
Dinowrestler Pankratops,Effect Monster,Dinosaur,2600,0,7,EARTH,Dinowrestler
Dinowrestler Rambrachio,Effect Monster,Dinosaur,1600,0,5,EARTH,Dinowrestler
Dinowrestler Systegosaur,Effect Monster,Dinosaur,1900,0,4,EARTH,Dinowrestler
Dinowrestler Terra Parkourio,Link Monster,Dinosaur,1000,-1,0,EARTH,Dinowrestler
Dinowrestler Valeonyx,Effect Monster,Dinosaur,1600,0,3,EARTH,Dinowrestler
Disciple of Nephthys,Effect Monster,Spellcaster,0,2000,2,WIND,Nephthys
Diviner of the Herald,Tuner Monster,Fairy,500,300,2,LIGHT,Herald
Djinn Cursenchanter of Rituals,Effect Monster,Fiend,1700,1000,4,DARK,Djinn
Djinn Demolisher of Rituals,Effect Monster,Fiend,1500,600,3,DARK,Djinn
Djinn Disserere of Rituals,Effect Monster,Fiend,200,200,1,DARK,Djinn
Djinn Presider of Rituals,Effect Monster,Fiend,1800,1400,4,DARK,Djinn
Djinn Prognosticator of Rituals,Effect Monster,Fiend,400,300,3,DARK,Djinn
Djinn Releaser of Rituals,Effect Monster,Fiend,1200,2000,3,DARK,Djinn
Djinn the Watcher of the Wind,Normal Monster,Spellcaster,700,900,3,WIND,Djinn
DOG Fighter Token,Token,Machine,-1,-1,0,NONE,Kozmo
"Dogmatika Adin, the Enlightened",Effect Monster,Spellcaster,1000,1800,4,LIGHT,Dogmatika
Dogmatika Alba Zoa,Ritual Effect Monster,Spellcaster,4000,4000,12,LIGHT,Dogmatika
Dogmatika Ashiyan,Effect Monster,Spellcaster,2000,1500,8,LIGHT,Dogmatika
"Dogmatika Ecclesia, the Virtuous",Effect Monster,Spellcaster,1500,1500,4,LIGHT,Dogmatika
"Dogmatika Fleurdelis, the Knighted",Effect Monster,Spellcaster,2500,2500,8,LIGHT,Dogmatika
"Dogmatika Fleurdelis, the Thunderbolt",Effect Monster,Spellcaster,2500,2500,8,LIGHT,Dogmatika
Dogmatika Lawbringer,Effect Monster,Spellcaster,2000,2000,8,LIGHT,Dogmatika
Dogmatika Maximus,Effect Monster,Spellcaster,1500,3000,8,LIGHT,Dogmatika
Dogmatika Nexus,Effect Monster,Spellcaster,3200,3200,11,LIGHT,Dogmatika
"Dogmatika Theo, the Iron Punch",Effect Monster,Spellcaster,1800,1500,4,LIGHT,Dogmatika
"Dogoran, the Mad Flame Kaiju",Effect Monster,Dinosaur,3000,1200,8,FIRE,Kaiju
"Donner, Dagger Fur Hire",Link Monster,Beast-Warrior,1600,-1,0,EARTH,Fur Hire
"Donpa, Marksman Fur Hire",Effect Monster,Beast,500,1000,2,WIND,Fur Hire
Donyoribo @Ignister,Effect Monster,Cyberse,300,0,1,DARK,@Ignister
Doom Kraken,Effect Monster,Aqua,1400,1600,4,WATER,Umi
Doom Virus Dragon,Fusion Monster,Dragon,1900,1500,4,DARK,Legendary Knight
Doomkaiser Dragon/Assault Mode,Effect Monster,Zombie,2900,2000,8,FIRE,Assault Mode
Doomstar Magician,Effect Monster,Spellcaster,1800,300,4,DARK,Magician
Doshin @Ignister,Effect Monster,Cyberse,100,800,1,EARTH,@Ignister
DoSolfachord Coolia,Pendulum Effect Monster,Fairy,2700,2500,8,WIND,Solfachord
DoSolfachord Cutia,Pendulum Effect Monster,Fairy,100,400,1,EARTH,Solfachord
Double Dude Token,Token,Warrior,-1,-1,0,NONE,Destiny HERO
Double Headed Anger Knuckle,Link Monster,Machine,1500,-1,0,EARTH,Train
Double Iris Magician,Pendulum Effect Monster,Spellcaster,1500,1000,4,DARK,Magician
Double Resonator,Tuner Monster,Fiend,0,0,1,FIRE,Resonator
"Dovelgus, Generaider Boss of Iron",Effect Monster,Machine,1500,2500,9,EARTH,Generaider
Doyon @Ignister,Effect Monster,Cyberse,400,1600,4,DARK,@Ignister
Draco Berserker of the Tenyi,Synchro Monster,Wyrm,3000,0,8,DARK,Tenyi
Draco Masters of the Tenyi,Link Monster,Wyrm,2600,-1,0,LIGHT,Tenyi
"Draghig, Malebranche of the Burning Abyss",Effect Monster,Fiend,1100,900,3,DARK,Burning Abyss
Dragon Master Knight,Fusion Monster,Dragon,5000,5000,12,LIGHT,Blue-Eyes
Dragon Spirit of White,Effect Monster,Dragon,2500,2000,8,LIGHT,Blue-Eyes
Dragoncaller Magician,Pendulum Effect Monster,Spellcaster,2400,1000,7,DARK,Magician
Dragonmaid Cehrmba,Effect Monster,Dragon,2800,1800,9,DARK,Dragonmaid
Dragonmaid Ernus,Effect Monster,Dragon,2600,1600,7,EARTH,Dragonmaid
Dragonmaid Lorpar,Effect Monster,Dragon,2700,1700,8,WIND,Dragonmaid
Dragonmaid Nudyarl,Effect Monster,Dragon,2600,1600,7,WATER,Dragonmaid
Dragonmaid Sheou,Fusion Monster,Dragon,3500,2000,10,LIGHT,Dragonmaid
Dragonmaid Tinkhec,Effect Monster,Dragon,2700,1700,8,FIRE,Dragonmaid
Dragonpit Magician,Pendulum Normal Monster,Spellcaster,900,2700,7,WATER,Magician
Dragonpulse Magician,Pendulum Normal Monster,Spellcaster,1800,900,4,EARTH,Magician
Dragonroid,Effect Monster,Machine,2900,1000,8,WIND,roid
Dragunity Aklys,Tuner Monster,Dragon,1000,800,2,WIND,Dragunity
Dragunity Angusticlavii,Effect Monster,Winged Beast,2100,1000,5,WIND,Dragunity
Dragunity Arma Gram,Effect Monster,Dragon,2900,2200,10,WIND,Dragunity
Dragunity Arma Leyvaten,Effect Monster,Dragon,2600,1200,8,WIND,Dragunity
Dragunity Arma Mystletainn,Effect Monster,Dragon,2100,1500,6,WIND,Dragunity
Dragunity Brandistock,Tuner Monster,Dragon,600,400,1,WIND,Dragunity
Dragunity Corsesca,Tuner Monster,Dragon,800,700,1,WIND,Dragunity
Dragunity Couse,Tuner Monster,Dragon,1000,200,2,WIND,Dragunity
Dragunity Darkspear,Tuner Monster,Dragon,1000,1000,3,WIND,Dragunity
Dragunity Dux,Effect Monster,Winged Beast,1500,1000,4,WIND,Dragunity
Dragunity Falchion,Tuner Monster,Dragon,1300,1200,2,WIND,Dragunity
Dragunity Guisarme,Tuner Monster,Dragon,600,1600,3,WIND,Dragunity
Dragunity Javelin,Tuner Monster,Dragon,1200,800,2,WIND,Dragunity
Dragunity Knight - Areadbhair,Synchro Monster,Dragon,3300,3200,10,WIND,Dragunity
Dragunity Knight - Areus,Synchro Monster,Dragon,2900,2500,8,WIND,Dragunity
Dragunity Knight - Ascalon,Synchro Monster,Dragon,3300,3200,10,WIND,Dragunity
Dragunity Knight - Barcha,Synchro Monster,Dragon,2000,1200,8,WIND,Dragunity
Dragunity Knight - Gae Bulg,Synchro Monster,Dragon,2000,1100,6,WIND,Dragunity
Dragunity Knight - Gae Dearg,Synchro Monster,Dragon,2400,800,6,WIND,Dragunity
Dragunity Knight - Gormfaobhar,Synchro Monster,Dragon,2600,2300,7,WIND,Dragunity
Dragunity Knight - Luin,Synchro Tuner Monster,Dragon,1200,1900,6,WIND,Dragunity
Dragunity Knight - Romulus,Link Monster,Dragon,1200,-1,0,WIND,Dragunity
Dragunity Knight - Trident,Synchro Monster,Dragon,2400,1700,7,WIND,Dragunity
Dragunity Knight - Vajrayana,Synchro Monster,Dragon,1900,1200,6,WIND,Dragunity
Dragunity Legatus,Effect Monster,Winged Beast,1800,1200,4,WIND,Dragunity
Dragunity Legionnaire,Effect Monster,Winged Beast,1200,800,3,WIND,Dragunity
Dragunity Lord - Georgius,Link Monster,Dragon,2400,-1,0,WIND,Dragunity
Dragunity Militum,Effect Monster,Winged Beast,1700,1200,4,WIND,Dragunity
Dragunity Partisan,Tuner Monster,Dragon,1200,800,2,WIND,Dragunity
Dragunity Phalanx,Tuner Monster,Dragon,500,1100,2,WIND,Dragunity
Dragunity Pilum,Tuner Monster,Dragon,1400,1000,3,WIND,Dragunity
Dragunity Primus Pilus,Effect Monster,Winged Beast,2200,1600,5,WIND,Dragunity
Dragunity Quirinus,Effect Monster,Winged Beast,1200,1200,4,WIND,Dragunity
Dragunity Remus,Tuner Monster,Dragon,800,800,2,WIND,Dragunity
Dragunity Senatus,Effect Monster,Winged Beast,1800,600,4,WIND,Dragunity
Dragunity Tribus,Effect Monster,Winged Beast,500,300,1,WIND,Dragunity
Drake Shark,Effect Monster,Fish,1400,1050,4,WATER,Shark
Dramaturge of Despia,Effect Monster,Fairy,3000,1500,8,DARK,Despia
Dream Shark,Effect Monster,Fish,0,2600,5,WATER,Shark
Drill Armed Dragon,Effect Monster,Dragon,1100,400,3,WIND,Armed Dragon
Drill Synchron,Tuner Monster,Machine,800,300,3,EARTH,Synchron
Drillroid,Effect Monster,Machine,1600,1600,4,EARTH,Roid
Drytron Alpha Thuban,Effect Monster,Machine,2000,0,1,LIGHT,Drytron
Drytron Beta Rastaban,Effect Monster,Machine,2000,0,1,LIGHT,Drytron
Drytron Delta Altais,Effect Monster,Machine,2000,0,1,LIGHT,Drytron
Drytron Gamma Eltanin,Effect Monster,Machine,2000,0,1,LIGHT,Drytron
Drytron Meteonis DA Draconids,Ritual Effect Monster,Machine,5000,5000,12,LIGHT,Drytron
Drytron Meteonis Draconids,Ritual Effect Monster,Machine,4000,4000,12,LIGHT,Drytron
Drytron Meteonis Quadrantids,Ritual Effect Monster,Machine,4000,4000,12,LIGHT,Drytron
Drytron Mu Beta Fafnir,XYZ Monster,Machine,2000,0,1,LIGHT,Drytron
Drytron Nu II,Effect Monster,Machine,2000,0,1,LIGHT,Drytron
Drytron Zeta Aldhibah,Effect Monster,Machine,2000,0,1,LIGHT,Drytron
Duke Archfiend,Effect Monster,Fiend,0,2000,4,WATER,Archfiend
Dungeon Worm,Normal Monster,Insect,1800,1500,5,EARTH,Worm
Dupe Frog,Effect Monster,Aqua,100,2000,2,WATER,Frog
Duza the Meteor Cubic Vessel,Effect Monster,Machine,1600,1600,4,LIGHT,Cubic
Dverg of the Nordic Alfar,Effect Monster,Warrior,100,1000,1,EARTH,Nordic
"Dyna, Hero Fur Hire",Effect Monster,Beast-Warrior,2500,1400,6,EARTH,Fur Hire
"Eanoc, Sentry of the Ghoti",Effect Monster,Fish,2100,0,6,WATER,Ghoti
Earth Armor Ninja,Effect Monster,Warrior,1600,1200,5,EARTH,Ninja
Earth Golem @Ignister,Fusion Monster,Cyberse,2300,2000,7,EARTH,@Ignister
Earthbound Greater Linewalker,Effect Monster,Fiend,2900,2900,8,DARK,Earthbound
Earthbound Immortal Aslla piscu,Effect Monster,Winged Beast,2500,2500,10,DARK,Earthbound
Earthbound Immortal Ccapac Apu,Effect Monster,Fiend,3000,2500,10,DARK,Earthbound
Earthbound Immortal Ccarayhua,Effect Monster,Reptile,2800,1800,10,DARK,Earthbound
Earthbound Immortal Chacu Challhua,Effect Monster,Fish,2900,2400,10,DARK,Earthbound
Earthbound Immortal Cusillu,Effect Monster,Beast,2800,2400,10,DARK,Earthbound
Earthbound Immortal Red Nova,Effect Monster,Fiend,3500,3000,12,DARK,Earthbound
Earthbound Immortal Uru,Effect Monster,Insect,3000,3000,10,DARK,Earthbound
Earthbound Immortal Wiraqocha Rasca,Effect Monster,Winged Beast,100,100,10,DARK,Earthbound
Earthbound Linewalker,Effect Monster,Fiend,1200,1900,4,DARK,Earthbound
Earthbound Prisoner Ground Keeper,Tuner Monster,Fiend,300,300,1,DARK,Earthbound
Earthbound Prisoner Line Walker,Tuner Monster,Fiend,800,1100,3,DARK,Earthbound
Earthbound Prisoner Stone Sweeper,Effect Monster,Fiend,1600,1600,5,DARK,Earthbound
Earthbound Servant Geo Grasha,Fusion Monster,Fiend,3000,1800,10,DARK,Earthbound
Earthbound Servant Geo Gremlin,Synchro Monster,Fiend,2000,1000,6,DARK,Earthbound
Earthbound Servant Geo Gremlina,Fusion Monster,Fiend,2000,1000,6,DARK,Earthbound
Earthbound Servant Geo Gryphon,Synchro Monster,Fiend,2500,1500,8,DARK,Earthbound
Earthbound Servant Geo Kraken,Fusion Monster,Fiend,2800,1200,8,DARK,Earthbound
Earthbound Spirit,Normal Monster,Fiend,500,2000,4,EARTH,Earthbound
Eda the Sun Magician,Effect Monster,Spellcaster,1500,1500,4,EARTH,Magician
Edea the Heavenly Squire,Effect Monster,Warrior,800,1000,1,LIGHT,Monarch
Edge Imp Chain,Effect Monster,Fiend,1200,1800,4,DARK,Edge Imp
Edge Imp Cotton Eater,Pendulum Effect Monster,Fiend,2400,1600,7,DARK,Edge Imp
Edge Imp Frightfuloid,Effect Monster,Fiend,1300,1300,4,DARK,Edge Imp
Edge Imp Sabres,Effect Monster,Fiend,1200,800,3,DARK,Edge Imp
Edge Imp Saw,Effect Monster,Fiend,500,1000,3,DARK,Edge Imp
Edge Imp Scythe,Effect Monster,Fiend,1000,0,3,DARK,Edge Imp
Edge Imp Tomahawk,Effect Monster,Fiend,1800,800,4,DARK,Edge Imp
"Ehren, Lightsworn Monk",Effect Monster,Warrior,1600,1000,4,LIGHT,Lightsworn
Ehther the Heavenly Monarch,Effect Monster,Fairy,2800,1000,8,LIGHT,Monarch
Eidos the Underworld Monarch,Effect Monster,Spellcaster,2400,1000,6,DARK,Monarch
Eidos the Underworld Squire,Effect Monster,Spellcaster,800,1000,2,DARK,Monarch
Einherjar Token,Token,Warrior,-1,-1,0,NONE,Nordic
Einroid,Effect Monster,Machine,200,1800,1,EARTH,roid
"Ekhajar, Descendant Dragon of the Ice Barrier",Synchro Monster,Dragon,3000,1000,9,WATER,Ice Barrier
"Ekto Enneacraft - ""tromarIA""",Pendulum Flip Effect Monster,Machine,100,1000,1,EARTH,Enneacraft
El Shaddoll Anoyatyllis,Fusion Monster,Fiend,2700,2000,9,WATER,Shaddoll
El Shaddoll Apkallone,Fusion Monster,Spellcaster,2500,2000,6,DARK,Shaddoll
El Shaddoll Construct,Fusion Monster,Fairy,2800,2500,8,LIGHT,Shaddoll
El Shaddoll Grysta,Fusion Monster,Rock,2450,1950,7,FIRE,Shaddoll
El Shaddoll Meshahrail,Fusion Monster,Machine,2800,1000,10,EARTH,Shaddoll
El Shaddoll Shekhinaga,Fusion Monster,Machine,2600,3000,10,EARTH,Shaddoll
El Shaddoll Wendigo,Fusion Monster,Psychic,200,2800,6,WIND,Shaddoll
El Shaddoll Winda,Fusion Monster,Spellcaster,2200,800,5,DARK,Shaddoll
Elder of the Six Samurai,Effect Monster,Warrior,400,0,3,EARTH,Six Samurai
Electric Jellyfish,Effect Monster,Aqua,1400,1700,4,WATER,Umi
Elegy the Melodious Diva,Effect Monster,Fairy,2000,1200,5,LIGHT,Melodious
Elemental HERO Absolute Zero,Fusion Monster,Warrior,2500,2000,8,WATER,Elemental HERO
Elemental HERO Air Neos,Fusion Monster,Warrior,2500,2000,7,WIND,Elemental HERO
Elemental HERO Aqua Neos,Fusion Monster,Warrior,2500,2000,7,WATER,Elemental HERO
Elemental HERO Avian,Normal Monster,Warrior,1000,1000,3,WIND,Elemental HERO
Elemental HERO Bladedge,Effect Monster,Warrior,2600,1800,7,EARTH,Elemental HERO
Elemental HERO Blazeman,Effect Monster,Warrior,1200,1800,4,FIRE,Elemental HERO
Elemental HERO Brave Neos,Fusion Monster,Warrior,2500,2000,7,LIGHT,Elemental HERO
Elemental HERO Bubbleman,Effect Monster,Warrior,800,1200,4,WATER,Elemental HERO
Elemental HERO Burstinatrix,Normal Monster,Warrior,1200,800,3,FIRE,Elemental HERO
Elemental HERO Captain Gold,Effect Monster,Warrior,2100,800,4,LIGHT,Elemental HERO
Elemental HERO Chaos Neos,Fusion Monster,Warrior,3000,2500,9,DARK,Elemental HERO
Elemental HERO Clay Guardian,Fusion Monster,Warrior,0,2800,4,EARTH,Elemental HERO
Elemental HERO Clayman,Normal Monster,Warrior,800,2000,4,EARTH,Elemental HERO
Elemental HERO Core,Fusion Monster,Warrior,2700,2200,9,EARTH,Elemental HERO
Elemental HERO Cosmo Neos,Fusion Monster,Warrior,3500,3000,11,LIGHT,Elemental HERO
Elemental HERO Dark Neos,Fusion Monster,Warrior,2500,2000,7,DARK,Elemental HERO
Elemental HERO Darkbright,Fusion Monster,Warrior,2000,1000,6,DARK,Elemental HERO
Elemental HERO Divine Neos,Fusion Monster,Warrior,2500,2500,12,LIGHT,Elemental HERO
Elemental HERO Electrum,Fusion Monster,Warrior,2900,2600,10,LIGHT,Elemental HERO
Elemental HERO Escuridao,Fusion Monster,Warrior,2500,2000,8,DARK,Elemental HERO
Elemental HERO Flame Wingman,Fusion Monster,Warrior,2100,1200,6,WIND,Elemental HERO
Elemental HERO Flame Wingman - Infernal Rage,Fusion Monster,Warrior,2100,1200,8,WIND,Elemental HERO
Elemental HERO Flare Neos,Fusion Monster,Warrior,2500,2000,7,FIRE,Elemental HERO
Elemental HERO Flash,Effect Monster,Warrior,1100,1600,4,LIGHT,Elemental HERO
Elemental HERO Gaia,Fusion Monster,Warrior,2200,2600,6,EARTH,Elemental HERO
Elemental HERO Glow Neos,Fusion Monster,Warrior,2500,2000,7,LIGHT,Elemental HERO
Elemental HERO Grand Neos,Fusion Monster,Warrior,2500,2000,7,EARTH,Elemental HERO
Elemental HERO Grandmerge,Fusion Monster,Warrior,0,0,6,LIGHT,Elemental HERO
Elemental HERO Great Tornado,Fusion Monster,Warrior,2800,2200,8,WIND,Elemental HERO
Elemental HERO Heat,Effect Monster,Pyro,1600,1200,4,FIRE,Elemental HERO
Elemental HERO Honest Neos,Effect Monster,Warrior,2500,2000,7,LIGHT,Elemental HERO
Elemental HERO Ice Edge,Effect Monster,Warrior,800,900,3,WATER,Elemental HERO
Elemental HERO Inferno,Fusion Monster,Pyro,2300,1600,8,FIRE,Elemental HERO
Elemental HERO Knospe,Effect Monster,Plant,600,1000,3,EARTH,Elemental HERO
Elemental HERO Lady Heat,Effect Monster,Pyro,1300,1000,4,FIRE,Elemental HERO
Elemental HERO Liquid Soldier,Effect Monster,Warrior,1400,1300,4,WATER,Elemental HERO
Elemental HERO Magma Neos,Fusion Monster,Warrior,3000,2500,9,FIRE,Elemental HERO
Elemental HERO Marine Neos,Fusion Monster,Warrior,2800,2300,8,WATER,Elemental HERO
Elemental HERO Mariner,Fusion Monster,Warrior,1400,1000,5,WATER,Elemental HERO
Elemental HERO Mudballman,Fusion Monster,Warrior,1900,3000,6,EARTH,Elemental HERO
Elemental HERO Nebula Neos,Fusion Monster,Warrior,3000,2500,9,EARTH,Elemental HERO
Elemental HERO Necroid Shaman,Fusion Monster,Warrior,1900,1800,6,DARK,Elemental HERO
Elemental HERO Necroshade,Effect Monster,Warrior,1600,1800,5,DARK,Elemental HERO
Elemental HERO Neo Bubbleman,Effect Monster,Warrior,800,1200,4,WATER,Elemental HERO
Elemental HERO Neos,Normal Monster,Warrior,2500,2000,7,LIGHT,Elemental HERO
Elemental HERO Neos Alius,Gemini Monster,Warrior,1900,1300,4,LIGHT,Elemental HERO
Elemental HERO Neos Kluger,Fusion Monster,Spellcaster,3000,2500,9,LIGHT,Elemental HERO
Elemental HERO Neos Knight,Fusion Monster,Warrior,2500,1000,7,LIGHT,Elemental HERO
Elemental HERO Nova Master,Fusion Monster,Warrior,2600,2100,8,FIRE,Elemental HERO
Elemental HERO Ocean,Effect Monster,Warrior,1500,1200,4,WATER,Elemental HERO
Elemental HERO Phoenix Enforcer,Fusion Monster,Warrior,2100,1200,6,FIRE,Elemental HERO
Elemental HERO Plasma Vice,Fusion Monster,Warrior,2600,2300,8,EARTH,Elemental HERO
Elemental HERO Poison Rose,Effect Monster,Plant,1900,2000,6,EARTH,Elemental HERO
Elemental HERO Prisma,Effect Monster,Warrior,1700,1100,4,LIGHT,Elemental HERO
Elemental HERO Rampart Blaster,Fusion Monster,Warrior,2000,2500,6,EARTH,Elemental HERO
Elemental HERO Shadow Mist,Effect Monster,Warrior,1000,1500,4,DARK,Elemental HERO
Elemental HERO Shining Flare Wingman,Fusion Monster,Warrior,2500,2100,8,LIGHT,Elemental HERO
Elemental HERO Shining Neos Wingman,Fusion Monster,Warrior,3100,2500,8,LIGHT,Elemental HERO
Elemental HERO Shining Phoenix Enforcer,Fusion Monster,Warrior,2500,2100,8,FIRE,Elemental HERO
Elemental HERO Solid Soldier,Effect Monster,Warrior,1300,1100,4,EARTH,Elemental HERO
Elemental HERO Sparkman,Normal Monster,Warrior,1600,1400,4,LIGHT,Elemental HERO
Elemental HERO Spirit of Neos,Effect Monster,Warrior,2500,2000,7,LIGHT,Elemental HERO
Elemental HERO Steam Healer,Fusion Monster,Warrior,1800,1000,5,WATER,Elemental HERO
Elemental HERO Storm Neos,Fusion Monster,Warrior,3000,2500,9,WIND,Elemental HERO
Elemental HERO Stratos,Effect Monster,Warrior,1800,300,4,WIND,Elemental HERO
Elemental HERO Sunrise,Fusion Monster,Warrior,2500,1200,7,LIGHT,Elemental HERO
Elemental HERO Tempest,Fusion Monster,Warrior,2800,2800,8,WIND,Elemental HERO
Elemental HERO Terra Firma,Fusion Monster,Warrior,2500,2000,8,EARTH,Elemental HERO
Elemental HERO The Shining,Fusion Monster,Warrior,2600,2100,8,LIGHT,Elemental HERO
Elemental HERO Thunder Giant,Fusion Monster,Warrior,2400,1500,6,LIGHT,Elemental HERO
Elemental HERO Thunder Giant - Voltic Thunder,Fusion Monster,Warrior,2400,1500,6,LIGHT,Elemental HERO
Elemental HERO Voltic,Effect Monster,Thunder,1000,1500,4,LIGHT,Elemental HERO
Elemental HERO Wild Wingman,Fusion Monster,Warrior,1900,2300,8,EARTH,Elemental HERO
Elemental HERO Wildedge,Fusion Monster,Warrior,2600,2300,8,EARTH,Elemental HERO
Elemental HERO Wildheart,Effect Monster,Warrior,1500,1600,4,EARTH,Elemental HERO
Elemental HERO Woodsman,Effect Monster,Warrior,1000,2000,4,EARTH,Elemental HERO
"Emilia, Dance Priestess of the Nekroz",Effect Monster,Spellcaster,1600,800,4,WATER,Nekroz
Emperor Charles the Great,Link Monster,Warrior,3000,-1,0,FIRE,Noble Knight
Emperor of Prophecy,Effect Monster,Spellcaster,2300,2000,5,DARK,Spellbook
Emperor of the Land and Sea,Normal Monster,Reptile,1800,1500,5,WATER,Monarch
Empress of Prophecy,XYZ Monster,Spellcaster,2000,1700,5,LIGHT,Spellbook
"Enato Enneacraft - ""oknirIA""",Pendulum Flip Effect Monster,Machine,100,1000,1,EARTH,Enneacraft
Encode Talker,Link Monster,Cyberse,2300,-1,0,LIGHT,Code Talker
"Endymion, the Crescent Magistus",Link Monster,Spellcaster,1850,-1,0,LIGHT,Endymion
"Endymion, the Magistus of Mastery",Effect Monster,Spellcaster,1300,1700,4,WATER,Endymion
"Endymion, the Master Magician",Effect Monster,Spellcaster,2700,1700,7,DARK,Endymion
"Endymion, the Mighty Master of Magic",Pendulum Effect Monster,Spellcaster,2800,1700,7,DARK,Endymion
"Enishi, Shien's Chancellor",Effect Monster,Warrior,2200,1200,6,LIGHT,Six Samurai
"Enlilgirsu, the Orcust Mekk-Knight",Link Monster,Machine,2600,-1,0,DARK,Mekk-Knight
Enneacraft - Aiza.LEON,Pendulum Flip Effect Monster,Machine,3000,2500,9,LIGHT,Enneacraft
Enneacraft - Archa.TAIL,Pendulum Flip Effect Monster,Machine,3000,2500,9,LIGHT,Enneacraft
Enneacraft - Asta.PIXEA,Pendulum Flip Effect Monster,Machine,3000,2500,9,LIGHT,Enneacraft
Enneacraft - Atil.SPIA,Pendulum Flip Effect Monster,Machine,3000,2500,9,LIGHT,Enneacraft
Enneacraft - Atori.MAR,Pendulum Flip Effect Monster,Machine,3000,2500,9,LIGHT,Enneacraft
Envoy of Chaos,Effect Monster,Warrior,1500,0,4,DARK,Black Luster Soldier
Erebus the Underworld Monarch,Effect Monster,Zombie,2800,1000,8,DARK,Monarch
Eria the Water Channeler,Effect Monster,Spellcaster,1850,1500,5,WATER,Charmer
Eria the Water Charmer,Flip Effect Monster,Spellcaster,500,1500,3,WATER,Charmer
"Eria the Water Charmer, Gentle",Link Monster,Spellcaster,1850,-1,0,WATER,Charmer
Erica the Rikka Fairy,Effect Monster,Plant,2400,1000,6,WATER,Rikka
Evening Twilight Knight,Effect Monster,Warrior,500,2000,4,DARK,Black Luster Soldier
Evigishki Gustkraken,Ritual Effect Monster,Aqua,2400,1000,6,WATER,Gishki
Evigishki Levianima,Ritual Effect Monster,Aqua,2700,1500,8,WATER,Gishki
Evigishki Merrowgeist,XYZ Monster,Aqua,2100,1600,4,WATER,Gishki
Evigishki Mind Augus,Ritual Effect Monster,Aqua,2500,2000,6,WATER,Gishki
Evigishki Neremanas,Ritual Effect Monster,Spellcaster,3000,1800,10,WATER,Gishki
Evigishki Soul Ogre,Ritual Effect Monster,Aqua,2800,2800,8,WATER,Gishki
Evigishki Tetrogre,Ritual Effect Monster,Aqua,2600,2100,6,WATER,Gishki
Evil HERO Adusted Gold,Effect Monster,Fiend,2100,800,4,LIGHT,Evil HERO
Evil HERO Dark Gaia,Fusion Monster,Fiend,-1,0,8,EARTH,Evil HERO
Evil HERO Darkest Knight,Fusion Monster,Fiend,1600,0,8,EARTH,Evil HERO
Evil HERO Dead-End Prison,Effect Monster,Rock,1700,1100,4,LIGHT,Evil HERO
Evil HERO Infernal Gainer,Effect Monster,Fiend,1600,0,4,EARTH,Evil HERO
Evil HERO Infernal Prodigy,Effect Monster,Fiend,300,600,2,DARK,Evil HERO
Evil HERO Infernal Rider,Effect Monster,Fiend,2100,800,6,WIND,Evil HERO
Evil HERO Infernal Sniper,Fusion Monster,Fiend,2000,2500,6,FIRE,Evil HERO
Evil HERO Inferno Wing,Fusion Monster,Fiend,2100,1200,6,FIRE,Evil HERO
Evil HERO Inferno Wing - Backfire,Fusion Monster,Fiend,2100,1200,6,FIRE,Evil HERO
Evil HERO Lightning Golem,Fusion Monster,Fiend,2400,1500,6,LIGHT,Evil HERO
Evil HERO Malicious Bane,Fusion Monster,Fiend,3000,3000,8,DARK,Evil HERO
Evil HERO Malicious Edge,Effect Monster,Fiend,2600,1800,7,EARTH,Evil HERO
Evil HERO Malicious Fiend,Fusion Monster,Fiend,3500,2100,8,FIRE,Evil HERO
Evil HERO Neos Lord,Fusion Monster,Fiend,2500,2000,10,DARK,Evil HERO
Evil HERO Sinister Necrom,Effect Monster,Fiend,1600,1800,5,DARK,Evil HERO
Evil HERO Toxic Bubble,Effect Monster,Fiend,800,1200,4,WATER,Evil HERO
Evil HERO Vicious Claws,Effect Monster,Fiend,2500,2500,7,DARK,Evil HERO
Evil HERO Wild Cyclone,Fusion Monster,Fiend,1900,2300,8,EARTH,Evil HERO
Evilswarm Azzathoth,Flip Effect Monster,Reptile,750,1950,4,DARK,Lswarm
Evilswarm Bahamut,XYZ Monster,Dragon,2350,1350,4,DARK,Lswarm
Evilswarm Castor,Effect Monster,Warrior,1750,550,4,DARK,Steelswarm
Evilswarm Coppelia,Effect Monster,Machine,2450,2050,6,DARK,Lswarm
Evilswarm Exciton Knight,XYZ Monster,Fiend,1900,0,4,LIGHT,Lswarm
Evilswarm Golem,Effect Monster,Rock,2150,1250,5,DARK,Lswarm
Evilswarm Heliotrope,Normal Monster,Rock,1950,650,4,DARK,Lswarm
Evilswarm Hraesvelg,Flip Effect Monster,Winged Beast,1150,1850,4,DARK,Lswarm
Evilswarm Kerykeion,Effect Monster,Spellcaster,1600,1550,4,DARK,Lswarm
Evilswarm Ketos,Effect Monster,Aqua,1750,1050,4,DARK,Lswarm
Evilswarm Mandragora,Effect Monster,Plant,1550,1450,4,DARK,Lswarm
Evilswarm Nightmare,XYZ Monster,Fiend,950,1950,4,DARK,Lswarm
Evilswarm O'lantern,Effect Monster,Pyro,1650,1250,4,DARK,Lswarm
Evilswarm Obliviwisp,Effect Monster,Pyro,450,2050,4,DARK,Lswarm
Evilswarm Ophion,XYZ Monster,Dragon,2550,1650,4,DARK,Lswarm
Evilswarm Ouroboros,XYZ Monster,Dragon,2750,1950,4,DARK,Lswarm
Evilswarm Salamandra,Effect Monster,Dinosaur,1850,950,4,DARK,Lswarm
Evilswarm Thanatos,XYZ Monster,Fiend,2350,1350,4,DARK,Lswarm
Evilswarm Thunderbird,Effect Monster,Thunder,1650,1050,4,DARK,Lswarm
Evilswarm Zahak,Effect Monster,Dragon,1850,850,4,DARK,Lswarm
Evolsaur Cerato,Effect Monster,Dinosaur,1900,1400,4,FIRE,Evolsaur
Evolsaur Darwino,Effect Monster,Dinosaur,2200,700,5,FIRE,Evolsaur
Evolsaur Diplo,Effect Monster,Dinosaur,1600,800,4,FIRE,Evolsaur
Evolsaur Elias,Effect Monster,Dinosaur,100,2400,6,FIRE,Evolsaur
Evolsaur Pelta,Effect Monster,Dinosaur,1100,2000,4,FIRE,Evolsaur
Evolsaur Terias,Effect Monster,Dinosaur,2400,600,6,FIRE,Evolsaur
Evolsaur Vulcano,Effect Monster,Dinosaur,1200,1000,4,FIRE,Evolsaur
Evoltile Gephyro,Effect Monster,Reptile,200,400,1,FIRE,Evolsaur
Evoltile Lagosucho,Effect Monster,Reptile,1200,500,3,FIRE,Evolsaur
Evoltile Najasho,Effect Monster,Reptile,100,2000,2,FIRE,Evolsaur
Evoltile Odonto,Effect Monster,Reptile,500,1200,2,FIRE,Evolsaur
Evoltile Pleuro,Effect Monster,Reptile,200,200,1,FIRE,Evolsaur
Evoltile Westlo,Flip Effect Monster,Reptile,700,1900,3,FIRE,Evolsaur
"Exa, Enforcer of the Nekroz",Effect Monster,Dragon,2000,1000,5,WATER,Nekroz
Excode Talker,Link Monster,Cyberse,2300,-1,0,WIND,Code Talker
Exodia Necross,Effect Monster,Spellcaster,1800,0,4,DARK,Exodia
Exodia the Forbidden One,Effect Monster,Spellcaster,1000,1000,3,DARK,Exodia
"Exodia, the Legendary Defender",Effect Monster,Spellcaster,-1,-1,10,DARK,Exodia
Exodius the Ultimate Forbidden Lord,Effect Monster,Spellcaster,-1,0,10,DARK,Exodia
Exosister Asophiel,XYZ Monster,Warrior,2100,1800,4,LIGHT,Exosister
Exosister Elis,Effect Monster,Spellcaster,500,800,4,LIGHT,Exosister
Exosister Gibrine,XYZ Monster,Warrior,1400,2800,4,LIGHT,Exosister
Exosister Irene,Effect Monster,Spellcaster,400,800,4,LIGHT,Exosister
Exosister Karmael,XYZ Monster,Fairy,2600,1800,4,DARK,Exosister
Exosister Kaspitell,XYZ Monster,Warrior,2300,800,4,LIGHT,Exosister
Exosister Martha,Effect Monster,Spellcaster,1600,800,4,LIGHT,Exosister
Exosister Mikailis,XYZ Monster,Warrior,2500,1800,4,LIGHT,Exosister
Exosister Sophia,Effect Monster,Spellcaster,100,800,4,LIGHT,Exosister
Exosister Stella,Effect Monster,Spellcaster,300,800,4,LIGHT,Exosister
Exosisters Magnifica,XYZ Monster,Warrior,2800,2800,8,LIGHT,Exosister
Exploderokket Dragon,Effect Monster,Dragon,2000,2000,7,DARK,Rokket
Express Train Trolley Olley,Effect Monster,Machine,1800,1000,4,EARTH,Train
Expressroid,Effect Monster,Machine,400,1600,4,EARTH,Roid
Exstellarknight Constellar Ptolemy Ω7,XYZ Monster,Machine,2700,2700,7,LIGHT,Constellar
Fabled Andwraith,Synchro Monster,Fiend,2400,1900,6,LIGHT,Fabled
Fabled Ashenveil,Effect Monster,Fiend,1600,1200,4,LIGHT,Fabled
Fabled Dianaira,Effect Monster,Fiend,2800,100,8,LIGHT,Fabled
Fabled Dyf,Effect Monster,Fiend,1400,1700,3,LIGHT,Fabled
Fabled Gallabas,Effect Monster,Fiend,1500,800,4,LIGHT,Fabled
Fabled Gammajin,Synchro Tuner Monster,Fiend,2000,0,4,LIGHT,Fabled
Fabled Grimro,Effect Monster,Fiend,1700,1000,4,LIGHT,Fabled
Fabled Krus,Effect Monster,Fiend,1000,800,2,LIGHT,Fabled
Fabled Kushano,Tuner Monster,Fiend,1100,800,3,LIGHT,Fabled
Fabled Leviathan,Synchro Monster,Fiend,3000,2000,10,LIGHT,Fabled
Fabled Levilazebul,Synchro Monster,Fiend,3050,1950,10,LIGHT,Fabled
Fabled Lurrie,Effect Monster,Fiend,200,400,1,LIGHT,Fabled
Fabled Marcosia,Effect Monster,Fiend,1700,0,4,LIGHT,Fabled
Fabled Miztoji,Tuner Monster,Fiend,400,200,2,LIGHT,Fabled
Fabled Oltro,Tuner Monster,Fiend,800,500,2,LIGHT,Fabled
Fabled Ragin,Synchro Monster,Fiend,2300,1800,5,LIGHT,Fabled
Fabled Raven,Tuner Monster,Fiend,1300,1000,2,LIGHT,Fabled
Fabled Soulkius,Effect Monster,Fiend,2200,2100,6,LIGHT,Fabled
Fabled Topi,Effect Monster,Fiend,500,200,1,LIGHT,Fabled
Fabled Urustos,Effect Monster,Fiend,1500,200,4,LIGHT,Fabled
Fabled Valkyrus,Synchro Monster,Fiend,2900,1700,8,LIGHT,Fabled
Fairy Guardian,Effect Monster,Fairy,1000,1000,3,WIND,Guardian
Fairy of the Fountain,Normal Monster,Aqua,1600,1100,4,WATER,Recolored counterpart
Fallen of Albaz,Effect Monster,Dragon,1800,0,4,DARK,Dogmatika
Familiar-Possessed - Aussa,Effect Monster,Spellcaster,1850,1500,4,EARTH,Charmer
Familiar-Possessed - Dharc,Effect Monster,Spellcaster,1850,1500,4,DARK,Charmer
Familiar-Possessed - Eria,Effect Monster,Spellcaster,1850,1500,4,WATER,Charmer
Familiar-Possessed - Hiita,Effect Monster,Spellcaster,1850,1500,4,FIRE,Charmer
Familiar-Possessed - Lyna,Effect Monster,Spellcaster,1850,1500,4,LIGHT,Charmer
Familiar-Possessed - Wynn,Effect Monster,Spellcaster,1850,1500,4,WIND,Charmer
"Farfa, Malebranche of the Burning Abyss",Effect Monster,Fiend,1000,1900,3,DARK,Burning Abyss
FaSolfachord Fancia,Pendulum Effect Monster,Fairy,1600,400,4,FIRE,Solfachord
Favorite HERO Flame Wingman,Fusion Monster,Warrior,2100,1200,6,WIND,Elemental HERO
Favorite HERO Shining Flare Wingman,Fusion Monster,Warrior,2500,2100,8,LIGHT,Elemental HERO
"Felis, Lightsworn Archer",Tuner Monster,Beast-Warrior,1100,2000,4,LIGHT,Lightsworn
Fiend Skull Dragon,Fusion Monster,Dragon,2000,1200,5,WIND,Archfiend
"Filo, Messenger Fur Hire",Effect Monster,Winged Beast,0,0,1,WIND,Fur Hire
Fire King Avatar Arvata,Effect Monster,Beast-Warrior,1800,200,4,FIRE,Fire King
Fire King Avatar Barong,Effect Monster,Beast-Warrior,1800,200,4,FIRE,Fire King
Fire King Avatar Garunix,Effect Monster,Winged Beast,700,1700,3,FIRE,Fire King
Fire King Avatar Kirin,Effect Monster,Beast,1000,200,3,FIRE,Fire King
Fire King Avatar Rangbali,Effect Monster,Beast-Warrior,1600,200,4,FIRE,Fire King
Fire King Avatar Yaksha,Effect Monster,Beast-Warrior,1800,200,4,FIRE,Fire King
Fire King Courtier Ulcanix,Effect Monster,Winged Beast,800,2000,4,FIRE,Fire King
Fire King High Avatar Garunix,Effect Monster,Winged Beast,2700,1700,8,FIRE,Fire King
Fire King High Avatar Kirin,Effect Monster,Beast,2400,200,8,FIRE,Fire King
Fire Phoenix @Ignister,Link Monster,Cyberse,2300,-1,0,FIRE,@Ignister
First Penguin,Effect Monster,Winged Beast,100,100,1,WATER,Penguin
Fist Armed Dragon,Effect Monster,Dragon,2400,1700,5,WIND,Armed Dragon
Flame Armor Ninja,Effect Monster,Warrior,1700,1000,4,FIRE,Ninja
Flamvell Archer,Tuner Monster,Pyro,1000,200,3,FIRE,Flamvell
Flamvell Baby,Tuner Monster,Pyro,800,200,1,FIRE,Flamvell
Flamvell Commando,Effect Monster,Pyro,2200,200,6,FIRE,Flamvell
Flamvell Dragnov,Effect Monster,Dragon,1100,200,2,FIRE,Flamvell
Flamvell Fiend,Effect Monster,Fiend,2100,1200,5,FIRE,Flamvell
Flamvell Firedog,Effect Monster,Beast,1900,200,4,FIRE,Flamvell
Flamvell Grunika,Effect Monster,Dragon,1700,200,4,FIRE,Flamvell
Flamvell Guard,Normal Tuner Monster,Dragon,100,2000,1,FIRE,Flamvell
Flamvell Magician,Tuner Monster,Spellcaster,1400,200,4,FIRE,Flamvell
Flamvell Poun,Effect Monster,Pyro,200,200,1,FIRE,Flamvell
Flamvell Uruquizas,Synchro Monster,Pyro,2100,400,6,FIRE,Flamvell
Flare Resonator,Tuner Monster,Fiend,300,1300,3,FIRE,Resonator
Fleur Synchron,Tuner Monster,Machine,400,200,2,LIGHT,Synchron
Flint Cragger,Effect Monster,Rock,800,1600,3,EARTH,Fossil
Flip Flop Frog,Effect Monster,Aqua,500,200,2,WATER,Frog
Flower Cardian Boardefly,Synchro Monster,Warrior,2000,2000,6,DARK,Flower Cardian
Flower Cardian Cherry Blossom,Effect Monster,Warrior,100,100,3,DARK,Flower Cardian
Flower Cardian Cherry Blossom with Curtain,Effect Monster,Warrior,2000,2000,3,DARK,Flower Cardian
Flower Cardian Clover with Boar,Effect Monster,Warrior,1000,1000,7,DARK,Flower Cardian
Flower Cardian Lightflare,Synchro Monster,Warrior,5000,0,10,DARK,Flower Cardian
Flower Cardian Lightshower,Synchro Monster,Warrior,3000,3000,8,DARK,Flower Cardian
Flower Cardian Maple with Deer,Effect Monster,Warrior,1000,1000,10,DARK,Flower Cardian
Flower Cardian Moonflowerviewing,Synchro Tuner Monster,Warrior,2000,2000,6,DARK,Flower Cardian
Flower Cardian Paulownia,Effect Monster,Warrior,100,100,12,DARK,Flower Cardian
Flower Cardian Paulownia with Phoenix,Effect Monster,Warrior,2000,2000,12,DARK,Flower Cardian
Flower Cardian Peony with Butterfly,Tuner Monster,Warrior,1000,1000,6,DARK,Flower Cardian
Flower Cardian Pine,Effect Monster,Warrior,100,100,1,DARK,Flower Cardian
Flower Cardian Pine with Crane,Effect Monster,Warrior,2000,2000,1,DARK,Flower Cardian
Flower Cardian Willow,Effect Monster,Warrior,100,100,11,DARK,Flower Cardian
Flower Cardian Willow with Calligrapher,Tuner Monster,Warrior,2000,2000,11,DARK,Flower Cardian
Flower Cardian Zebra Grass,Effect Monster,Warrior,100,100,8,DARK,Flower Cardian
Flower Cardian Zebra Grass with Moon,Effect Monster,Warrior,2000,2000,8,DARK,Flower Cardian
Flowering Etoile the Melodious Magnificat,Fusion Monster,Fairy,2800,1500,8,LIGHT,Melodious
Fluffal Angel,Pendulum Effect Monster,Fairy,600,1200,2,LIGHT,Fluffal
Fluffal Bear,Effect Monster,Fairy,1200,800,3,EARTH,Fluffal
Fluffal Cat,Effect Monster,Fairy,700,300,1,EARTH,Fluffal
Fluffal Dog,Effect Monster,Fairy,1700,1000,4,EARTH,Fluffal
Fluffal Dolphin,Effect Monster,Fairy,1600,1000,4,WATER,Fluffal
Fluffal Leo,Effect Monster,Fairy,1600,1200,4,EARTH,Fluffal
Fluffal Mouse,Effect Monster,Fairy,100,100,1,EARTH,Fluffal
Fluffal Octopus,Effect Monster,Fairy,800,800,1,WATER,Fluffal
Fluffal Owl,Effect Monster,Fairy,1000,1000,2,EARTH,Fluffal
Fluffal Penguin,Effect Monster,Fairy,1600,1100,4,WATER,Fluffal
Fluffal Rabbit,Effect Monster,Fairy,300,1200,1,EARTH,Fluffal
Fluffal Sheep,Effect Monster,Fairy,400,800,2,EARTH,Fluffal
Fluffal Wings,Effect Monster,Fairy,100,100,1,LIGHT,Fluffal
Flying Pegasus Railroad Stampede,Effect Monster,Machine,1800,1000,4,EARTH,Train
Flying Penguin,Normal Monster,Aqua,1200,1000,4,WATER,Penguin
Flying Saucer Muusik'i,Effect Monster,Machine,1000,2000,5,LIGHT,Alien
"Folgo, Justice Fur Hire",Link Monster,Beast,2400,-1,0,DARK,Fur Hire
Fool of Prophecy,Effect Monster,Spellcaster,1600,900,3,EARTH,Spellbook
Forbidden Cyber Style Technique,Skill Card,Zane Truesdal,-1,-1,0,NONE,Cyber
Force Resonator,Tuner Monster,Fiend,500,500,2,WATER,Resonator
Formula Synchron,Synchro Tuner Monster,Machine,200,1500,2,LIGHT,Synchron
Fortress Whale,Ritual Monster,Fish,2350,2150,7,WATER,Umi
Fortune Chariot,Union Effect Monster,Fairy,1000,2000,6,WIND,Valkyrie
Fossil Dragon Skullgar,Fusion Monster,Rock,2500,0,4,EARTH,Fossil
Fossil Dragon Skullgios,Fusion Monster,Rock,3500,0,8,EARTH,Fossil
Fossil Machine Skull Buggy,Fusion Monster,Rock,1400,1200,4,EARTH,Fossil
Fossil Machine Skull Convoy,Fusion Monster,Rock,2100,1800,8,EARTH,Fossil
Fossil Machine Skull Wagon,Fusion Monster,Rock,1700,1500,6,EARTH,Fossil
Fossil Warrior Skull Bone,Fusion Monster,Rock,2000,800,4,EARTH,Fossil
Fossil Warrior Skull King,Fusion Monster,Rock,2800,1300,8,EARTH,Fossil
Fossil Warrior Skull Knight,Fusion Monster,Rock,2400,1100,6,EARTH,Fossil
Frightfur Bear,Fusion Monster,Fiend,2200,1800,6,DARK,Edge Imp
Frightfur Daredevil,Fusion Monster,Fiend,3000,2200,8,DARK,Edge Imp
Frightfur Kraken,Fusion Monster,Fiend,2200,3000,8,WATER,Edge Imp
Frightfur Leo,Fusion Monster,Fiend,2400,2000,7,DARK,Edge Imp
Frightfur Sabre-Tooth,Fusion Monster,Fiend,2400,2000,8,DARK,Edge Imp
Frightfur Sheep,Fusion Monster,Fiend,2000,2000,5,DARK,Edge Imp
Frightfur Tiger,Fusion Monster,Fiend,1900,1200,6,DARK,Edge Imp
Frightfur Wolf,Fusion Monster,Fiend,2000,1500,6,DARK,Edge Imp
"Frodi, Generaider Boss of Swords",Effect Monster,Warrior,2500,2000,9,WIND,Generaider
Fullmetalfoes Alkahest,Fusion Monster,Psychic,0,0,1,FIRE,Metalfoes
"Gabrion, the Timelord",Effect Monster,Fairy,0,0,10,WATER,Timelord
"Gadarla, the Mystery Dust Kaiju",Effect Monster,Insect,2700,1600,8,WIND,Kaiju
Gadget Arms,Flip Effect Monster,Machine,200,400,2,WATER,Gadget
Gadget Driver,Effect Monster,Machine,200,200,1,EARTH,Gadget
Gadget Gamer,Effect Monster,Machine,300,300,3,EARTH,Gadget
Gadget Hauler,Effect Monster,Machine,1300,0,6,EARTH,Gadget
Gadget Soldier,Normal Monster,Machine,1800,2000,6,FIRE,Gadget
Gadget Trio,Effect Monster,Machine,1300,1100,4,EARTH,Gadget
Gagaga Caesar,Effect Monster,Warrior,1800,600,3,EARTH,Gagaga
Gagaga Child,Effect Monster,Spellcaster,800,1200,2,DARK,Gagaga
Gagaga Clerk,Effect Monster,Warrior,400,800,2,EARTH,Gagaga
Gagaga Cowboy,XYZ Monster,Warrior,1500,2400,4,EARTH,Gagaga
Gagaga Ganbara Knight,Effect Monster,Warrior,0,1800,4,LIGHT,Gagaga
Gagaga Gardna,Effect Monster,Warrior,1500,2000,4,EARTH,Gagaga
Gagaga Girl,Effect Monster,Spellcaster,1000,800,3,DARK,Gagaga
Gagaga Girl - Cell Phone Subtraction,Effect Monster,Spellcaster,1000,800,3,DARK,Gagaga
Gagaga Head,Effect Monster,Spellcaster,2100,2000,6,DARK,Gagaga
Gagaga Magician,Effect Monster,Spellcaster,1500,1000,4,DARK,Gagaga
Gagaga Magician - Gagaga Magic,Effect Monster,Spellcaster,1500,1000,4,DARK,Gagaga
Gagaga Mancer,Effect Monster,Spellcaster,100,100,4,DARK,Gagaga
Gagaga Samurai,XYZ Monster,Warrior,1900,1600,4,EARTH,Gagaga
Gagaga Sister,Effect Monster,Spellcaster,200,800,2,DARK,Gagaga
Gagagaga Girl,XYZ Monster,Spellcaster,1500,1800,4,DARK,Gagaga
Gagagaga Magician,XYZ Monster,Spellcaster,2000,2000,4,DARK,Gagaga
Gagaku-P.U.N.K. Wa Gon,Tuner Monster,Psychic,900,600,3,EARTH,P.U.N.K.
"Gaia Dragon, the Thunder Charger",XYZ Monster,Dragon,2600,2100,7,WIND,Gaia The Fierce Knight
"Gaia Drake, the Universal Force",Fusion Monster,Beast-Warrior,3500,2800,10,EARTH,Gaia The Fierce Knight
"Gaia Knight, the Force of Earth",Synchro Monster,Warrior,2600,800,6,EARTH,Gaia The Fierce Knight
"Gaia Saber, the Lightning Shadow",Link Monster,Machine,2600,-1,0,EARTH,Gaia The Fierce Knight
Gaia the Dragon Champion,Fusion Monster,Dragon,2600,2100,7,WIND,Gaia The Fierce Knight
Gaia The Fierce Knight,Normal Monster,Warrior,2300,2100,7,EARTH,Gaia The Fierce Knight
Gaia the Fierce Knight Origin,Effect Monster,Warrior,1600,1200,4,EARTH,Gaia The Fierce Knight
Gaia the Magical Knight,Effect Monster,Warrior,2300,2100,7,LIGHT,Gaia The Fierce Knight
Gaia the Magical Knight of Dragons,Fusion Monster,Dragon,2600,2100,7,WIND,Gaia The Fierce Knight
"Gaia, the Mid-Knight Sun",Effect Monster,Warrior,1600,1200,4,LIGHT,Gaia The Fierce Knight
"Gaia, the Polar Knight",Effect Monster,Warrior,1600,1200,4,DARK,Gaia The Fierce Knight
Galaxy Brave,Effect Monster,Warrior,0,0,8,LIGHT,Photon
Galaxy Knight,Effect Monster,Warrior,2800,2600,8,LIGHT,Galaxy-Eyes
Galaxy-Eyes Afterglow Dragon,Effect Monster,Dragon,3000,2500,8,LIGHT,Galaxy-Eyes
Galaxy-Eyes Cipher Blade Dragon,XYZ Monster,Dragon,3200,2800,9,LIGHT,Cipher
Galaxy-Eyes Cipher Dragon,XYZ Monster,Dragon,3000,2500,8,LIGHT,Cipher
Galaxy-Eyes Cipher X Dragon,XYZ Monster,Dragon,4000,3000,10,LIGHT,Galaxy-Eyes
Galaxy-Eyes Cloudragon,Effect Monster,Dragon,300,250,1,LIGHT,Galaxy-Eyes
Galaxy-Eyes Full Armor Photon Dragon,XYZ Monster,Dragon,4000,3500,8,LIGHT,Galaxy-Eyes
Galaxy-Eyes Photon Dragon,Effect Monster,Dragon,3000,2500,8,LIGHT,Galaxy-Eyes
"Gameciel, the Sea Turtle Kaiju",Effect Monster,Aqua,2200,3000,8,WATER,Kaiju
Garden Rose Flora,Synchro Tuner Monster,Plant,800,1600,5,LIGHT,Rose
Garden Rose Maiden,Synchro Monster,Plant,1600,2400,5,DARK,Rose Dragon
Garmr of the Nordic Beasts,Effect Monster,Beast,800,1900,4,DARK,Nordic
"Garoth, Lightsworn Warrior",Effect Monster,Warrior,1850,1300,4,LIGHT,Lightsworn
"Garunix Eternity, Hyang of the Fire Kings",XYZ Monster,Pyro,3000,2000,8,FIRE,Fire King
"Gashadokuro, the Skeletal Mayakashi",Synchro Monster,Zombie,3300,2600,11,DARK,Mayakashi
Gatchiri @Ignister,Effect Monster,Cyberse,0,3000,8,EARTH,@Ignister
Gear Gigant X,XYZ Monster,Machine,2300,1500,4,EARTH,Geargia
Gearfried the Red-Eyes Iron Knight,Effect Monster,Warrior,1800,1600,4,DARK,Red-Eyes
Geargiaccelerator,Effect Monster,Machine,1400,800,4,EARTH,Geargia
Geargiagear Gigant XG,XYZ Monster,Machine,2500,1300,3,EARTH,Geargia
Geargianchor,Effect Monster,Machine,1800,500,4,EARTH,Geargia
Geargiano,Effect Monster,Machine,500,1000,3,EARTH,Geargia
Geargiano Mk-II,Effect Monster,Machine,1000,500,3,EARTH,Geargia
Geargiano Mk-III,Effect Monster,Machine,1000,1000,3,EARTH,Geargia
Geargiarmor,Effect Monster,Machine,1100,1900,4,EARTH,Geargia
Geargiarsenal,Effect Monster,Machine,1500,500,4,EARTH,Geargia
Geargiattacker,Effect Monster,Machine,1900,100,4,EARTH,Geargia
Geargiauger,Effect Monster,Machine,500,500,4,EARTH,Geargia
Geira Guile the Cubic King,Effect Monster,Fairy,0,0,2,WIND,Cubic
Gem-Armadillo,Effect Monster,Rock,1700,500,4,EARTH,Gem-
Gem-Elephant,Effect Monster,Rock,400,1900,3,EARTH,Gem-
Gem-Knight Alexandrite,Effect Monster,Rock,1800,1200,4,EARTH,Gem-
Gem-Knight Amber,Gemini Monster,Thunder,1600,1400,4,EARTH,Gem-
Gem-Knight Amethyst,Fusion Monster,Aqua,1950,2450,7,EARTH,Gem-
Gem-Knight Aquamarine,Fusion Monster,Aqua,1400,2600,6,EARTH,Gem-
Gem-Knight Citrine,Fusion Monster,Pyro,2200,1950,7,EARTH,Gem-
Gem-Knight Crystal,Normal Monster,Rock,2450,1950,7,EARTH,Gem-
Gem-Knight Emerald,Effect Monster,Rock,1800,800,4,EARTH,Gem-
Gem-Knight Garnet,Normal Monster,Pyro,1900,0,4,EARTH,Gem-
Gem-Knight Hollowcore,Effect Monster,Fiend,1950,2450,7,DARK,Gem-
Gem-Knight Iolite,Gemini Monster,Aqua,1300,2000,4,EARTH,Gem-
Gem-Knight Lady Brilliant Diamond,Fusion Monster,Rock,3400,2000,10,EARTH,Gem-
Gem-Knight Lady Lapis Lazuli,Fusion Monster,Rock,2400,1000,5,EARTH,Gem-
Gem-Knight Lady Rose Diamond,Fusion Monster,Fairy,2700,2400,8,EARTH,Gem-
Gem-Knight Lapis,Normal Monster,Rock,1200,100,3,EARTH,Gem-
Gem-Knight Lazuli,Effect Monster,Rock,600,100,1,EARTH,Gem-
Gem-Knight Master Diamond,Fusion Monster,Rock,2900,2500,9,EARTH,Gem-
Gem-Knight Master Diamond Dispersion,Fusion Monster,Rock,3000,2600,9,EARTH,Gem-
Gem-Knight Nepyrim,Effect Monster,Fairy,1550,1600,4,LIGHT,Gem-
Gem-Knight Obsidian,Effect Monster,Rock,1500,1200,3,EARTH,Gem-
Gem-Knight Pearl,XYZ Monster,Rock,2600,1900,4,EARTH,Gem-
Gem-Knight Phantom Quartz,Link Monster,Rock,1450,-1,0,EARTH,Gem-
Gem-Knight Prismaura,Fusion Monster,Thunder,2450,1400,7,EARTH,Gem-
Gem-Knight Quartz,Effect Monster,Fairy,1500,1500,4,EARTH,Gem-
Gem-Knight Ruby,Fusion Monster,Pyro,2500,1300,6,EARTH,Gem-
Gem-Knight Sapphire,Normal Monster,Aqua,0,2100,4,EARTH,Gem-
Gem-Knight Sardonyx,Gemini Monster,Pyro,1800,900,4,EARTH,Gem-
Gem-Knight Seraphinite,Fusion Monster,Fairy,2300,1400,5,EARTH,Gem-
Gem-Knight Topaz,Fusion Monster,Thunder,1800,1800,6,EARTH,Gem-
Gem-Knight Tourmaline,Normal Monster,Thunder,1600,1800,4,EARTH,Gem-
Gem-Knight Zirconia,Fusion Monster,Rock,2900,2500,8,EARTH,Gem-
Gem-Merchant,Effect Monster,Spellcaster,1000,1000,3,EARTH,Gem-
Gem-Turtle,Flip Effect Monster,Rock,0,2000,4,EARTH,Gem-
General Gantala of the Ice Barrier,Effect Monster,Warrior,2700,2000,7,WATER,Ice Barrier
General Grunard of the Ice Barrier,Effect Monster,Warrior,2800,1000,8,WATER,Ice Barrier
General Raiho of the Ice Barrier,Effect Monster,Warrior,2100,2300,6,WATER,Ice Barrier
General Wayne of the Ice Barrier,Effect Monster,Warrior,2100,400,5,WATER,Ice Barrier
Genex Ally Axel,Synchro Monster,Machine,2600,2000,8,DARK,Genex
Genex Ally Bellflame,Effect Monster,Machine,1700,1000,4,DARK,Genex
Genex Ally Birdman,Tuner Monster,Machine,1400,400,3,DARK,Genex
Genex Ally Changer,Effect Monster,Machine,1200,1800,3,DARK,Genex
Genex Ally Chemistrer,Tuner Monster,Machine,200,500,2,DARK,Genex
Genex Ally Crusher,Effect Monster,Machine,1000,2000,4,DARK,Genex
Genex Ally Duradark,Effect Monster,Machine,1800,200,4,DARK,Genex
Genex Ally Powercell,Effect Monster,Machine,1700,0,4,DARK,Genex
Genex Ally Reliever,Effect Monster,Machine,2200,1000,5,DARK,Genex
Genex Ally Remote,Tuner Monster,Machine,500,1800,3,DARK,Genex
Genex Ally Solid,Effect Monster,Machine,500,1200,2,DARK,Genex
Genex Ally Triarm,Synchro Monster,Machine,2400,1600,6,DARK,Genex
Genex Ally Triforce,Synchro Monster,Machine,2500,2100,7,DARK,Genex
Genex Ally Volcannon,Effect Monster,Machine,1700,600,4,DARK,Genex
Genex Army,Effect Monster,Machine,2300,1300,6,EARTH,Genex
Genex Blastfan,Effect Monster,Spellcaster,1600,1300,4,WIND,Genex
Genex Controller,Normal Tuner Monster,Machine,1400,1200,3,DARK,Genex
Genex Doctor,Effect Monster,Spellcaster,1500,1000,3,DARK,Genex
Genex Furnace,Effect Monster,Pyro,2000,1300,5,FIRE,Genex
Genex Gaia,Effect Monster,Rock,1000,1900,3,EARTH,Genex
Genex Neutron,Effect Monster,Machine,1800,1200,4,LIGHT,Genex
Genex Power Planner,Effect Monster,Spellcaster,300,200,1,LIGHT,Genex
Genex Recycled,Tuner Monster,Machine,200,400,1,DARK,Genex
Genex Searcher,Effect Monster,Machine,1600,400,4,EARTH,Genex
Genex Solar,Effect Monster,Machine,2500,1500,7,LIGHT,Genex
Genex Spare,Tuner Monster,Machine,800,1200,3,DARK,Genex
Genex Turbine,Effect Monster,Machine,1400,1300,4,EARTH,Genex
Genex Undine,Effect Monster,Aqua,1200,600,3,WATER,Genex
Genex Worker,Effect Monster,Machine,1200,1200,3,WIND,Genex
"Genni, the Maid of Endymion",Effect Monster,Spellcaster,300,500,1,WIND,Endymion
"Genta, Gateman of Dark World",Effect Monster,Fiend,1000,1800,4,DARK,Dark World
Geo Genex,Synchro Monster,Machine,1800,2800,6,EARTH,Genex
Geomancer of the Ice Barrier,Tuner Monster,Spellcaster,800,1200,3,WATER,Ice Barrier
Geomathmech Final Sigma,Synchro Monster,Cyberse,3000,0,12,FIRE,Mathmech
Geomathmech Magma,Synchro Tuner Monster,Cyberse,2500,0,8,FIRE,Mathmech
"Georgius, Swordman of the Ice Barrier",Tuner Monster,Winged Beast,2000,1200,6,WATER,Ice Barrier
Ghostrick Alucard,XYZ Monster,Zombie,1800,1600,3,DARK,Ghostrick
Ghostrick Angel of Mischief,XYZ Monster,Fairy,2000,2500,4,DARK,Ghostrick
Ghostrick Doll,Effect Monster,Spellcaster,300,1200,2,DARK,Ghostrick
Ghostrick Dullahan,XYZ Monster,Fiend,1000,0,1,DARK,Ghostrick
Ghostrick Fairy,Effect Monster,Spellcaster,900,1000,2,DARK,Ghostrick
Ghostrick Festival,Link Monster,Spellcaster,0,-1,0,DARK,Ghostrick
Ghostrick Ghoul,Effect Monster,Zombie,1100,1200,3,DARK,Ghostrick
Ghostrick Jackfrost,Effect Monster,Fiend,800,100,1,DARK,Ghostrick
Ghostrick Jiangshi,Effect Monster,Zombie,400,1800,3,DARK,Ghostrick
Ghostrick Lantern,Effect Monster,Fiend,800,0,1,DARK,Ghostrick
Ghostrick Mary,Effect Monster,Fiend,100,1600,1,DARK,Ghostrick
Ghostrick Mummy,Effect Monster,Zombie,1500,0,3,DARK,Ghostrick
Ghostrick Nekomusume,Effect Monster,Spellcaster,400,900,2,DARK,Ghostrick
Ghostrick Siren,Effect Monster,Fairy,800,1500,4,DARK,Ghostrick
Ghostrick Skeleton,Effect Monster,Zombie,1200,1100,3,DARK,Ghostrick
Ghostrick Socuteboss,XYZ Monster,Spellcaster,1400,1200,2,DARK,Ghostrick
Ghostrick Specter,Effect Monster,Fiend,600,0,1,DARK,Ghostrick
Ghostrick Stein,Effect Monster,Zombie,1600,0,3,DARK,Ghostrick
Ghostrick Warwolf,Effect Monster,Zombie,1400,1500,3,DARK,Ghostrick
Ghostrick Witch,Effect Monster,Spellcaster,1200,200,2,DARK,Ghostrick
Ghostrick Yeti,Effect Monster,Zombie,300,2000,3,DARK,Ghostrick
Ghostrick Yuki-onna,Effect Monster,Spellcaster,1000,800,2,DARK,Ghostrick
Ghoti of the Deep Beyond,Synchro Monster,Fish,-1,0,10,WATER,Ghoti
Ghoul with an Appetite,Normal Monster,Zombie,1600,1200,4,DARK,Recolored counterpart
Giant Beetrooper Invincible Atlas,Link Monster,Insect,3000,-1,0,EARTH,Beetrooper
Giant Scorpion of the Tundra,Normal Monster,Insect,1100,1000,3,EARTH,Recolored counterpart
Gimmick Puppet Bisque Doll,Effect Monster,Machine,1000,1000,8,DARK,Gimmick Puppet
Gimmick Puppet Cattle Scream,Effect Monster,Machine,2000,2000,8,DARK,Gimmick Puppet
Gimmick Puppet Chimera Doll,Link Monster,Machine,1500,-1,0,DARK,Gimmick Puppet
Gimmick Puppet Des Troy,Effect Monster,Machine,1200,2000,4,DARK,Gimmick Puppet
Gimmick Puppet Dreary Doll,Effect Monster,Machine,0,0,8,DARK,Gimmick Puppet
Gimmick Puppet Egg Head,Effect Monster,Machine,1600,1200,4,EARTH,Gimmick Puppet
Gimmick Puppet Fantasix Machinix,XYZ Monster,Machine,1500,3100,8,DARK,Gimmick Puppet
Gimmick Puppet Fiendish Knight,Effect Monster,Machine,1800,500,4,DARK,Gimmick Puppet
Gimmick Puppet Gear Changer,Effect Monster,Machine,100,100,1,EARTH,Gimmick Puppet
Gimmick Puppet Gigantes Doll,XYZ Monster,Machine,0,2000,4,DARK,Gimmick Puppet
Gimmick Puppet Humpty Dumpty,Effect Monster,Machine,0,100,4,DARK,Gimmick Puppet
Gimmick Puppet Little Soldiers,Effect Monster,Machine,0,0,4,DARK,Gimmick Puppet
Gimmick Puppet Magnet Doll,Effect Monster,Machine,1000,1000,8,DARK,Gimmick Puppet
Gimmick Puppet Nightmare,Effect Monster,Machine,1000,2000,8,DARK,Gimmick Puppet
Gimmick Puppet Rouge Doll,Effect Monster,Machine,400,1400,8,DARK,Gimmick Puppet
Gimmick Puppet Scissor Arms,Effect Monster,Machine,1200,600,4,DARK,Gimmick Puppet
Gimmick Puppet Shadow Feeler,Effect Monster,Machine,1000,1000,8,DARK,Gimmick Puppet
Gimmick Puppet Terror Baby,Effect Monster,Machine,500,0,4,DARK,Gimmick Puppet
Gimmick Puppet Twilight Joker,Effect Monster,Machine,800,1600,8,DARK,Gimmick Puppet
"Girsu, the Orcust Mekk-Knight",Effect Monster,Machine,1800,0,4,DARK,Mekk-Knight
Gishki Abyss,Effect Monster,Fish,800,500,2,WATER,Gishki
Gishki Ariel,Flip Effect Monster,Spellcaster,1000,1800,4,WATER,Gishki
Gishki Avance,Effect Monster,Spellcaster,1500,800,4,WATER,Gishki
Gishki Beast,Effect Monster,Beast,1500,1300,4,WATER,Gishki
Gishki Chain,Effect Monster,Sea Serpent,1800,1000,4,WATER,Gishki
Gishki Diviner,Effect Monster,Sea Serpent,1200,800,3,WATER,Gishki
Gishki Emilia,Spirit Monster,Spellcaster,1600,800,4,WATER,Gishki
Gishki Grimness,Effect Monster,Fish,600,700,2,WATER,Gishki
Gishki Marker,Effect Monster,Aqua,1600,1200,4,WATER,Gishki
Gishki Mollusk,Effect Monster,Aqua,1700,900,4,WATER,Gishki
Gishki Natalia,Spirit Monster,Spellcaster,1800,900,4,WATER,Gishki
Gishki Noellia,Effect Monster,Spellcaster,1700,1000,4,WATER,Gishki
Gishki Psychelone,Ritual Effect Monster,Fiend,2150,1650,4,WATER,Gishki
Gishki Reliever,Effect Monster,Aqua,500,800,2,WATER,Gishki
Gishki Shadow,Effect Monster,Sea Serpent,1200,1000,4,WATER,Gishki
Gishki Vanity,Effect Monster,Aqua,1000,800,2,WATER,Gishki
Gishki Vision,Effect Monster,Sea Serpent,700,500,2,WATER,Gishki
Gishki Zielgigas,Ritual Effect Monster,Aqua,3200,0,10,WATER,Gishki
Glacial Beast Polar Penguin,Tuner Monster,Aqua,800,1000,3,WATER,Penguin
Gladiator Beast Alexander,Effect Monster,Beast,2400,600,6,LIGHT,Gladiator Beast
Gladiator Beast Andabata,Fusion Monster,Beast-Warrior,1000,2800,8,DARK,Gladiator Beast
Gladiator Beast Andal,Normal Monster,Beast-Warrior,1900,1500,4,EARTH,Gladiator Beast
Gladiator Beast Attorix,Effect Monster,Beast-Warrior,800,2000,4,EARTH,Gladiator Beast
Gladiator Beast Augustus,Effect Monster,Winged Beast,2600,1000,8,DARK,Gladiator Beast
Gladiator Beast Bestiari,Effect Monster,Winged Beast,1500,800,4,WIND,Gladiator Beast
Gladiator Beast Darius,Effect Monster,Beast-Warrior,1700,300,4,EARTH,Gladiator Beast
Gladiator Beast Dimacari,Effect Monster,Beast,1600,1200,4,EARTH,Gladiator Beast
Gladiator Beast Domitianus,Fusion Monster,Sea Serpent,3500,1200,10,DARK,Gladiator Beast
Gladiator Beast Dragases,Link Monster,Winged Beast,2000,-1,0,WIND,Gladiator Beast
Gladiator Beast Equeste,Effect Monster,Winged Beast,1600,1200,4,WIND,Gladiator Beast
Gladiator Beast Essedarii,Fusion Monster,Beast,2500,1400,5,EARTH,Gladiator Beast
Gladiator Beast Gaiodiaz,Fusion Monster,Dinosaur,2600,1500,7,DARK,Gladiator Beast
Gladiator Beast Gyzarus,Fusion Monster,Winged Beast,2400,1500,6,DARK,Gladiator Beast
Gladiator Beast Heraklinos,Fusion Monster,Beast-Warrior,3000,2800,8,FIRE,Gladiator Beast
Gladiator Beast Hoplomus,Effect Monster,Rock,700,2100,4,EARTH,Gladiator Beast
Gladiator Beast Lanista,Effect Monster,Winged Beast,1800,1200,4,WIND,Gladiator Beast
Gladiator Beast Laquari,Effect Monster,Beast-Warrior,1800,400,4,FIRE,Gladiator Beast
Gladiator Beast Murmillo,Effect Monster,Fish,800,400,3,WATER,Gladiator Beast
Gladiator Beast Nerokius,Fusion Monster,Winged Beast,2800,1900,8,DARK,Gladiator Beast
Gladiator Beast Noxious,Effect Monster,Beast-Warrior,0,1000,5,DARK,Gladiator Beast
Gladiator Beast Octavius,Effect Monster,Winged Beast,2500,1200,7,LIGHT,Gladiator Beast
Gladiator Beast Retiari,Effect Monster,Aqua,1200,800,3,WATER,Gladiator Beast
Gladiator Beast Sagittarii,Effect Monster,Winged Beast,1400,1000,3,WIND,Gladiator Beast
Gladiator Beast Samnite,Effect Monster,Beast,1600,1200,3,EARTH,Gladiator Beast
Gladiator Beast Secutor,Effect Monster,Reptile,400,300,4,WIND,Gladiator Beast
Gladiator Beast Spartacus,Effect Monster,Dinosaur,2200,1600,5,EARTH,Gladiator Beast
Gladiator Beast Tamer Editor,Fusion Monster,Beast-Warrior,2400,3000,8,DARK,Gladiator Beast
Gladiator Beast Torax,Effect Monster,Fish,1400,400,3,WATER,Gladiator Beast
Gladiator Beast Tygerius,Effect Monster,Beast,1800,800,4,EARTH,Gladiator Beast
Gladiator Beast Vespasius,Effect Monster,Sea Serpent,2300,0,7,WATER,Gladiator Beast
Go! - D/D/D Divine Zero King Rage,Pendulum Effect Monster,Fiend,0,0,10,DARK,D/D
Goblin Biker Big Gabonga,XYZ Monster,Beast-Warrior,2100,0,3,LIGHT,Goblin
Goblin Biker Boom Mach,Effect Monster,Warrior,1300,0,3,WIND,Goblin
Goblin Biker Clatter Sploder,Effect Monster,Beast-Warrior,1500,0,3,FIRE,Goblin
Goblin Biker Dugg Charger,Effect Monster,Warrior,1600,0,3,EARTH,Goblin
Goblin Biker Mean Merciless,Effect Monster,Fiend,1300,0,3,WATER,Goblin
Goblin Biker Troika Griare,XYZ Monster,Warrior,1700,0,3,LIGHT,Goblin
Goblin Bikers Gone Bonkers,XYZ Monster,Fiend,2500,2000,6,DARK,Goblin
Goblin Bikers Gone Wild,Effect Monster,Fiend,2400,0,6,DARK,Goblin
Goblin Freefall Squad,Effect Monster,Warrior,0,2000,4,WIND,Goblin
Goblin's Crazy Beast,XYZ Monster,Fiend,2700,0,6,DARK,Goblin
Goddess Bow,Fusion Monster,Warrior,1500,1600,4,LIGHT,Legendary Knight
Goe Goe the Gallant Ninja,Effect Monster,Warrior,1500,1000,4,WIND,Ninja
Gogogo Goblindbergh,Effect Monster,Warrior,1400,0,4,EARTH,Goblin
Gold Gadget,Effect Monster,Machine,1700,800,4,LIGHT,Gadget
Gold Pride - Captain Carrie,Effect Monster,Fiend,900,1700,3,WATER,Gold Pride
Gold Pride - Chariot Carrie,XYZ Monster,Aqua,1900,2700,3,WATER,Gold Pride
Gold Pride - Eliminator,Tuner Monster,Machine,1800,800,5,EARTH,Gold Pride
Gold Pride - Eradicator,Synchro Monster,Warrior,2700,1700,8,DARK,Gold Pride
Gold Pride - Leon,Tuner Monster,Warrior,1500,1200,3,WIND,Gold Pride
Gold Pride - Nytro Blaster,Link Monster,Pyro,2300,-1,0,DARK,Gold Pride
Gold Pride - Nytro Head,Effect Monster,Pyro,2300,2600,8,FIRE,Gold Pride
Gold Pride - Pin Baller,Fusion Monster,Machine,3000,0,9,DARK,Gold Pride
Gold Pride - Roller Baller,Effect Monster,Psychic,1800,1600,5,EARTH,Gold Pride
Gold Pride - Star Leon,Synchro Monster,Thunder,2000,2000,6,LIGHT,Gold Pride
"Goldd, Wu-Lord of Dark World",Effect Monster,Fiend,2300,1400,5,DARK,Dark World
"Goldenhair, the Newest Plunder Patroll",Tuner Monster,Fiend,0,2000,4,WATER,Plunder Patroll
Golgoil the Steel Seismic Smasher,Effect Monster,Illusion,1800,3200,10,EARTH,Djinn
Gouki Bearhug,Effect Monster,Warrior,2400,0,6,EARTH,Gouki
Gouki Destroy Ogre,Link Monster,Warrior,2800,-1,0,EARTH,Gouki
Gouki Dragon Ogre,Synchro Monster,Warrior,2200,0,6,EARTH,Gouki
Gouki Guts,Effect Monster,Warrior,800,0,1,EARTH,Gouki
Gouki Headbatt,Effect Monster,Warrior,800,0,2,EARTH,Gouki
Gouki Heel Ogre,Link Monster,Warrior,1000,-1,0,EARTH,Gouki
Gouki Iron Claw,Effect Monster,Warrior,1000,0,2,EARTH,Gouki
Gouki Jet Ogre,Link Monster,Warrior,2000,-1,0,EARTH,Gouki
Gouki Machine Suprex,Tuner Monster,Warrior,1800,0,4,EARTH,Gouki
Gouki Moonsault,Effect Monster,Warrior,1900,0,6,EARTH,Gouki
Gouki Octostretch,Effect Monster,Warrior,0,0,1,EARTH,Gouki
Gouki Ringtrainer,Effect Monster,Warrior,0,0,1,EARTH,Gouki
Gouki Riscorpio,Effect Monster,Warrior,2300,0,5,EARTH,Gouki
Gouki Sheik Ogre,Link Monster,Warrior,1900,-1,0,EARTH,Gouki
Gouki Suprex,Effect Monster,Warrior,1800,0,4,EARTH,Gouki
Gouki Tagpartner,Effect Monster,Warrior,1700,0,5,EARTH,Gouki
Gouki The Blade Ogre,Link Monster,Warrior,2400,-1,0,EARTH,Gouki
Gouki The Giant Ogre,Link Monster,Warrior,3000,-1,0,EARTH,Gouki
Gouki The Great Ogre,Link Monster,Warrior,2600,-1,0,EARTH,Gouki
Gouki The Master Ogre,Link Monster,Warrior,2800,-1,0,EARTH,Gouki
Gouki The Powerload Ogre,Link Monster,Warrior,2800,-1,0,EARTH,Gouki
Gouki The Solid Ogre,Link Monster,Warrior,2400,-1,0,EARTH,Gouki
Gouki The Tyrant Ogre,Fusion Monster,Warrior,3500,0,8,EARTH,Gouki
Gouki Thunder Ogre,Link Monster,Warrior,2200,-1,0,EARTH,Gouki
Gouki Twistcobra,Effect Monster,Warrior,1600,0,3,EARTH,Gouki
Goyo Guardian,Synchro Monster,Warrior,2800,2000,6,EARTH,Guardian
"Graff, Malebranche of the Burning Abyss",Effect Monster,Fiend,1000,1500,3,DARK,Burning Abyss
"Gragonith, Lightsworn Dragon",Effect Monster,Dragon,2000,1600,6,LIGHT,Lightsworn
Grandmaster of the Six Samurai,Effect Monster,Warrior,2100,800,5,EARTH,Six Samurai
Granmarg the Mega Monarch,Effect Monster,Rock,2800,1000,8,EARTH,Monarch
Granmarg the Rock Monarch,Effect Monster,Rock,2400,1000,6,EARTH,Monarch
GranSolfachord Musecia,Link Monster,Fairy,1900,-1,0,LIGHT,Solfachord
"Grapha, Dragon Lord of Dark World",Effect Monster,Fiend,2700,1800,8,DARK,Dark World
"Grapha, Dragon Overlord of Dark World",Fusion Monster,Fiend,3200,2300,10,DARK,Dark World
Gravekeeper's Ambusher,Effect Monster,Spellcaster,1700,0,4,DARK,Gravekeeper's
Gravekeeper's Assailant,Effect Monster,Spellcaster,1500,1500,4,DARK,Gravekeeper's
Gravekeeper's Cannonholder,Effect Monster,Spellcaster,1400,1200,4,DARK,Gravekeeper's
Gravekeeper's Chief,Effect Monster,Spellcaster,1900,1200,5,DARK,Gravekeeper's
Gravekeeper's Commandant,Effect Monster,Spellcaster,1600,1500,4,EARTH,Gravekeeper's
Gravekeeper's Curse,Effect Monster,Spellcaster,800,800,3,DARK,Gravekeeper's
Gravekeeper's Descendant,Effect Monster,Spellcaster,1500,1200,4,DARK,Gravekeeper's
Gravekeeper's Guard,Flip Effect Monster,Spellcaster,1000,1900,4,DARK,Gravekeeper's
Gravekeeper's Headman,Effect Monster,Spellcaster,500,1500,3,DARK,Gravekeeper's
Gravekeeper's Heretic,Effect Monster,Spellcaster,1800,1500,4,DARK,Gravekeeper's
Gravekeeper's Nobleman,Effect Monster,Spellcaster,1000,1000,3,DARK,Gravekeeper's
Gravekeeper's Oracle,Effect Monster,Spellcaster,2000,1500,10,DARK,Gravekeeper's
Gravekeeper's Priestess,Effect Monster,Spellcaster,1000,1500,3,DARK,Gravekeeper's
Gravekeeper's Recruiter,Effect Monster,Spellcaster,1200,1500,3,DARK,Gravekeeper's
Gravekeeper's Shaman,Effect Monster,Spellcaster,1500,1500,6,DARK,Gravekeeper's
Gravekeeper's Spear Soldier,Effect Monster,Spellcaster,1500,1000,4,DARK,Gravekeeper's
Gravekeeper's Spiritualist,Effect Monster,Spellcaster,1500,1500,4,DARK,Gravekeeper's
Gravekeeper's Spy,Flip Effect Monster,Spellcaster,1200,2000,4,DARK,Gravekeeper's
Gravekeeper's Supernaturalist,Fusion Monster,Spellcaster,2000,2000,7,DARK,Gravekeeper's
Gravekeeper's Vassal,Effect Monster,Spellcaster,700,500,3,DARK,Gravekeeper's
Gravekeeper's Visionary,Effect Monster,Spellcaster,2000,1800,8,DARK,Gravekeeper's
Gravekeeper's Watcher,Effect Monster,Spellcaster,1000,1000,4,DARK,Gravekeeper's
Great Shogun Shien,Effect Monster,Warrior,2500,2400,7,FIRE,Six Samurai
Great Sorcerer of the Nekroz,Effect Monster,Spellcaster,1500,800,4,WATER,Nekroz
Great White,Normal Monster,Fish,1600,800,4,WATER,Shark
Greedy Venom Fusion Dragon,Fusion Monster,Dragon,3300,2500,10,DARK,Predaplant
Green Gadget,Effect Monster,Machine,1400,600,4,EARTH,Gadget
Green Ninja,Effect Monster,Warrior,600,600,2,WIND,Ninja
"Gren, Tactician of Dark World",Effect Monster,Fiend,300,500,2,DARK,Dark World
Guard Penguin,Effect Monster,Winged Beast,0,1200,4,WATER,Penguin
Guardian Baou,Effect Monster,Fiend,800,400,4,DARK,Guardian
Guardian Ceal,Effect Monster,Pyro,1700,1400,4,FIRE,Guardian
Guardian Chimera,Fusion Monster,Beast,3300,3300,9,DARK,Guardian
Guardian Dreadscythe,Effect Monster,Fiend,2500,2000,8,DARK,Guardian
Guardian Eatos,Effect Monster,Fairy,2500,2000,8,WIND,Guardian
Guardian Elma,Effect Monster,Fairy,1300,1200,3,WIND,Guardian
Guardian Grarl,Effect Monster,Dinosaur,2500,1000,5,EARTH,Guardian
Guardian Kay'est,Effect Monster,Sea Serpent,1000,1800,4,WATER,Guardian
Guardian of Felgrand,Effect Monster,Warrior,500,500,4,LIGHT,Guardian
Guardian of Order,Effect Monster,Warrior,2500,1200,8,LIGHT,Guardian
Guardian of the Throne Room,Normal Monster,Machine,1650,1600,4,LIGHT,Guardian
Guardian Statue,Effect Monster,Rock,800,1400,4,EARTH,Guardian
Guardian Tryce,Effect Monster,Thunder,1900,1700,5,LIGHT,Guardian
"Guiding Quem, the Virtuous",Tuner Monster,Spellcaster,1500,1500,4,LIGHT,Despia
Guldfaxe of the Nordic Beasts,Tuner Monster,Beast,1600,1000,4,LIGHT,Nordic
Gullveig of the Nordic Ascendant,Link Monster,Fairy,800,-1,0,LIGHT,Nordic
Gung-Ho! Springans!,XYZ Monster,Machine,2500,1600,4,FIRE,Springans
"Gungnir, Dragon of the Ice Barrier",Synchro Monster,Dragon,2500,1700,7,WATER,Ice Barrier
"Guoglim, Spear of the Ghoti",Synchro Monster,Fish,2700,0,8,WATER,Ghoti
Gussari @Ignister,Effect Monster,Cyberse,3000,3000,8,EARTH,@Ignister
Gusto Codor,Effect Monster,Winged Beast,1000,400,3,WIND,Gusto
Gusto Egul,Tuner Monster,Winged Beast,200,400,1,WIND,Gusto
Gusto Falco,Tuner Monster,Winged Beast,600,1400,2,WIND,Gusto
Gusto Griffin,Effect Monster,Winged Beast,800,300,2,WIND,Gusto
Gusto Gulldo,Tuner Monster,Winged Beast,500,500,3,WIND,Gusto
Gusto Squirro,Tuner Monster,Thunder,0,1800,2,WIND,Gusto
Gusto Thunbolt,Effect Monster,Thunder,1500,1200,4,WIND,Gusto
Gusto Vedir,Tuner Monster,Winged Beast,600,1000,3,WIND,Gusto
"Gwenhwyfar, Queen of Noble Arms",Effect Monster,Spellcaster,300,300,2,LIGHT,Noble Knight
Gyroid,Effect Monster,Machine,1000,1000,3,WIND,Roid
Hack Worm,Effect Monster,Machine,400,0,1,DARK,Worm
"Hailon, the Timelord",Effect Monster,Fairy,0,0,10,EARTH,Timelord
"Hajun, the Winged Mayakashi",Effect Monster,Zombie,600,400,1,WIND,Mayakashi
Hand of Nephthys,Effect Monster,Spellcaster,600,600,2,WIND,Nephthys
Hand of the Six Samurai,Effect Monster,Warrior,1600,1000,3,FIRE,Six Samurai
Harmonizing Magician,Pendulum Tuner Effect Monster,Spellcaster,0,0,4,DARK,Magician
Harpie Channeler,Effect Monster,Winged Beast,1400,1300,4,WIND,Harpie
Harpie Conductor,Link Monster,Winged Beast,1900,-1,0,WIND,Harpie
Harpie Dancer,Effect Monster,Winged Beast,1200,1000,4,WIND,Harpie
Harpie Girl,Normal Monster,Winged Beast,500,500,2,WIND,Harpie
Harpie Harpist,Effect Monster,Winged Beast,1700,600,4,WIND,Harpie
Harpie Lady,Normal Monster,Winged Beast,1300,1400,4,WIND,Harpie
Harpie Lady 1,Effect Monster,Winged Beast,1300,1400,4,WIND,Harpie
Harpie Lady 2,Effect Monster,Winged Beast,1300,1400,4,WIND,Harpie
Harpie Lady 3,Effect Monster,Winged Beast,1300,1400,4,WIND,Harpie
Harpie Lady Sisters,Effect Monster,Winged Beast,1950,2100,6,WIND,Harpie
Harpie Oracle,Effect Monster,Winged Beast,1300,1400,4,WIND,Harpie
Harpie Perfumer,Effect Monster,Winged Beast,1400,1300,4,WIND,Harpie
Harpie Queen,Effect Monster,Winged Beast,1900,1200,4,WIND,Harpie
Harpie's Pet Dragon,Effect Monster,Dragon,2000,2500,7,WIND,Harpie
Harpie's Pet Dragon - Fearsome Fire Blast,Effect Monster,Dragon,2000,2500,7,WIND,Harpie
Harpie's Pet Phantasmal Dragon,XYZ Monster,Dragon,2000,2500,4,WIND,Harpie
"Harr, Generaider Boss of Storms",Effect Monster,Spellcaster,3000,3000,9,DARK,Generaider
Heart of Gaia,Effect Monster,Warrior,2300,2100,6,EARTH,Gaia The Fierce Knight
Heart of the Blue-Eyes,Effect Monster,Dragon,3000,2500,8,LIGHT,Blue-Eyes
Heavy Armored Knight Babeldecker,Effect Monster,Machine,500,3000,10,EARTH,Train
Heavy Armored Train Ironwolf,XYZ Monster,Machine,2200,2200,4,EARTH,Train
Heavy Beetrooper Mighty Neptune,Effect Monster,Insect,3000,3000,8,EARTH,Beetrooper
Heavy Freight Train Derricrane,Effect Monster,Machine,2800,2000,10,EARTH,Train
Heavymetalfoes Amalgam,Link Monster,Psychic,2000,-1,0,FIRE,Metalfoes
Heavymetalfoes Electrumite,Link Monster,Psychic,1800,-1,0,FIRE,Metalfoes
"Hela, Generaider Boss of Doom",Effect Monster,Zombie,800,2800,9,DARK,Generaider
Hellebore the Rikka Fairy,Effect Monster,Plant,2600,1200,8,WATER,Rikka
"Helmer, Helmsman Fur Hire",Effect Monster,Aqua,0,2000,3,WATER,Fur Hire
Helshaddoll Hollow,Flip Effect Monster,Fiend,2900,2900,9,FIRE,Shaddoll
Herald of Creation,Effect Monster,Spellcaster,1800,600,4,LIGHT,Herald
Herald of Green Light,Effect Monster,Fairy,300,500,2,LIGHT,Herald
Herald of Mirage Lights,Link Monster,Fairy,600,-1,0,LIGHT,Herald
Herald of Orange Light,Tuner Monster,Fairy,300,500,2,LIGHT,Herald
Herald of Perfection,Ritual Effect Monster,Fairy,1800,2800,6,LIGHT,Herald
Herald of Pure Light,XYZ Monster,Fairy,600,1000,2,LIGHT,Herald
Herald of Purple Light,Effect Monster,Fairy,300,500,2,LIGHT,Herald
Herald of the Arc Light,Synchro Monster,Fairy,600,1000,4,LIGHT,Herald
Herald of Ultimateness,Ritual Effect Monster,Fairy,2000,3000,12,LIGHT,Herald
Heraldic Beast Aberconway,Effect Monster,Dragon,1800,900,4,WIND,Heraldic
Heraldic Beast Amphisbaena,Effect Monster,Dragon,1700,1100,4,WIND,Heraldic
Heraldic Beast Basilisk,Effect Monster,Beast,1000,1400,4,EARTH,Heraldic
Heraldic Beast Berners Falcon,Effect Monster,Winged Beast,1000,1600,4,WIND,Heraldic
Heraldic Beast Eale,Effect Monster,Beast,1000,1800,4,EARTH,Heraldic
Heraldic Beast Gryphon,Effect Monster,Winged Beast,1600,1000,4,WIND,Heraldic
Heraldic Beast Leo,Effect Monster,Beast,2000,1000,4,EARTH,Heraldic
Heraldic Beast Stad Whale,Effect Monster,Fish,900,1900,4,WATER,Heraldic
Heraldic Beast Twin-Headed Eagle,Effect Monster,Winged Beast,1200,1400,4,WIND,Heraldic
Heraldic Beast Unicorn,Effect Monster,Beast,1100,1600,4,LIGHT,Heraldic
Hermit of Prophecy,Effect Monster,Spellcaster,1200,700,3,EARTH,Spellbook
Heroic Challenger - Ambush Soldier,Effect Monster,Warrior,0,0,1,EARTH,Heroic
Heroic Challenger - Assault Halberd,Effect Monster,Warrior,1800,200,4,EARTH,Heroic
Heroic Challenger - Clasp Sword,Effect Monster,Warrior,300,100,1,EARTH,Heroic
Heroic Challenger - Double Lance,Effect Monster,Warrior,1700,900,4,EARTH,Heroic
Heroic Challenger - Extra Sword,Effect Monster,Warrior,1000,1000,4,EARTH,Heroic
Heroic Challenger - Knuckle Sword,Effect Monster,Warrior,600,200,1,EARTH,Heroic
Heroic Challenger - Morning Star,Effect Monster,Warrior,1500,1300,4,EARTH,Heroic
Heroic Challenger - Night Watchman,Effect Monster,Warrior,1200,300,4,EARTH,Heroic
Heroic Challenger - Spartan,Effect Monster,Warrior,1600,1000,4,EARTH,Heroic
Heroic Challenger - Swordshield,Effect Monster,Warrior,0,2000,4,EARTH,Heroic
Heroic Challenger - Thousand Blades,Effect Monster,Warrior,1300,1100,4,EARTH,Heroic
Heroic Challenger - War Hammer,Effect Monster,Warrior,2100,1300,6,EARTH,Heroic
Heroic Champion - Claivesolish,XYZ Monster,Warrior,2500,2000,4,LIGHT,Heroic
Heroic Champion - Excalibur,XYZ Monster,Warrior,2000,2000,4,LIGHT,Heroic
Heroic Champion - Gandiva,XYZ Monster,Warrior,2100,1800,4,EARTH,Heroic
Heroic Champion - Jarngreipr,XYZ Monster,Warrior,700,1800,1,EARTH,Heroic
Heroic Champion - Kusanagi,XYZ Monster,Warrior,2500,2400,4,EARTH,Heroic
Heroic Champion - Magnum Excalibur,XYZ Monster,Warrior,2000,2000,4,LIGHT,Heroic
Hexa Spirit of the Ice Barrier,Tuner Monster,Sea Serpent,400,200,1,WATER,Ice Barrier
Hi-Speedroid Glider #2,Synchro Tuner Monster,Machine,1600,2200,5,WIND,roid
Hieratic Dragon King of Atum,XYZ Monster,Dragon,2400,2100,6,LIGHT,Hieratic
Hieratic Dragon of Asar,Effect Monster,Dragon,2600,700,7,LIGHT,Hieratic
Hieratic Dragon of Eset,Effect Monster,Dragon,1900,1200,5,LIGHT,Hieratic
Hieratic Dragon of Gebeb,Effect Monster,Dragon,1800,400,4,LIGHT,Hieratic
Hieratic Dragon of Nebthet,Effect Monster,Dragon,2000,1600,5,LIGHT,Hieratic
Hieratic Dragon of Nuit,Effect Monster,Dragon,1700,900,4,LIGHT,Hieratic
Hieratic Dragon of Su,Effect Monster,Dragon,2200,1000,6,LIGHT,Hieratic
Hieratic Dragon of Sutekh,Effect Monster,Dragon,2800,2000,8,LIGHT,Hieratic
Hieratic Dragon of Tefnuit,Effect Monster,Dragon,2100,1400,6,LIGHT,Hieratic
Hieratic Seal of the Dragon King,Gemini Monster,Dragon,0,0,6,LIGHT,Hieratic
Hieratic Seal of the Heavenly Spheres,Link Monster,Dragon,0,-1,0,LIGHT,Hieratic
Hieratic Seal of the Sun Dragon Overlord,Normal Monster,Dragon,0,0,8,LIGHT,Hieratic
Hieratic Sky Dragon Overlord of Heliopolis,XYZ Monster,Dragon,3000,2400,8,LIGHT,Hieratic
Hieratic Sun Dragon Overlord of Heliopolis,XYZ Monster,Dragon,3000,2400,8,LIGHT,Hieratic
Hierophant of Prophecy,XYZ Monster,Spellcaster,2800,2600,7,DARK,Spellbook
Highness Archfiend,Effect Monster,Fiend,1000,800,3,LIGHT,Archfiend
Hiita the Fire Channeler,Effect Monster,Spellcaster,1850,1500,5,FIRE,Charmer
Hiita the Fire Charmer,Flip Effect Monster,Spellcaster,500,1500,3,FIRE,Charmer
"Hiita the Fire Charmer, Ablaze",Link Monster,Spellcaster,1850,-1,0,FIRE,Charmer
Hiyari @Ignister,Effect Monster,Cyberse,300,400,1,WATER,@Ignister
Hojo the Vaylantz Warrior,Pendulum Effect Monster,Spellcaster,1900,1900,8,WATER,Vaylantz
Hollowrokket Dragon,Effect Monster,Dragon,2400,1600,6,DARK,Rokket
"Horoscope Sorcerer, the Stargazer Magician",Pendulum Effect Monster,Spellcaster,1200,2400,5,DARK,Magician
Hot Red Dragon Archfiend,Synchro Monster,Dragon,3000,2000,8,DARK,Archfiend
Hot Red Dragon Archfiend Abyss,Synchro Monster,Dragon,3200,2500,9,DARK,Archfiend
Hot Red Dragon Archfiend Bane,Synchro Monster,Dragon,3500,3000,10,DARK,Archfiend
Hot Red Dragon Archfiend King Calamity,Synchro Monster,Dragon,4000,3500,12,DARK,Archfiend
House Dragonmaid,Fusion Monster,Dragon,3000,2000,9,LIGHT,Dragonmaid
Humhumming the Key Djinn,XYZ Monster,Fiend,1100,1800,3,WATER,Djinn
Hundred Eyes Dragon,Synchro Monster,Dragon,3000,2500,8,DARK,Earthbound
Hydro Genex,Synchro Monster,Machine,2300,1800,6,WATER,Genex
Hydrojet Shark,Effect Monster,Fish,1000,0,4,WATER,Shark
Hyper Psychic Blaster/Assault Mode,Effect Monster,Psychic,3500,3000,11,EARTH,Assault Mode
Hyper Synchron,Tuner Monster,Machine,1600,800,4,LIGHT,Synchron
Hyper-Ancient Shark Megalodon,Effect Monster,Fish,2900,1300,8,WATER,Shark
Hyperinvoked Aeon,Fusion Monster,Fiend,3800,3200,10,DARK,Invoked
I.A.S. -Invasive Alien Species-,Effect Monster,Reptile,1600,0,4,LIGHT,Alien
Ib the World Chalice Justiciar,Synchro Tuner Monster,Spellcaster,1800,2100,5,WATER,World Chalice
Ib the World Chalice Priestess,Link Monster,Spellcaster,1800,-1,0,WATER,World Chalice
Ice Coffin Token,Token,Aqua,-1,-1,0,NONE,Ice Barrier
Igknight Cavalier,Pendulum Normal Monster,Warrior,2400,1200,5,FIRE,Igknight
Igknight Champion,Effect Monster,Warrior,2800,2300,8,FIRE,Igknight
Igknight Crusader,Pendulum Normal Monster,Warrior,1600,300,3,FIRE,Igknight
Igknight Gallant,Pendulum Normal Monster,Warrior,2100,2200,6,FIRE,Igknight
Igknight Lancer,Effect Monster,Warrior,2600,1800,7,FIRE,Igknight
Igknight Margrave,Pendulum Normal Monster,Warrior,1500,2500,5,FIRE,Igknight
Igknight Paladin,Pendulum Normal Monster,Warrior,1400,1900,4,FIRE,Igknight
Igknight Squire,Pendulum Normal Monster,Warrior,0,2000,3,FIRE,Igknight
Igknight Templar,Pendulum Normal Monster,Warrior,1700,1300,4,FIRE,Igknight
Igknight Veteran,Pendulum Normal Monster,Warrior,1300,2700,6,FIRE,Igknight
"Ignis Phoenix, the Dracoslayer",Pendulum Effect Monster,Warrior,1700,1900,4,FIRE,Dracoslayer
"Ignister Prominence, the Blasting Dracoslayer",Synchro Monster,Dragon,2850,0,8,FIRE,Dracoslayer
Ignoble Knight of Black Laundsallyn,Effect Monster,Warrior,2000,800,5,DARK,Noble Knight
Ignoble Knight of High Laundsallyn,Synchro Monster,Warrior,2100,900,5,DARK,Noble Knight
"Ikelos, the Dream Mirror Mara",Effect Monster,Fairy,500,0,1,DARK,Dream Mirror
"Ikelos, the Dream Mirror Sprite",Effect Monster,Fairy,0,500,1,LIGHT,Dream Mirror
Ill Witch,Normal Monster,Spellcaster,1600,1500,5,LIGHT,Recolored counterpart
Illusion of Chaos,Ritual Effect Monster,Spellcaster,2100,2500,7,DARK,Chaos
Imduk the World Chalice Dragon,Link Monster,Dragon,800,-1,0,WIND,World Chalice
Imprisoned Queen Archfiend,Effect Monster,Fiend,2600,1700,8,DARK,Archfiend
Indiora Doom Volt the Cubic Emperor,Effect Monster,Fairy,0,0,4,LIGHT,Cubic
Indulged Darklord,Effect Monster,Fairy,1600,0,4,DARK,Darklord
Infernalqueen Archfiend,Effect Monster,Fiend,900,1500,4,FIRE,Archfiend
Infernity Archer,Effect Monster,Fiend,2000,1000,6,DARK,Infernity
Infernity Archfiend,Effect Monster,Fiend,1800,1200,4,DARK,Archfiend
Infernity Avenger,Tuner Monster,Fiend,0,0,1,DARK,Infernity
Infernity Beast,Effect Monster,Beast,1600,1200,3,DARK,Infernity
Infernity Beetle,Tuner Monster,Insect,1200,0,2,DARK,Infernity
Infernity Conjurer,Effect Monster,Fiend,1200,900,3,DARK,Infernity
Infernity Destroyer,Effect Monster,Fiend,2300,1000,6,DARK,Infernity
Infernity Doom Archfiend,Synchro Monster,Fiend,2200,1600,6,DARK,Infernity
Infernity Doom Dragon,Synchro Monster,Dragon,3000,2400,8,DARK,Infernity
Infernity Doom Slinger,Effect Monster,Fiend,100,100,1,DARK,Infernity
Infernity Dwarf,Effect Monster,Warrior,800,500,2,DARK,Infernity
Infernity General,Effect Monster,Fiend,2700,1500,7,DARK,Infernity
Infernity Guardian,Effect Monster,Fiend,1200,1700,4,DARK,Infernity
Infernity Knight,Effect Monster,Fiend,1400,400,3,DARK,Infernity
Infernity Mirage,Effect Monster,Fiend,0,0,1,DARK,Infernity
Infernity Necromancer,Effect Monster,Fiend,0,2000,3,DARK,Infernity
Infernity Patriarch,Effect Monster,Fiend,1000,2000,4,DARK,Infernity
Infernity Pawn,Effect Monster,Fiend,0,0,1,DARK,Infernity
Infernity Queen,Effect Monster,Fiend,300,900,3,DARK,Infernity
Infernity Randomizer,Effect Monster,Warrior,900,0,1,DARK,Infernity
Infernity Sage,Tuner Monster,Fiend,400,800,2,DARK,Infernity
Infernity Wildcat,Tuner Monster,Fiend,1400,0,3,DARK,Infernity
Infernoble Knight - Renaud,Effect Monster,Warrior,500,500,1,FIRE,Noble Knight
Infernoble Knight - Roland,Effect Monster,Warrior,500,500,1,FIRE,Noble Knight
Infernoble Knight Astolfo,Effect Monster,Warrior,500,200,1,FIRE,Noble Knight
Infernoble Knight Captain Roland,Synchro Tuner Monster,Warrior,2000,500,5,FIRE,Noble Knight
Infernoble Knight Emperor Charles,Synchro Monster,Warrior,3000,200,9,FIRE,Noble Knight
Infernoble Knight Maugis,Effect Monster,Warrior,1500,1000,4,FIRE,Noble Knight
Infernoble Knight Ogier,Effect Monster,Warrior,1500,2000,4,FIRE,Noble Knight
Infernoble Knight Oliver,Tuner Monster,Warrior,1000,1500,4,FIRE,Noble Knight
Infernoid Antra,Effect Monster,Fiend,0,2000,2,FIRE,Infernoid
Infernoid Attondel,Effect Monster,Fiend,2800,0,8,FIRE,Infernoid
Infernoid Decatron,Tuner Monster,Fiend,500,200,1,FIRE,Infernoid
Infernoid Devyaty,Effect Monster,Fiend,2900,2900,9,FIRE,Infernoid
Infernoid Evil,Fusion Monster,Fiend,1100,1100,1,FIRE,Infernoid
Infernoid Flood,Link Monster,Fiend,3000,-1,0,FIRE,Infernoid
Infernoid Harmadik,Effect Monster,Fiend,1600,0,3,FIRE,Infernoid
Infernoid Onuncu,Effect Monster,Fiend,3000,3000,10,FIRE,Infernoid
Infernoid Patrulea,Effect Monster,Fiend,1800,0,4,FIRE,Infernoid
Infernoid Piaty,Effect Monster,Fiend,2200,0,5,FIRE,Infernoid
Infernoid Pirmais,Effect Monster,Fiend,0,0,1,FIRE,Infernoid
Infernoid Seitsemas,Effect Monster,Fiend,2600,0,7,FIRE,Infernoid
Infernoid Sjette,Effect Monster,Fiend,2400,0,6,FIRE,Infernoid
Infernoid Tierra,Fusion Monster,Fiend,3400,3600,11,FIRE,Infernoid
Infernoid Token,Token,Fiend,-1,-1,0,NONE,Infernoid
Infinitrack Anchor Drill,Effect Monster,Machine,1800,500,4,EARTH,Infinitrack
Infinitrack Brutal Dozer,Effect Monster,Machine,1900,2100,5,EARTH,Infinitrack
Infinitrack Crab Crane,Effect Monster,Machine,2100,500,5,EARTH,Infinitrack
Infinitrack Drag Shovel,Effect Monster,Machine,1500,2100,5,EARTH,Infinitrack
Infinitrack Earth Slicer,XYZ Monster,Machine,3100,2100,9,EARTH,Infinitrack
Infinitrack Fortress Megaclops,Link Monster,Machine,4000,-1,0,EARTH,Infinitrack
Infinitrack Goliath,Link Monster,Machine,1000,-1,0,EARTH,Infinitrack
Infinitrack Harvester,Effect Monster,Machine,0,2100,2,EARTH,Infinitrack
Infinitrack Mountain Smasher,XYZ Monster,Machine,2100,3100,7,EARTH,Infinitrack
Infinitrack River Stormer,XYZ Monster,Machine,2500,500,5,EARTH,Infinitrack
Infinitrack Road Roller,Effect Monster,Machine,2100,2100,5,EARTH,Infinitrack
Infinitrack Trencher,Effect Monster,Machine,500,2400,5,EARTH,Infinitrack
Infinitrack Tunneller,Effect Monster,Machine,2200,500,5,EARTH,Infinitrack
"Interplanetary Invader ""A""",Effect Monster,Reptile,0,500,1,LIGHT,Alien
Invoked Augoeides,Fusion Monster,Fairy,2000,2800,8,LIGHT,Invoked
Invoked Baybarron,Fusion Monster,Illusion,2450,2450,7,FIRE,Invoked
Invoked Caliga,Fusion Monster,Beast,1000,1800,4,DARK,Invoked
Invoked Cocytus,Fusion Monster,Dragon,1800,2900,6,WATER,Invoked
Invoked Dee Anima,Fusion Monster,Fiend,2900,1500,8,DARK,Invoked
Invoked Elysium,Fusion Monster,Fairy,3200,4000,10,LIGHT,Invoked
Invoked Magellanica,Fusion Monster,Rock,3000,3300,8,EARTH,Invoked
Invoked Magistus Omega,Fusion Monster,Beast,2800,2000,8,DARK,Invoked
Invoked Mechaba,Fusion Monster,Machine,2500,2100,9,LIGHT,Invoked
Invoked Oceanus,Fusion Monster,Sea Serpent,3000,3000,9,EARTH,Invoked
Invoked Purgatrio,Fusion Monster,Fiend,2300,2000,7,FIRE,Invoked
Invoked Raidjin,Fusion Monster,Warrior,2200,2400,5,WIND,Invoked
Invoked Sorath,Fusion Monster,Pyro,1600,2600,6,LIGHT,Invoked
Inzektor Ant,Effect Monster,Insect,200,600,3,DARK,Inzektor
Inzektor Centipede,Effect Monster,Insect,1600,1200,3,DARK,Inzektor
Inzektor Dragonfly,Effect Monster,Insect,1000,1800,3,DARK,Inzektor
Inzektor Earwig,Effect Monster,Insect,1000,1000,4,DARK,Inzektor
Inzektor Exa-Beetle,XYZ Monster,Insect,1000,1000,6,DARK,Inzektor
Inzektor Exa-Stag,XYZ Monster,Insect,800,800,5,DARK,Inzektor
Inzektor Firefly,Effect Monster,Insect,100,100,1,DARK,Inzektor
Inzektor Giga-Cricket,Effect Monster,Insect,2000,1300,5,DARK,Inzektor
Inzektor Giga-Mantis,Effect Monster,Insect,2400,0,6,DARK,Inzektor
Inzektor Giga-Weevil,Effect Monster,Insect,0,2600,6,DARK,Inzektor
Inzektor Hopper,Effect Monster,Insect,1700,1400,4,DARK,Inzektor
Inzektor Hornet,Effect Monster,Insect,500,200,3,DARK,Inzektor
Inzektor Ladybug,Effect Monster,Insect,500,100,2,DARK,Inzektor
Inzektor Picofalena,Link Monster,Insect,1000,-1,0,DARK,Inzektor
"Isolde, Two Tales of the Noble Knights",Link Monster,Warrior,1600,-1,0,LIGHT,Noble Knight
"Ixeep, Omen of the Ghoti",Effect Monster,Fish,1500,0,4,WATER,Ghoti
"Jain, Lightsworn Paladin",Effect Monster,Warrior,1800,1200,4,LIGHT,Lightsworn
"Jain, Twilightsworn General",Effect Monster,Warrior,1800,1200,4,DARK,Lightsworn
"Jenis, Lightsworn Mender",Effect Monster,Spellcaster,300,2100,4,LIGHT,Lightsworn
Jet Synchron,Tuner Monster,Machine,500,0,1,FIRE,Junk
Jetroid,Effect Monster,Machine,1200,1800,4,WIND,Roid
"Jiaotu, Darkness of the Yang Zing",Tuner Monster,Wyrm,0,2000,2,DARK,Yang Zing
Jioh the Gravity Ninja,Effect Monster,Rock,2300,2900,8,EARTH,Ninja
"Jizukiru, the Star Destroying Kaiju",Effect Monster,Machine,3300,2600,10,LIGHT,Kaiju
"Jormungandr, Generaider Boss of Eternity",XYZ Monster,Reptile,-1,-1,9,EARTH,Generaider
Joruri-P.U.N.K. Madame Spider,Tuner Monster,Psychic,900,600,3,EARTH,P.U.N.K.
Joyous Melffys,XYZ Monster,Beast,2000,500,2,EARTH,Melffy
Judge of the Ice Barrier,Effect Monster,Warrior,1800,900,4,WATER,Ice Barrier
Judgment Dragon,Effect Monster,Dragon,3000,2600,8,LIGHT,Lightsworn
"Judgment, the Dragon of Heaven",Synchro Monster,Dragon,3000,2600,8,LIGHT,Lightsworn
Junk Anchor,Tuner Monster,Warrior,0,0,2,EARTH,Junk
Junk Archer,Synchro Monster,Warrior,2300,2000,7,EARTH,Junk
Junk Armor,Effect Monster,Warrior,600,1200,2,EARTH,Junk
Junk Berserker,Synchro Monster,Warrior,2700,1800,7,WIND,Junk
Junk Blader,Effect Monster,Warrior,1800,1000,4,EARTH,Junk
Junk Breaker,Effect Monster,Warrior,1800,1000,4,EARTH,Junk
Junk Changer,Tuner Monster,Warrior,1500,900,3,EARTH,Junk
Junk Collector,Effect Monster,Warrior,1000,2200,5,LIGHT,Junk
Junk Connector,Link Monster,Warrior,1700,-1,0,DARK,Junk
Junk Converter,Effect Monster,Warrior,400,200,2,EARTH,Junk
Junk Defender,Effect Monster,Warrior,500,1800,3,EARTH,Junk
Junk Destroyer,Synchro Monster,Warrior,2600,2500,8,EARTH,Junk
Junk Dragonlet,Effect Monster,Machine,2100,1800,5,EARTH,Junk
Junk Forward,Effect Monster,Warrior,900,1500,3,EARTH,Junk
Junk Gardna,Synchro Monster,Warrior,1400,2600,6,EARTH,Junk
Junk Giant,Effect Monster,Machine,2000,2400,6,EARTH,Junk
Junk Mail,Tuner Monster,Warrior,400,100,1,EARTH,Junk
Junk Meister,Effect Monster,Warrior,100,2300,4,EARTH,Junk
Junk Servant,Effect Monster,Warrior,1500,1000,4,EARTH,Junk
Junk Synchron,Tuner Monster,Warrior,1300,500,3,DARK,Junk
Junk Warrior,Synchro Monster,Warrior,2300,1300,5,DARK,Junk
Junk Warrior Extreme,Synchro Monster,Warrior,2900,2300,8,DARK,Junk
Junkuriboh,Effect Monster,Machine,300,200,1,EARTH,Junk
Jurrac Aeolo,Tuner Monster,Dinosaur,200,200,1,FIRE,Jurrac
Jurrac Astero,Synchro Monster,Dinosaur,2500,2300,10,FIRE,Jurrac
Jurrac Brachis,Tuner Monster,Dinosaur,1000,1000,3,FIRE,Jurrac
Jurrac Dino,Tuner Monster,Dinosaur,1700,800,3,FIRE,Jurrac
Jurrac Gallim,Tuner Monster,Dinosaur,1200,0,2,FIRE,Jurrac
Jurrac Giganoto,Synchro Monster,Dinosaur,2100,1800,7,FIRE,Jurrac
Jurrac Guaiba,Effect Monster,Dinosaur,1700,400,4,FIRE,Jurrac
Jurrac Herra,Effect Monster,Dinosaur,2300,1500,6,FIRE,Jurrac
Jurrac Iguanon,Effect Monster,Dinosaur,1700,700,4,FIRE,Jurrac
Jurrac Megalo,Tuner Monster,Dinosaur,500,1300,1,FIRE,Jurrac
Jurrac Meteor,Synchro Monster,Dinosaur,2800,2000,10,FIRE,Jurrac
Jurrac Monoloph,Tuner Monster,Dinosaur,1500,1200,3,FIRE,Jurrac
Jurrac Protops,Effect Monster,Dinosaur,1700,1200,4,FIRE,Jurrac
Jurrac Ptera,Effect Monster,Dinosaur,800,1500,3,FIRE,Jurrac
Jurrac Spinos,Effect Monster,Dinosaur,2600,1700,7,FIRE,Jurrac
Jurrac Stauriko,Effect Monster,Dinosaur,500,400,2,FIRE,Jurrac
Jurrac Stego,Effect Monster,Dinosaur,1700,900,4,FIRE,Jurrac
Jurrac Titano,Effect Monster,Dinosaur,3000,2800,9,FIRE,Jurrac
Jurrac Token,Token,Dinosaur,-1,-1,0,NONE,Jurrac
Jurrac Tyrannus,Effect Monster,Dinosaur,2500,1400,7,FIRE,Jurrac
Jurrac Velo,Effect Monster,Dinosaur,1700,1000,4,FIRE,Jurrac
Jurrac Velphito,Synchro Monster,Dinosaur,-1,-1,5,FIRE,Jurrac
Justice of Prophecy,Effect Monster,Spellcaster,1600,800,3,EARTH,Spellbook
K9-04 Noroi,Effect Monster,Machine,2200,1500,5,EARTH,K9
"K9-17 ""Ripper""",XYZ Monster,Warrior,2300,1800,5,WIND,K9
K9-17 Izuna,Effect Monster,Warrior,2100,1600,5,EARTH,K9
K9-66a Jokul,Effect Monster,Aqua,2000,1900,5,DARK,K9
K9-66b Lantern,Effect Monster,Pyro,2000,1900,5,DARK,K9
"K9-66X ""Jacks""",XYZ Monster,Fiend,2600,2500,5,DARK,K9
"K9-ØØ ""Hound""",XYZ Monster,Beast-Warrior,2500,2500,5,LIGHT,K9
K9-ØØ Lupis,Effect Monster,Beast-Warrior,2300,200,5,EARTH,K9
"K9-X ""Ripper/M""",XYZ Monster,Beast,3100,2600,9,WIND,K9
"K9-X ""Werewolf""",XYZ Monster,Beast-Warrior,3300,2500,9,LIGHT,K9
Kagemusha of the Six Samurai,Tuner Monster,Warrior,400,1800,2,EARTH,Six Samurai
Kagero the Cannon Ninja,Effect Monster,Warrior,1600,2000,4,FIRE,Ninja
"Kahkki, Guerilla of Dark World",Effect Monster,Fiend,300,500,2,DARK,Dark World
Kaibaman,Effect Monster,Warrior,200,700,3,LIGHT,Blue-Eyes
"Kamion, the Timelord",Effect Monster,Fairy,0,0,10,EARTH,Timelord
"Kamui, Hope of Gusto",Flip Effect Monster,Psychic,200,1000,2,WIND,Gusto
Kanzashi the Rikka Queen,XYZ Monster,Plant,2400,2400,6,WATER,Rikka
"Karakuri Barrel mdl 96 ""Shinkuro""",Tuner Monster,Machine,400,400,2,EARTH,Karakuri
"Karakuri Bonze mdl 9763 ""Kunamzan""",Effect Monster,Machine,2000,1500,5,EARTH,Karakuri
"Karakuri Bushi mdl 6318 ""Muzanichiha""",Effect Monster,Machine,1800,600,4,EARTH,Karakuri
"Karakuri Gama mdl 4624 ""Shirokunishi""",Tuner Monster,Machine,200,1000,1,EARTH,Karakuri
"Karakuri Komachi mdl 224 ""Ninishi""",Tuner Monster,Machine,0,1900,3,EARTH,Karakuri
"Karakuri Merchant mdl 177 ""Inashichi""",Effect Monster,Machine,500,1500,2,EARTH,Karakuri
"Karakuri Muso mdl 818 ""Haipa""",Effect Monster,Machine,2100,1100,4,EARTH,Karakuri
"Karakuri Ninja mdl 339 ""Sazank""",Effect Monster,Machine,1200,1200,3,EARTH,Karakuri
"Karakuri Ninja mdl 7749 ""Nanashick""",Effect Monster,Machine,2200,1800,5,EARTH,Karakuri
"Karakuri Ninja mdl 919 ""Kuick""",Effect Monster,Machine,1700,1500,4,EARTH,Karakuri
"Karakuri Shogun mdl 00 ""Burei""",Synchro Monster,Machine,2600,1900,7,EARTH,Karakuri
"Karakuri Soldier mdl 236 ""Nisamu""",Effect Monster,Machine,1400,200,4,EARTH,Karakuri
Karakuri Spider,Effect Monster,Machine,400,500,2,EARTH,Karakuri
"Karakuri Steel Shogun mdl 00X ""Bureido""",Synchro Monster,Machine,2800,1700,8,EARTH,Karakuri
"Karakuri Strategist mdl 248 ""Nishipachi""",Tuner Monster,Machine,500,1600,3,EARTH,Karakuri
"Karakuri Super Shogun mdl 00N ""Bureibu""",Synchro Monster,Machine,3000,1500,9,EARTH,Karakuri
"Karakuri Watchdog mdl 313 ""Saizan""",Tuner Monster,Machine,600,1800,4,EARTH,Karakuri
"Kayenn, the Master Magma Blacksmith",Effect Monster,Rock,1200,200,3,FIRE,Laval
"Keaf, Murk of the Ghoti",Effect Monster,Fish,0,1500,2,WATER,Ghoti
"Keel, Shipwright Fur Hire",Link Monster,Sea Serpent,1800,-1,0,WATER,Fur Hire
Kewl Tune B2B,Synchro Tuner Monster,Fiend,3200,0,10,DARK,Kewl Tune
Kewl Tune Clip,Tuner Monster,Thunder,800,1000,2,DARK,Kewl Tune
Kewl Tune Crackle,Synchro Tuner Monster,Thunder,800,2000,5,DARK,Kewl Tune
Kewl Tune Cue,Tuner Monster,Fairy,900,1900,3,LIGHT,Kewl Tune
Kewl Tune Loudness War,Synchro Tuner Monster,Machine,0,3000,6,LIGHT,Kewl Tune
Kewl Tune Mix,Tuner Monster,Warrior,100,2000,2,WIND,Kewl Tune
Kewl Tune Reco,Tuner Monster,Fiend,1500,800,3,FIRE,Kewl Tune
Kewl Tune Remix,Synchro Tuner Monster,Warrior,1500,2000,5,DARK,Kewl Tune
Kewl Tune Rotary,Tuner Monster,Cyberse,100,800,1,LIGHT,Kewl Tune
Kewl Tune RS,Synchro Tuner Monster,Fiend,1700,2400,5,DARK,Kewl Tune
Kewl Tune Track Maker,Synchro Tuner Monster,Machine,0,2500,4,LIGHT,Kewl Tune
Kitchen Dragonmaid,Effect Monster,Dragon,500,1700,3,FIRE,Dragonmaid
Koa'ki Meiru Beetle,Effect Monster,Insect,1900,1500,4,EARTH,Koa'ki Meiru
Koa'ki Meiru Bergzak,Effect Monster,Warrior,2000,200,4,EARTH,Koa'ki Meiru
Koa'ki Meiru Boulder,Effect Monster,Rock,1200,1000,4,EARTH,Koa'ki Meiru
Koa'ki Meiru Crusader,Effect Monster,Beast-Warrior,1900,1300,4,EARTH,Koa'ki Meiru
Koa'ki Meiru Doom,Effect Monster,Fiend,1700,800,3,WIND,Koa'ki Meiru
Koa'ki Meiru Drago,Effect Monster,Dragon,1900,1600,4,WIND,Koa'ki Meiru
Koa'ki Meiru Ghoulungulate,Effect Monster,Zombie,2500,1700,5,EARTH,Koa'ki Meiru
Koa'ki Meiru Gravirose,Effect Monster,Plant,1900,1300,4,FIRE,Koa'ki Meiru
Koa'ki Meiru Guardian,Effect Monster,Rock,1900,1200,4,EARTH,Koa'ki Meiru
Koa'ki Meiru Hydro Barrier,Effect Monster,Aqua,1000,1900,3,WATER,Koa'ki Meiru
Koa'ki Meiru Ice,Effect Monster,Aqua,1900,1200,4,WATER,Koa'ki Meiru
Koa'ki Meiru Maximus,Effect Monster,Dragon,3000,2500,8,WIND,Koa'ki Meiru
Koa'ki Meiru Overload,Effect Monster,Rock,1900,1200,4,EARTH,Koa'ki Meiru
Koa'ki Meiru Powerhand,Effect Monster,Machine,2100,1600,4,EARTH,Koa'ki Meiru
Koa'ki Meiru Prototype,Effect Monster,Rock,1800,1800,4,EARTH,Koa'ki Meiru
Koa'ki Meiru Rooklord,Effect Monster,Warrior,2800,2200,7,EARTH,Koa'ki Meiru
Koa'ki Meiru Sandman,Effect Monster,Rock,1900,1200,4,EARTH,Koa'ki Meiru
Koa'ki Meiru Sea Panther,Effect Monster,Sea Serpent,1900,1200,4,WATER,Koa'ki Meiru
Koa'ki Meiru Speeder,Effect Monster,Machine,1200,2200,3,WIND,Koa'ki Meiru
Koa'ki Meiru Supplier,Effect Monster,Rock,1400,1600,4,EARTH,Koa'ki Meiru
Koa'ki Meiru Token,Token,Rock,-1,-1,0,NONE,Koa'ki Meiru
Koa'ki Meiru Tornado,Effect Monster,Winged Beast,1500,1200,4,WIND,Koa'ki Meiru
Koa'ki Meiru Urnight,Effect Monster,Beast-Warrior,2000,1500,4,EARTH,Koa'ki Meiru
Koa'ki Meiru Valafar,Effect Monster,Fiend,3000,2100,8,FIRE,Koa'ki Meiru
Koa'ki Meiru Wall,Effect Monster,Rock,1900,1200,4,EARTH,Koa'ki Meiru
Koa'ki Meiru War Arms,Effect Monster,Warrior,1400,1200,4,EARTH,Koa'ki Meiru
Kozaky,Normal Monster,Fiend,400,400,1,DARK,Dark World
Kozmo Dark Destroyer,Effect Monster,Machine,3000,1800,8,DARK,Kozmo
Kozmo Dark Eclipser,Effect Monster,Machine,3000,2600,9,DARK,Kozmo
Kozmo Dark Planet,Effect Monster,Machine,4000,4000,10,DARK,Kozmo
Kozmo Delta Shuttle,Effect Monster,Machine,2000,2000,5,DARK,Kozmo
Kozmo DOG Fighter,Effect Monster,Machine,2000,2400,6,DARK,Kozmo
Kozmo Farmgirl,Effect Monster,Psychic,1500,1000,3,LIGHT,Kozmo
Kozmo Forerunner,Effect Monster,Machine,2800,1400,7,LIGHT,Kozmo
Kozmo Goodwitch,Effect Monster,Psychic,1800,1000,4,LIGHT,Kozmo
Kozmo Landwalker,Effect Monster,Machine,2400,1200,6,DARK,Kozmo
Kozmo Scaredy Lion,Effect Monster,Psychic,1200,500,2,LIGHT,Kozmo
Kozmo Sliprider,Effect Monster,Machine,2300,800,5,LIGHT,Kozmo
Kozmo Soartroopers,Effect Monster,Psychic,1000,1000,3,DARK,Kozmo
Kozmo Strawman,Effect Monster,Psychic,500,1800,2,LIGHT,Kozmo
Kozmo Tincan,Effect Monster,Psychic,0,0,1,LIGHT,Kozmo
Kozmoll Dark Lady,Effect Monster,Psychic,2200,1800,5,DARK,Kozmo
Kozmoll Wickedwitch,Effect Monster,Psychic,1900,300,4,DARK,Kozmo
Krawler Axon,Flip Effect Monster,Insect,500,1800,2,EARTH,Krawler
Krawler Dendrite,Flip Effect Monster,Insect,1300,600,2,EARTH,Krawler
Krawler Glial,Flip Effect Monster,Insect,700,1500,2,EARTH,Krawler
Krawler Ranvier,Flip Effect Monster,Insect,1100,900,2,EARTH,Krawler
Krawler Receptor,Flip Effect Monster,Insect,900,1200,2,EARTH,Krawler
Krawler Soma,Effect Monster,Insect,2000,2500,6,EARTH,Krawler
Krawler Spine,Flip Effect Monster,Insect,300,2100,2,EARTH,Krawler
"Kumongous, the Sticky String Kaiju",Effect Monster,Insect,2400,2500,7,EARTH,Kaiju
Kuraz the Light Monarch,Effect Monster,Warrior,2400,1000,6,LIGHT,Monarch
Kuribabylon,Effect Monster,Fiend,1500,1000,5,DARK,Kuriboh
Kuribah,Effect Monster,Fiend,300,200,1,DARK,Kuriboh
Kuribandit,Effect Monster,Fiend,1000,700,3,DARK,Kuriboh
Kuribee,Effect Monster,Fiend,300,200,1,DARK,Kuriboh
Kuribeh,Effect Monster,Fiend,300,200,1,DARK,Kuriboh
Kuriboh,Effect Monster,Fiend,300,200,1,DARK,Kuriboh
Kuriboh - Multiply!,Effect Monster,Fiend,300,200,1,DARK,Kuriboh
Kuriboh Token,Token,Fiend,-1,-1,0,NONE,Kuriboh
Kuribohrn,Effect Monster,Fiend,300,200,1,LIGHT,Kuriboh
Kuriboo,Effect Monster,Fiend,300,200,1,DARK,Kuriboh
Kurikurinku @Ignister,Effect Monster,Cyberse,300,200,1,DARK,@Ignister
Kuriphoton,Effect Monster,Fiend,300,200,1,LIGHT,Photon
Labrynth Archfiend,Effect Monster,Fiend,2000,2800,7,DARK,Archfiend
Lady Ninja Yae,Effect Monster,Warrior,1100,200,3,WIND,Ninja
Lady of the Lake,Tuner Monster,Aqua,200,1800,1,LIGHT,Noble Knight
Lady's Dragonmaid,Fusion Monster,Dragon,2000,3000,8,LIGHT,Dragonmaid
"Laevatein, Generaider Boss of Shadows",XYZ Monster,Fairy,2500,2500,9,FIRE,Generaider
Lancer Archfiend,Effect Monster,Fiend,1600,1400,4,DARK,Archfiend
Land of the Ojamas (Skill Card),Skill Card,Chazz Princet,-1,-1,0,NONE,Ojama
LaSolfachord Angelia,Pendulum Effect Monster,Fairy,2300,1400,6,FIRE,Solfachord
"Latinum, Exarch of Dark World",Effect Monster,Fiend,1500,2400,6,DARK,Dark World
Laundry Dragonmaid,Effect Monster,Dragon,500,1600,2,WATER,Dragonmaid
Laval Archer,Effect Monster,Pyro,1000,200,4,FIRE,Laval
Laval Blaster,Effect Monster,Warrior,1200,800,4,FIRE,Laval
Laval Burner,Effect Monster,Pyro,2100,1000,5,FIRE,Laval
Laval Cannon,Effect Monster,Warrior,1600,900,4,FIRE,Laval
Laval Coatl,Tuner Monster,Pyro,1300,700,2,FIRE,Laval
Laval Dual Slasher,Synchro Monster,Warrior,2400,200,5,FIRE,Laval
Laval Forest Sprite,Tuner Monster,Pyro,300,200,2,FIRE,Laval
Laval Judgment Lord,Effect Monster,Warrior,2700,1800,7,FIRE,Laval
Laval Lakeside Lady,Tuner Monster,Pyro,200,200,3,FIRE,Laval
Laval Lancelord,Effect Monster,Warrior,2100,200,6,FIRE,Laval
Laval Magma Cannoneer,Effect Monster,Pyro,1700,200,4,FIRE,Laval
Laval Miller,Effect Monster,Pyro,300,400,3,FIRE,Laval
Laval Phlogis,Effect Monster,Pyro,1700,800,4,FIRE,Laval
Laval Stennon,Synchro Monster,Pyro,2700,1800,7,FIRE,Laval
Laval the Greater,Synchro Monster,Warrior,2400,800,6,FIRE,Laval
Laval Token,Token,Pyro,-1,-1,0,NONE,Laval
Laval Volcano Handmaiden,Tuner Monster,Pyro,100,200,1,FIRE,Laval
Laval Warrior,Effect Monster,Warrior,1800,500,4,FIRE,Laval
Lavalval Chain,XYZ Monster,Sea Serpent,1800,1000,4,FIRE,Laval
Lavalval Dragon,Synchro Monster,Dragon,2000,1100,5,FIRE,Laval
Lavalval Dragun,Synchro Monster,Dragon,2500,1200,6,FIRE,Laval
Lavalval Exlord,Synchro Monster,Warrior,2900,200,8,FIRE,Laval
Lavalval Ignis,XYZ Monster,Warrior,1800,1400,3,FIRE,Laval
Lavalval Salamander,Synchro Monster,Dragon,2600,200,7,FIRE,Laval
"Lazion, the Timelord",Effect Monster,Fairy,0,0,10,FIRE,Timelord
Lee the World Chalice Fairy,Effect Monster,Fairy,100,2000,2,LIGHT,World Chalice
Left Arm of the Forbidden One,Normal Monster,Spellcaster,200,300,1,DARK,Exodia
Left Leg of the Forbidden One,Normal Monster,Spellcaster,200,300,1,DARK,Exodia
Legendary Atlantean Tridon,Effect Monster,Sea Serpent,1600,800,3,WATER,Atlantean
Legendary Fire King Ponix,Effect Monster,Winged Beast,500,200,1,FIRE,Fire King
Legendary Knight Critias,Effect Monster,Warrior,2800,1800,8,LIGHT,Legendary Knight
Legendary Knight Hermos,Effect Monster,Warrior,2800,1800,8,LIGHT,Legendary Knight
Legendary Knight Timaeus,Effect Monster,Warrior,2800,1800,8,LIGHT,Legendary Knight
Legendary Lord Six Samurai - Enishi,Synchro Monster,Warrior,1700,1200,6,LIGHT,Six Samurai
Legendary Lord Six Samurai - Kizan,Synchro Monster,Warrior,1800,800,6,EARTH,Six Samurai
Legendary Lord Six Samurai - Shi En,Synchro Monster,Warrior,2500,1900,6,DARK,Six Samurai
Legendary Secret of the Six Samurai,Effect Monster,Warrior,500,2000,4,DARK,Six Samurai
Legendary Six Samurai - Enishi,Effect Monster,Warrior,1700,700,4,LIGHT,Six Samurai
Legendary Six Samurai - Kageki,Effect Monster,Warrior,200,2000,3,WIND,Six Samurai
Legendary Six Samurai - Kizan,Effect Monster,Warrior,1800,500,4,EARTH,Six Samurai
Legendary Six Samurai - Mizuho,Effect Monster,Warrior,1600,1000,3,FIRE,Six Samurai
Legendary Six Samurai - Shi En,Synchro Monster,Warrior,2500,1400,5,DARK,Six Samurai
Legendary Six Samurai - Shinai,Effect Monster,Warrior,1500,1500,3,WATER,Six Samurai
Leo Wizard,Normal Monster,Spellcaster,1350,1200,5,EARTH,Recolored counterpart
Lesser Fiend,Effect Monster,Fiend,2100,1000,5,DARK,Archfiend
Levia-Dragon - Daedalus,Effect Monster,Sea Serpent,2600,1500,7,WATER,Umi
Lib the World Key Blademaster,Link Monster,Cyberse,2000,-1,0,LIGHT,World Legacy
"Libic, Malebranche of the Burning Abyss",Effect Monster,Fiend,1300,700,3,DARK,Burning Abyss
Light Dragon @Ignister,XYZ Monster,Cyberse,2300,1500,4,LIGHT,@Ignister
Lightsworn Dragonling,Effect Monster,Dragon,1500,1300,4,LIGHT,Lightsworn
Lillybot,Effect Monster,Machine,500,2000,4,LIGHT,Photon
Linguriboh,Link Monster,Cyberse,300,-1,0,DARK,Kuriboh
Linkmail Archfiend,Link Monster,Cyberse,2800,-1,0,DARK,Archfiend
Linkslayer @Ignister,Effect Monster,Cyberse,2000,600,5,DARK,@Ignister
Linkuriboh,Link Monster,Cyberse,300,-1,0,DARK,Kuriboh
Lionhearted Locomotive,Effect Monster,Machine,2400,2100,4,EARTH,Train
Living Vase,Normal Monster,Plant,900,1100,3,EARTH,Recolored counterpart
Ljosalf of the Nordic Alfar,Effect Monster,Spellcaster,1400,1200,4,LIGHT,Nordic
Locomotion R-Genex,Synchro Monster,Machine,2500,2000,9,DARK,Genex
"Loptr, Shadow of the Generaider Bosses",Effect Monster,Fairy,1500,1500,4,FIRE,Generaider
Lord Gaia the Fierce Knight,Effect Monster,Warrior,2300,2100,7,EARTH,Gaia The Fierce Knight
Lord of the Red,Ritual Effect Monster,Dragon,2400,2100,8,FIRE,Red-Eyes
Lost Guardian,Effect Monster,Rock,100,-1,4,EARTH,Guardian
"Lucent, Netherlord of Dark World",Effect Monster,Fiend,2400,0,6,DARK,Dark World
"Lumina, Lightsworn Summoner",Effect Monster,Spellcaster,1000,1000,3,LIGHT,Lightsworn
"Lumina, Twilightsworn Shaman",Effect Monster,Spellcaster,1000,1000,3,DARK,Lightsworn
Lunalight Black Sheep,Effect Monster,Beast-Warrior,100,600,2,DARK,Lunalight
Lunalight Blue Cat,Effect Monster,Beast-Warrior,1600,1200,4,DARK,Lunalight
Lunalight Cat Dancer,Fusion Monster,Beast-Warrior,2400,2000,7,DARK,Lunalight
Lunalight Crimson Fox,Effect Monster,Beast-Warrior,1800,600,4,DARK,Lunalight
Lunalight Emerald Bird,Effect Monster,Beast-Warrior,1200,1000,4,DARK,Lunalight
Lunalight Gold Leo,Effect Monster,Beast-Warrior,600,1600,4,DARK,Lunalight
Lunalight Kaleido Chick,Effect Monster,Beast-Warrior,1400,800,4,DARK,Lunalight
Lunalight Leo Dancer,Fusion Monster,Beast-Warrior,3500,3000,10,DARK,Lunalight
Lunalight Liger Dancer,Fusion Monster,Beast-Warrior,3800,3500,12,DARK,Lunalight
Lunalight Panther Dancer,Fusion Monster,Beast-Warrior,2800,2500,8,DARK,Lunalight
Lunalight Perfume Dancer,Fusion Monster,Beast-Warrior,2000,1500,6,DARK,Lunalight
Lunalight Purple Butterfly,Effect Monster,Beast-Warrior,1000,1000,3,DARK,Lunalight
Lunalight Sabre Dancer,Fusion Monster,Beast-Warrior,3000,2600,9,DARK,Lunalight
Lunalight Scarlet Tiger,Effect Monster,Beast-Warrior,1900,1500,5,DARK,Lunalight
Lunalight Silver Hound,Effect Monster,Beast-Warrior,1400,400,3,DARK,Lunalight
Lunalight Tiger,Pendulum Effect Monster,Beast-Warrior,1200,800,3,LIGHT,Lunalight
Lunalight White Rabbit,Effect Monster,Beast-Warrior,800,800,2,DARK,Lunalight
Lunalight Wolf,Pendulum Effect Monster,Beast-Warrior,2000,1800,6,LIGHT,Lunalight
Lunalight Yellow Marten,Effect Monster,Beast-Warrior,800,2000,4,DARK,Lunalight
"Luster Pendulum, the Dracoslayer",Pendulum Tuner Effect Monster,Dragon,1850,0,4,LIGHT,Dracoslayer
"Lyla, Lightsworn Sorceress",Effect Monster,Spellcaster,1700,200,4,LIGHT,Lightsworn
"Lyla, Twilightsworn Enchantress",Effect Monster,Spellcaster,1700,200,4,DARK,Lightsworn
Lyna the Light Charmer,Flip Effect Monster,Spellcaster,500,1500,3,LIGHT,Charmer
"Lyna the Light Charmer, Lustrous",Link Monster,Spellcaster,1850,-1,0,LIGHT,Charmer
Lyrilusc - Assembled Nightingale,XYZ Monster,Winged Beast,0,0,1,WIND,Lyrilusc
Lyrilusc - Beryl Canary,Effect Monster,Winged Beast,0,200,1,WIND,Lyrilusc
Lyrilusc - Celestine Wagtail,Effect Monster,Winged Beast,200,0,1,WIND,Lyrilusc
Lyrilusc - Cobalt Sparrow,Effect Monster,Winged Beast,0,100,1,WIND,Lyrilusc
Lyrilusc - Ensemblue Robin,XYZ Monster,Winged Beast,0,0,1,WIND,Lyrilusc
Lyrilusc - Independent Nightingale,Fusion Monster,Winged Beast,1000,0,1,WIND,Lyrilusc
Lyrilusc - Promenade Thrush,XYZ Monster,Winged Beast,0,0,1,WIND,Lyrilusc
Lyrilusc - Recital Starling,XYZ Monster,Winged Beast,0,0,1,WIND,Lyrilusc
Lyrilusc - Sapphire Swallow,Effect Monster,Winged Beast,100,0,1,WIND,Lyrilusc
Lyrilusc - Turquoise Warbler,Effect Monster,Winged Beast,100,100,1,WIND,Lyrilusc
M-X-Saber Invoker,XYZ Monster,Warrior,1600,500,3,EARTH,X-Saber
Machina Air Raider,Effect Monster,Machine,1500,2600,8,EARTH,Machina
Machina Cannon,Effect Monster,Machine,0,2200,8,EARTH,Machina
Machina Citadel,Effect Monster,Machine,3000,2500,10,EARTH,Machina
Machina Defender,Flip Effect Monster,Machine,1200,1800,4,EARTH,Machina
Machina Force,Effect Monster,Machine,4600,4100,10,EARTH,Machina
Machina Fortress,Effect Monster,Machine,2500,1600,7,EARTH,Machina
Machina Gearframe,Union Effect Monster,Machine,1800,0,4,EARTH,Machina
Machina Irradiator,Effect Monster,Machine,1700,2400,8,EARTH,Machina
Machina Megaform,Effect Monster,Machine,2600,1500,8,EARTH,Machina
Machina Metalcruncher,Effect Monster,Machine,2800,0,9,EARTH,Machina
Machina Peacekeeper,Union Effect Monster,Machine,500,400,2,EARTH,Machina
Machina Possesstorage,Effect Monster,Machine,1600,1500,4,DARK,Machina
Machina Resavenger,Effect Monster,Machine,1200,1800,4,DARK,Machina
Machina Ruinforce,Effect Monster,Machine,4600,4100,10,DARK,Machina
Machina Sniper,Effect Monster,Machine,1800,800,4,EARTH,Machina
Machina Soldier,Effect Monster,Machine,1600,1500,4,EARTH,Machina
Machina Unclaspare,Effect Monster,Machine,1800,800,4,DARK,Machina
Machine Attacker,Normal Monster,Machine,1600,1300,5,EARTH,Recolored counterpart
Mad Archfiend,Effect Monster,Fiend,1800,0,4,DARK,Archfiend
Mad Lobster,Normal Monster,Aqua,1700,1000,3,WATER,Dark World
Madjinn Gunn,Normal Monster,Fiend,600,800,2,DARK,Djinn
Madolche Anjelly,Effect Monster,Fairy,1000,1000,4,EARTH,Madolche
Madolche Baaple,Effect Monster,Beast,0,1800,3,EARTH,Madolche
Madolche Butlerusk,Effect Monster,Spellcaster,1500,800,4,EARTH,Madolche
Madolche Chickolates,Effect Monster,Beast,800,1500,3,EARTH,Madolche
Madolche Chouxvalier,Effect Monster,Warrior,1700,1300,4,EARTH,Madolche
Madolche Cruffssant,Effect Monster,Beast,1500,1200,3,EARTH,Madolche
Madolche Fresh Sistart,Link Monster,Fairy,1500,-1,0,EARTH,Madolche
Madolche Hootcake,Effect Monster,Beast,1500,1100,3,EARTH,Madolche
Madolche Magileine,Effect Monster,Spellcaster,1400,1200,4,EARTH,Madolche
Madolche Marmalmaide,Effect Monster,Spellcaster,800,2000,4,EARTH,Madolche
Madolche Messengelato,Effect Monster,Warrior,1600,1000,4,EARTH,Madolche
Madolche Mewfeuille,Effect Monster,Beast,500,300,3,EARTH,Madolche
Madolche Mini Meowcaroons,Link Monster,Beast,2300,-1,0,EARTH,Madolche
Madolche Petingcessoeur,Effect Monster,Fairy,1400,1400,4,EARTH,Madolche
Madolche Puddingcess,Effect Monster,Fairy,1000,1000,5,EARTH,Madolche
Madolche Puddingcess Chocolat-a-la-Mode,XYZ Monster,Fairy,2500,2200,5,EARTH,Madolche
Madolche Queen Tiarafraise,XYZ Monster,Fairy,2600,2500,5,EARTH,Madolche
Madolche Queen Tiaramisu,XYZ Monster,Fairy,2200,2100,4,EARTH,Madolche
Madolche Teacher Glassouffle,XYZ Monster,Fairy,1800,2500,4,EARTH,Madolche
Maestroke the Symphony Djinn,XYZ Monster,Fiend,1800,2300,4,DARK,Djinn
Magical Android,Synchro Monster,Psychic,2400,1700,5,LIGHT,Roid
Magician of Black Chaos,Ritual Monster,Spellcaster,2800,2600,8,DARK,Dark Magician
Magician of Black Chaos MAX,Ritual Effect Monster,Spellcaster,2800,2600,8,DARK,Dark Magician
Magician of Chaos,Ritual Effect Monster,Spellcaster,2500,2100,7,DARK,Dark Magician
Magician of Dark Illusion,Effect Monster,Spellcaster,2100,2500,7,DARK,Dark Magician
Magician of Hope,XYZ Pendulum Effect Monster,Spellcaster,2500,2000,4,LIGHT,Magician
Magician's Robe,Effect Monster,Spellcaster,700,2000,2,DARK,Dark Magician
Magician's Rod,Effect Monster,Spellcaster,1600,100,3,DARK,Dark Magician
Magicians' Souls,Effect Monster,Spellcaster,0,0,1,DARK,Dark Magician
Magikuriboh,Effect Monster,Fiend,300,200,1,DARK,Kuriboh
Magister of Endymion,Pendulum Effect Monster,Spellcaster,1500,900,3,EARTH,Endymion
Magistus Chorozo,Fusion Monster,Spellcaster,1000,2800,4,DARK,Magistus
Magnarokket Dragon,Effect Monster,Dragon,1800,1200,4,DARK,Rokket
Maiden of the Aqua,Effect Monster,Aqua,700,2000,4,WATER,Umi
Maiden with Eyes of Blue,Tuner Monster,Spellcaster,0,0,1,LIGHT,Blue-Eyes
"Majester Paladin, the Ascending Dracoslayer",XYZ Monster,Dragon,1850,2000,4,WIND,Dracoslayer
Majestic Red Dragon,Synchro Monster,Dragon,4000,3000,10,DARK,Archfiend
"Majesty Pegasus, the Dracoslayer",Pendulum Effect Monster,Spellcaster,1500,1500,4,WIND,Dracoslayer
"Malacoda, Netherlord of the Burning Abyss",Ritual Effect Monster,Fiend,2700,2200,6,DARK,Burning Abyss
Malefic Blue-Eyes White Dragon,Effect Monster,Dragon,3000,2500,8,DARK,Blue-Eyes
Mamonaka the Vaylantz United,Pendulum Effect Fusion Monster,Spellcaster,2800,2800,10,WATER,Vaylantz
Manga Ryu-Ran,Toon Monster,Dragon,2200,2600,7,FIRE,Toon
Mara of the Nordic Alfar,Tuner Monster,Spellcaster,1000,500,2,DARK,Nordic
"Mardel, Generaider Boss of Light",Effect Monster,Plant,2400,2400,9,LIGHT,Generaider
Marincess Aqua Argonaut,Link Monster,Cyberse,2300,-1,0,WATER,Marincess
Marincess Basilalima,Effect Monster,Cyberse,600,2100,4,WATER,Marincess
Marincess Blue Slug,Link Monster,Cyberse,1500,-1,0,WATER,Marincess
Marincess Blue Tang,Effect Monster,Cyberse,1500,1200,4,WATER,Marincess
Marincess Coral Anemone,Link Monster,Cyberse,2000,-1,0,WATER,Marincess
Marincess Coral Triangle,Link Monster,Cyberse,1500,-1,0,WATER,Marincess
Marincess Crown Tail,Effect Monster,Cyberse,600,2300,5,WATER,Marincess
Marincess Crystal Heart,Link Monster,Cyberse,0,-1,0,WATER,Marincess
Marincess Great Bubble Reef,Link Monster,Cyberse,2600,-1,0,WATER,Marincess
Marincess Mandarin,Effect Monster,Cyberse,100,100,1,WATER,Marincess
Marincess Marbled Rock,Link Monster,Cyberse,2500,-1,0,WATER,Marincess
Marincess Pascalus,Effect Monster,Cyberse,1200,2000,4,WATER,Marincess
Marincess Sea Angel,Link Monster,Cyberse,1000,-1,0,WATER,Marincess
Marincess Sea Horse,Effect Monster,Cyberse,1400,1000,3,WATER,Marincess
Marincess Sea Star,Effect Monster,Cyberse,800,400,2,WATER,Marincess
Marincess Sleepy Maiden,Effect Monster,Cyberse,500,2500,5,WATER,Marincess
Marincess Springirl,Effect Monster,Cyberse,1200,1000,4,WATER,Marincess
Marincess Wonder Heart,Link Monster,Cyberse,2400,-1,0,WATER,Marincess
Masked Ninja Ebisu,Effect Monster,Warrior,1200,1800,4,WIND,Ninja
Masquerade the Blazing Dragon,Fusion Monster,Fiend,2500,2000,8,DARK,Despia
Master Hyperion,Effect Monster,Fairy,2700,2100,8,LIGHT,The Agent
Master of Chaos,Fusion Monster,Spellcaster,3000,2500,8,DARK,Chaos
"Master Peace, the True Dracoslayer",Effect Monster,Dragon,2950,2950,8,LIGHT,Dracoslayer
"Master Pendulum, the Dracoslayer",Pendulum Normal Monster,Dragon,1950,0,4,LIGHT,Dracoslayer
Master with Eyes of Blue,Tuner Monster,Spellcaster,300,1200,1,LIGHT,Blue-Eyes
Masterking Archfiend,Link Monster,Fiend,2000,-1,0,DARK,Archfiend
Matador Archfiend,Ritual Effect Monster,Warrior,0,0,6,DARK,Archfiend
Mathmech Addition,Effect Monster,Cyberse,1000,1000,4,FIRE,Mathmech
Mathmech Circular,Effect Monster,Cyberse,1500,1500,4,LIGHT,Mathmech
Mathmech Diameter,Tuner Monster,Cyberse,1000,1500,4,LIGHT,Mathmech
Mathmech Division,Effect Monster,Cyberse,1500,1000,4,EARTH,Mathmech
Mathmech Multiplication,Effect Monster,Cyberse,500,2000,4,EARTH,Mathmech
Mathmech Nabla,Tuner Monster,Cyberse,1000,1500,4,DARK,Mathmech
Mathmech Sigma,Tuner Monster,Cyberse,1000,1500,4,LIGHT,Mathmech
Mathmech Subtraction,Effect Monster,Cyberse,1000,1000,4,FIRE,Mathmech
Matriarch of Nephthys,Effect Monster,Spellcaster,600,600,2,WIND,Nephthys
Mayosenju Daibak,Pendulum Effect Monster,Beast,3000,300,10,WIND,Yosenju
Mayosenju Hitot,Pendulum Effect Monster,Beast,2000,3000,10,WIND,Yosenju
Mecha Phantom Beast Aerosguin,Effect Monster,Machine,1600,400,3,WIND,Mecha Phantom Beast
Mecha Phantom Beast Auroradon,Link Monster,Machine,2100,-1,0,WIND,Mecha Phantom Beast
Mecha Phantom Beast Blackfalcon,Effect Monster,Machine,1200,1700,4,WIND,Mecha Phantom Beast
Mecha Phantom Beast Blue Impala,Tuner Monster,Machine,1400,1100,3,WIND,Mecha Phantom Beast
Mecha Phantom Beast Coltwing,Effect Monster,Machine,1600,1500,4,WIND,Mecha Phantom Beast
Mecha Phantom Beast Concoruda,Synchro Monster,Machine,2400,1200,7,WIND,Mecha Phantom Beast
Mecha Phantom Beast Dracossack,XYZ Monster,Machine,2600,2200,7,WIND,Mecha Phantom Beast
Mecha Phantom Beast Hamstrat,Effect Monster,Machine,1100,1600,3,WIND,Mecha Phantom Beast
Mecha Phantom Beast Harrliard,Effect Monster,Machine,1800,800,4,WIND,Mecha Phantom Beast
Mecha Phantom Beast Jaculuslan,Synchro Monster,Machine,2700,2000,9,WIND,Mecha Phantom Beast
Mecha Phantom Beast Kalgriffin,Effect Monster,Machine,1000,2500,7,WIND,Mecha Phantom Beast
Mecha Phantom Beast Megaraptor,Effect Monster,Machine,1900,1000,4,WIND,Mecha Phantom Beast
Mecha Phantom Beast O-Lion,Tuner Monster,Machine,600,1000,2,WIND,Mecha Phantom Beast
Mecha Phantom Beast Raiten,Effect Monster,Machine,1500,1500,4,WIND,Mecha Phantom Beast
Mecha Phantom Beast Sabre Hawk,Effect Monster,Machine,2100,100,4,WIND,Mecha Phantom Beast
Mecha Phantom Beast Stealthray,Effect Monster,Machine,100,2100,3,WIND,Mecha Phantom Beast
Mecha Phantom Beast Tetherwolf,Effect Monster,Machine,1700,1200,4,WIND,Mecha Phantom Beast
Mecha Phantom Beast Turtletracer,Effect Monster,Machine,500,2000,3,WIND,Mecha Phantom Beast
Mecha Phantom Beast Warbluran,Tuner Monster,Machine,300,300,1,WIND,Mecha Phantom Beast
Medium of the Ice Barrier,Effect Monster,Spellcaster,2200,1600,7,WATER,Ice Barrier
Medusa Worm,Effect Monster,Rock,500,600,2,EARTH,Worm
Meizen the Battle Ninja,Fusion Monster,Warrior,2500,1500,6,DARK,Ninja
Mekk-Knight Avram,Normal Monster,Psychic,2000,0,4,LIGHT,Mekk-Knight
Mekk-Knight Blue Sky,Effect Monster,Psychic,2000,2500,5,LIGHT,Mekk-Knight
Mekk-Knight Crusadia Avramax,Link Monster,Cyberse,3000,-1,0,LIGHT,Mekk-Knight
Mekk-Knight Green Horizon,Effect Monster,Psychic,2100,1600,6,LIGHT,Mekk-Knight
Mekk-Knight Indigo Eclipse,Effect Monster,Psychic,2400,2400,8,LIGHT,Mekk-Knight
Mekk-Knight of the Morning Star,Link Monster,Machine,2000,-1,0,LIGHT,Mekk-Knight
Mekk-Knight Orange Sunset,Effect Monster,Psychic,800,3000,6,LIGHT,Mekk-Knight
Mekk-Knight Purple Nightfall,Effect Monster,Psychic,2500,2000,8,LIGHT,Mekk-Knight
Mekk-Knight Red Moon,Effect Monster,Psychic,2300,2600,7,LIGHT,Mekk-Knight
Mekk-Knight Spectrum Supreme,Link Monster,Cyberse,3000,-1,0,LIGHT,Mekk-Knight
Mekk-Knight Yellow Star,Effect Monster,Psychic,2200,2800,7,LIGHT,Mekk-Knight
Meklord Army Deployer Obbligato,Effect Monster,Machine,1200,1800,4,LIGHT,Meklord
Meklord Army of Granel,Effect Monster,Machine,1600,1200,4,EARTH,Meklord
Meklord Army of Skiel,Effect Monster,Machine,1200,1000,4,WIND,Meklord
Meklord Army of Wisel,Effect Monster,Machine,1800,0,4,DARK,Meklord
Meklord Astro Dragon Asterisk,Effect Monster,Machine,0,0,10,DARK,Meklord
Meklord Astro Dragon Triskelion,Effect Monster,Machine,3000,0,10,DARK,Meklord
Meklord Astro Mekanikle,Effect Monster,Machine,4000,4000,12,LIGHT,Meklord
Meklord Emperor Granel,Effect Monster,Machine,0,0,1,EARTH,Meklord
Meklord Emperor Skiel,Effect Monster,Machine,2200,2200,1,WIND,Meklord
Meklord Emperor Wisel,Effect Monster,Machine,2500,2500,1,DARK,Meklord
Meklord Emperor Wisel - Synchro Absorption,Effect Monster,Machine,2500,2500,1,DARK,Meklord
Meklord Nucleus Infinity Core,Effect Monster,Machine,0,0,1,DARK,Meklord
Melffy Catty,Effect Monster,Beast,200,200,2,EARTH,Melffy
Melffy Fenny,Effect Monster,Beast,100,300,2,EARTH,Melffy
Melffy Godmommy,XYZ Monster,Beast,0,2000,2,EARTH,Melffy
Melffy Mommy,XYZ Monster,Beast,1000,1000,2,EARTH,Melffy
Melffy of the Forest,XYZ Monster,Beast,500,2000,2,EARTH,Melffy
Melffy Pinny,Tuner Monster,Beast,300,100,2,WATER,Melffy
Melffy Pony,Effect Monster,Beast,400,0,2,EARTH,Melffy
Melffy Puppy,Effect Monster,Beast,300,100,2,EARTH,Melffy
Melffy Rabby,Normal Monster,Beast,0,2100,2,EARTH,Melffy
Melffy Rabbys,Tuner Monster,Beast,300,100,2,EARTH,Melffy
Melffy Wally,Effect Monster,Beast,0,400,2,EARTH,Melffy
Melffys' Joyful Surprise,Fusion Monster,Beast,0,2500,4,EARTH,Melffy
Melomelody the Brass Djinn,XYZ Monster,Fiend,1400,1600,3,LIGHT,Djinn
Mementoal Tecuhtlica - Combined Creation,Effect Monster,Wyrm,5000,5000,11,EARTH,Memento
Mementomictlan Tecuhtlica - Creation King,Fusion Monster,Illusion,3000,2000,9,EARTH,Memento
Mementotlan Akihiron,Effect Monster,Aqua,1700,1400,5,WATER,Memento
Mementotlan Angwitch,Effect Monster,Spellcaster,800,1000,3,DARK,Memento
Mementotlan Dark Blade,Effect Monster,Warrior,1800,1500,4,DARK,Memento
Mementotlan Ghattic,Effect Monster,Fiend,550,400,2,DARK,Memento
Mementotlan Goblin,Effect Monster,Fiend,400,400,1,DARK,Goblin
Mementotlan Mace,Effect Monster,Fairy,400,300,1,LIGHT,Memento
Mementotlan Shleepy,Effect Monster,Beast,800,1000,3,EARTH,Memento
Mementotlan Tatsunootoshigo,Effect Monster,Beast,1350,1600,5,EARTH,Memento
Mementotlan Twin Dragon,Fusion Monster,Thunder,2800,2100,7,LIGHT,Memento
Mementotlan-Horned Dragon,Effect Monster,Dragon,2850,2350,8,DARK,Memento
Merlin,Effect Monster,Spellcaster,1400,500,3,DARK,Noble Knight
Mermaid Knight,Effect Monster,Aqua,1500,700,4,WATER,Umi
Mermail Abyssalacia,Link Monster,Sea Serpent,1600,-1,0,WATER,Mermail
Mermail Abyssbalaen,Effect Monster,Aqua,2500,2000,7,WATER,Mermail
Mermail Abyssdine,Effect Monster,Aqua,1000,200,3,WATER,Mermail
Mermail Abyssgaios,XYZ Monster,Aqua,2800,1600,7,WATER,Mermail
Mermail Abyssgunde,Effect Monster,Aqua,1400,800,3,WATER,Mermail
Mermail Abysshilde,Effect Monster,Aqua,1300,400,3,WATER,Mermail
Mermail Abyssleed,Effect Monster,Sea Serpent,2700,1000,7,WATER,Mermail
Mermail Abysslinde,Effect Monster,Aqua,1500,1200,3,WATER,Mermail
Mermail Abysslung,Effect Monster,Fish,1200,1800,4,WATER,Mermail
Mermail Abyssmander,Effect Monster,Fish,100,2000,4,WATER,Mermail
Mermail Abyssmegalo,Effect Monster,Sea Serpent,2400,1900,7,WATER,Mermail
Mermail Abyssnerei,Effect Monster,Aqua,1200,2000,3,WATER,Mermail
Mermail Abyssnose,Effect Monster,Fish,1500,1500,4,WATER,Mermail
Mermail Abyssocea,Effect Monster,Aqua,1100,1900,3,WATER,Mermail
Mermail Abysspike,Effect Monster,Fish,1600,800,4,WATER,Mermail
Mermail Abyssteus,Effect Monster,Aqua,1700,2400,7,WATER,Mermail
Mermail Abysstrite,XYZ Monster,Sea Serpent,1600,2800,3,WATER,Mermail
Mermail Abyssturge,Effect Monster,Fish,1700,1100,4,WATER,Mermail
Mermail Shadow Squad,Effect Monster,Sea Serpent,0,1900,3,WATER,Atlantean
Merry Melffys,Synchro Monster,Beast,1500,1000,4,EARTH,Melffy
"Metaion, the Timelord",Effect Monster,Fairy,0,0,10,FIRE,Timelord
Metal Guardian,Normal Monster,Fiend,1150,2150,5,DARK,Guardian
Metalfoes Adamante,Fusion Monster,Psychic,2500,2500,5,FIRE,Metalfoes
Metalfoes Crimsonite,Fusion Monster,Psychic,3000,3000,9,FIRE,Metalfoes
Metalfoes Goldriver,Pendulum Normal Monster,Psychic,1900,500,4,FIRE,Metalfoes
Metalfoes Mithrilium,Fusion Monster,Psychic,2600,1000,6,FIRE,Metalfoes
Metalfoes Orichalc,Fusion Monster,Psychic,2800,2200,8,FIRE,Metalfoes
Metalfoes Silverd,Pendulum Normal Monster,Psychic,1700,100,3,FIRE,Metalfoes
Metalfoes Steelen,Pendulum Normal Monster,Psychic,0,2100,2,FIRE,Metalfoes
Metalfoes Vanisher,Pendulum Effect Monster,Psychic,2900,1900,9,FIRE,Metalfoes
Metalfoes Volflame,Pendulum Normal Monster,Psychic,2400,2000,7,FIRE,Metalfoes
Metalrokket Dragon,Effect Monster,Dragon,1700,1400,4,DARK,Rokket
Metaphys Armed Dragon,Normal Monster,Wyrm,2800,1000,7,LIGHT,Armed Dragon
Meteor Black Comet Dragon,Fusion Monster,Dragon,3500,2000,8,DARK,Red-Eyes
Meteor Black Dragon,Fusion Monster,Dragon,3500,2000,8,FIRE,Red-Eyes
Meteor Dragon Red-Eyes Impact,Gemini Monster,Dragon,1800,2000,6,DARK,Red-Eyes
Meteor Rush - Monochroid,Effect Monster,Machine,0,0,10,EARTH,roid
"Michael, the Arch-Lightsworn",Synchro Monster,Dragon,2600,2000,7,LIGHT,Lightsworn
"Michion, the Timelord",Effect Monster,Fairy,0,0,10,FIRE,Timelord
Micro Coder,Effect Monster,Cyberse,300,0,1,DARK,Code Talker
Milla the Temporal Magician,Effect Monster,Spellcaster,1800,1000,4,LIGHT,Magician
Mimighoul Archfiend,Flip Effect Monster,Fiend,0,1900,1,EARTH,Archfiend
Mimir of the Nordic Ascendant,Effect Monster,Fairy,600,0,2,DARK,Nordic
"Minerva, Lightsworn Maiden",Tuner Monster,Spellcaster,800,200,3,LIGHT,Lightsworn
"Minerva, the Athenian Lightsworn",Synchro Monster,Fairy,2800,1800,8,LIGHT,Lightsworn
"Minerva, the Exalted Lightsworn",XYZ Monster,Fairy,2000,800,4,LIGHT,Lightsworn
Miniborrel Dragon,Link Monster,Dragon,800,-1,0,DARK,Rokket
Mirror Force Dragon,Fusion Monster,Dragon,2800,1200,8,LIGHT,Legendary Knight
Mirror Mage of the Ice Barrier,Tuner Monster,Aqua,1000,400,2,WATER,Ice Barrier
Mirror Resonator,Tuner Monster,Fiend,0,0,1,LIGHT,Resonator
MiSolfachord Eliteia,Pendulum Effect Monster,Fairy,1100,400,3,WATER,Solfachord
Mist Archfiend,Effect Monster,Fiend,2400,0,5,DARK,Archfiend
Mist Condor,Effect Monster,Winged Beast,1400,400,4,WIND,Mist Valley
Mist Valley Apex Avian,Effect Monster,Winged Beast,2700,2000,7,WIND,Mist Valley
Mist Valley Executor,Effect Monster,Thunder,2100,1600,5,WIND,Mist Valley
Mist Valley Falcon,Effect Monster,Winged Beast,2000,1200,4,WIND,Mist Valley
Mist Valley Shaman,Tuner Monster,Winged Beast,1200,1200,3,WIND,Mist Valley
Mist Valley Soldier,Tuner Monster,Winged Beast,1700,300,4,WIND,Mist Valley
Mist Valley Thunder Lord,Synchro Monster,Thunder,2600,2400,7,WIND,Mist Valley
Mist Valley Thunderbird,Effect Monster,Thunder,1100,700,3,WIND,Mist Valley
Mist Valley Watcher,Normal Monster,Spellcaster,1500,1900,4,WIND,Mist Valley
Mist Valley Windmaster,Tuner Monster,Winged Beast,400,800,2,WIND,Mist Valley
Mitsu the Insect Ninja,Effect Monster,Insect,200,2100,2,WATER,Ninja
Mixeroid,Effect Monster,Machine,0,2200,4,WIND,Roid
Mobius the Frost Monarch,Effect Monster,Aqua,2400,1000,6,WATER,Monarch
Mobius the Mega Monarch,Effect Monster,Aqua,2800,1000,8,WATER,Monarch
Mon Larvas,Normal Monster,Beast,1300,1400,4,EARTH,Recolored counterpart
Monk of the Tenyi,Link Monster,Wyrm,1000,-1,0,EARTH,Tenyi
Mono Synchron,Tuner Monster,Machine,0,0,1,DARK,Synchron
Moon Token,Token,Fairy,-1,-1,0,NONE,Arcana Force
"Morgan, the Enchantress of Avalon",Effect Monster,Spellcaster,1300,1600,3,DARK,Noble Knight
"Morpheus, the Dream Mirror Black Knight",Effect Monster,Warrior,2800,1000,8,DARK,Dream Mirror
"Morpheus, the Dream Mirror White Knight",Effect Monster,Warrior,1000,2800,8,LIGHT,Dream Mirror
Morphtronic Boarden,Effect Monster,Machine,500,1800,3,EARTH,Morphtronic
Morphtronic Boomboxen,Effect Monster,Machine,1200,400,4,EARTH,Morphtronic
Morphtronic Cameran,Effect Monster,Machine,800,600,2,LIGHT,Morphtronic
Morphtronic Celfon,Effect Monster,Machine,100,100,1,EARTH,Morphtronic
Morphtronic Clocken,Effect Monster,Machine,600,1100,2,EARTH,Morphtronic
Morphtronic Datatron,Effect Monster,Pyro,1200,600,3,FIRE,Morphtronic
Morphtronic Earfon,Synchro Monster,Machine,1200,1800,4,EARTH,Morphtronic
Morphtronic Lantron,Tuner Monster,Machine,200,200,1,LIGHT,Morphtronic
Morphtronic Magnen,Effect Monster,Thunder,800,800,3,EARTH,Morphtronic
Morphtronic Magnen Bar,Effect Monster,Thunder,100,100,1,EARTH,Morphtronic
Morphtronic Radion,Effect Monster,Thunder,1000,900,4,LIGHT,Morphtronic
Morphtronic Remoten,Tuner Monster,Machine,300,1200,3,EARTH,Morphtronic
Morphtronic Scannen,Tuner Monster,Machine,1500,600,6,EARTH,Morphtronic
Morphtronic Scopen,Tuner Monster,Machine,800,1400,3,LIGHT,Morphtronic
Morphtronic Slingen,Effect Monster,Machine,1200,800,4,WIND,Morphtronic
Morphtronic Smartfon,Tuner Monster,Machine,100,100,1,EARTH,Morphtronic
Morphtronic Staplen,Effect Monster,Machine,1400,1000,4,EARTH,Morphtronic
Morphtronic Telefon,Tuner Monster,Machine,100,100,1,EARTH,Morphtronic
Morphtronic Vacuumen,Effect Monster,Machine,0,0,1,WIND,Morphtronic
Morphtronic Videon,Effect Monster,Machine,1000,1000,4,LIGHT,Morphtronic
Mozarta the Melodious Maestra,Effect Monster,Fairy,2600,2000,8,LIGHT,Melodious
Mudan the Rikka Fairy,Effect Monster,Plant,1000,2400,6,WATER,Rikka
Muse-A,Normal Monster,Fairy,850,900,3,LIGHT,Recolored counterpart
"Musto, Oracle of Gusto",Effect Monster,Psychic,1800,900,4,WIND,Gusto
Muzurhythm the String Djinn,XYZ Monster,Fiend,1500,1000,3,WIND,Djinn
Mythic Depths,Skill Card,Mako,-1,-1,0,NONE,Umi
Naelshaddoll Ariel,Flip Effect Monster,Psychic,1000,1800,4,WATER,Shaddoll
"Naglfar, Generaider Boss of Fire",Effect Monster,Beast-Warrior,3100,200,9,FIRE,Generaider
Naturia Antjaw,Effect Monster,Insect,400,200,2,EARTH,Naturia
Naturia Bamboo Shoot,Effect Monster,Plant,2000,2000,5,EARTH,Naturia
Naturia Barkion,Synchro Monster,Dragon,2500,1800,6,EARTH,Naturia
Naturia Beans,Effect Monster,Plant,100,1200,2,EARTH,Naturia
Naturia Beast,Synchro Monster,Beast,2200,1700,5,EARTH,Naturia
Naturia Beetle,Effect Monster,Insect,400,1800,4,EARTH,Naturia
Naturia Butterfly,Tuner Monster,Insect,500,1200,3,EARTH,Naturia
Naturia Camellia,Tuner Monster,Plant,1400,700,4,EARTH,Naturia
Naturia Cherries,Tuner Monster,Plant,200,200,1,EARTH,Naturia
Naturia Cliff,Effect Monster,Rock,1500,1000,4,EARTH,Naturia
Naturia Cosmobeet,Tuner Monster,Plant,1000,700,2,EARTH,Naturia
Naturia Dragonfly,Effect Monster,Insect,1200,400,4,EARTH,Naturia
Naturia Eggplant,Effect Monster,Plant,1000,700,2,EARTH,Naturia
Naturia Exterio,Fusion Monster,Beast,2800,2400,10,EARTH,Naturia
Naturia Fruitfly,Effect Monster,Insect,800,1500,3,EARTH,Naturia
Naturia Gaiastrio,Fusion Monster,Rock,3200,2100,10,EARTH,Naturia
Naturia Guardian,Effect Monster,Plant,1600,400,4,EARTH,Naturia
Naturia Horneedle,Effect Monster,Insect,1800,100,4,EARTH,Naturia
Naturia Hydrangea,Effect Monster,Plant,1900,2000,5,EARTH,Naturia
Naturia Ladybug,Effect Monster,Insect,100,100,1,EARTH,Naturia
Naturia Landoise,Synchro Monster,Rock,2350,1600,7,EARTH,Naturia
Naturia Leodrake,Synchro Monster,Beast,3000,1800,9,EARTH,Naturia
Naturia Marron,Effect Monster,Plant,1200,700,3,EARTH,Naturia
Naturia Mole Cricket,Effect Monster,Insect,0,0,1,EARTH,Naturia
Naturia Mosquito,Effect Monster,Insect,200,300,1,EARTH,Naturia
Naturia Pineapple,Effect Monster,Plant,100,100,2,EARTH,Naturia
Naturia Pumpkin,Effect Monster,Plant,1400,800,4,EARTH,Naturia
Naturia Ragweed,Effect Monster,Plant,1200,2000,3,EARTH,Naturia
Naturia Rock,Effect Monster,Rock,1200,1200,3,EARTH,Naturia
Naturia Rosewhip,Tuner Monster,Plant,400,1700,3,EARTH,Naturia
Naturia Spiderfang,Effect Monster,Insect,2100,400,4,EARTH,Naturia
Naturia Stag Beetle,Effect Monster,Insect,2200,1500,6,EARTH,Naturia
Naturia Stinkbug,Tuner Monster,Insect,200,500,3,EARTH,Naturia
Naturia Strawberry,Effect Monster,Plant,1600,1200,4,EARTH,Naturia
Naturia Sunflower,Effect Monster,Plant,500,0,2,EARTH,Naturia
Naturia Tulip,Tuner Monster,Plant,600,1500,2,EARTH,Naturia
Naturia Vein,Tuner Monster,Plant,200,300,1,EARTH,Naturia
Naturia White Oak,Effect Monster,Plant,1800,1400,4,EARTH,Naturia
Nazuki the Vaylantz Ninja,Pendulum Effect Monster,Spellcaster,1800,1800,6,WATER,Ninja
Necro Synchron,Tuner Monster,Machine,200,400,2,DARK,Synchron
Needle Worm,Flip Effect Monster,Insect,750,600,2,EARTH,Worm
Nefarious Archfiend Eater of Nefariousness,Effect Monster,Beast,1500,200,4,EARTH,Archfiend
Nehshaddoll Genius,Flip Effect Monster,Machine,1800,1000,4,EARTH,Shaddoll
"Neiroy, the Dream Mirror Disciple",Effect Monster,Fairy,1000,1000,3,LIGHT,Dream Mirror
"Neiroy, the Dream Mirror Traitor",Effect Monster,Fiend,1000,1000,3,DARK,Dream Mirror
Nekroz of Areadbhair,Ritual Effect Monster,Warrior,3300,3200,10,WATER,Nekroz
Nekroz of Brionac,Ritual Effect Monster,Warrior,2300,1400,6,WATER,Nekroz
Nekroz of Catastor,Ritual Effect Monster,Dragon,2200,1200,5,WATER,Nekroz
Nekroz of Clausolas,Ritual Effect Monster,Warrior,1200,2300,3,WATER,Nekroz
Nekroz of Decisive Armor,Ritual Effect Monster,Dragon,3300,2300,10,WATER,Nekroz
Nekroz of Gungnir,Ritual Effect Monster,Spellcaster,2500,1700,7,WATER,Nekroz
Nekroz of Metaltron,Pendulum Effect Ritual Monster,Wyrm,2500,3000,9,LIGHT,Nekroz
Nekroz of Sophia,Ritual Effect Monster,Spellcaster,3600,3400,11,LIGHT,Nekroz
Nekroz of Trishula,Ritual Effect Monster,Warrior,2700,2000,9,WATER,Nekroz
Nekroz of Unicore,Ritual Effect Monster,Spellcaster,2300,1000,4,WATER,Nekroz
Nekroz of Valkyrus,Ritual Effect Monster,Spellcaster,2900,1700,8,WATER,Nekroz
Neo Blue-Eyes Ultimate Dragon,Fusion Monster,Dragon,4500,3800,12,LIGHT,Blue-Eyes
Neo Flamvell Garuda,Effect Monster,Pyro,1200,1800,3,FIRE,Flamvell
Neo Flamvell Hedgehog,Tuner Monster,Pyro,800,200,3,FIRE,Flamvell
Neo Flamvell Lady,Effect Monster,Pyro,1600,200,4,FIRE,Flamvell
Neo Flamvell Origin,Tuner Monster,Pyro,500,200,2,FIRE,Flamvell
Neo Flamvell Sabre,Effect Monster,Pyro,1500,200,4,FIRE,Flamvell
Neo Flamvell Shaman,Effect Monster,Pyro,1700,200,3,FIRE,Flamvell
Neo Galaxy-Eyes Cipher Dragon,XYZ Monster,Dragon,4500,3000,9,LIGHT,Cipher
Neo Galaxy-Eyes Photon Dragon,XYZ Monster,Dragon,4500,3000,8,LIGHT,Galaxy-Eyes
Neo Space Connector,Effect Monster,Warrior,800,1800,4,LIGHT,Elemental HERO
Neo Super Quantal Mech King Blaster Magna,Link Monster,Machine,2500,-1,0,LIGHT,Super Quant
Neos Wiseman,Effect Monster,Spellcaster,3000,3000,10,LIGHT,Elemental HERO
"Nephthys, the Sacred Flame",Link Monster,Winged Beast,2400,-1,0,FIRE,Nephthys
"Nephthys, the Sacred Preserver",Link Monster,Winged Beast,1200,-1,0,FIRE,Nephthys
"Neptabyss, the Atlantean Prince",Effect Monster,Sea Serpent,800,0,1,WATER,Atlantean
"Nidhogg, Generaider Boss of Ice",Effect Monster,Wyrm,2100,2600,9,WATER,Generaider
Night Express Knight,Effect Monster,Machine,3000,3000,10,EARTH,Train
Night Lizard,Normal Monster,Aqua,1150,1300,4,WATER,Recolored counterpart
Night Train Blue Traveler,Effect Monster,Machine,2500,2500,10,EARTH,Train
Night Wing Sorceress,Effect Monster,Spellcaster,1300,1200,3,WIND,Assault Mode
Nightmare Archfiend Token,Token,Fiend,-1,-1,0,NONE,Archfiend
Nightmare Penguin,Effect Monster,Aqua,900,1800,4,WATER,Penguin
Nin-Ken Dog,Normal Monster,Beast-Warrior,1800,1000,4,WIND,Ninja
"Ninaruru, the Magistus Glass Goddess",XYZ Monster,Rock,1800,2400,4,EARTH,Magistus
Ningirsu the World Chalice Warrior,Link Monster,Warrior,2500,-1,0,EARTH,World Chalice
Ninja Grandmaster Hanzo,Effect Monster,Warrior,1800,1000,4,DARK,Ninja
Ninja Grandmaster Saizo,Link Monster,Warrior,2000,-1,0,LIGHT,Ninja
Ninja Grandmaster Sasuke,Effect Monster,Warrior,1800,1000,4,LIGHT,Ninja
Nitro Synchron,Tuner Monster,Machine,300,100,2,FIRE,Synchron
Noble Knight Artorigus,Normal Monster,Warrior,1800,1800,4,LIGHT,Noble Knight
Noble Knight Bedwyr,Effect Monster,Warrior,1600,1500,4,LIGHT,Noble Knight
Noble Knight Borz,Effect Monster,Warrior,1700,900,4,LIGHT,Noble Knight
Noble Knight Brothers,Effect Monster,Warrior,1200,2400,4,LIGHT,Noble Knight
Noble Knight Custennin,Effect Monster,Warrior,1000,2000,4,LIGHT,Noble Knight
Noble Knight Drystan,Effect Monster,Warrior,1800,800,4,LIGHT,Noble Knight
Noble Knight Eachtar,Effect Monster,Warrior,1600,2000,5,DARK,Noble Knight
Noble Knight Gawayn,Effect Monster,Warrior,1900,500,4,LIGHT,Noble Knight
Noble Knight Gwalchavad,Effect Monster,Warrior,1500,1800,4,LIGHT,Noble Knight
Noble Knight Iyvanne,Effect Monster,Warrior,1700,1600,4,LIGHT,Noble Knight
Noble Knight Joan,Effect Monster,Warrior,1900,1300,4,LIGHT,Noble Knight
Noble Knight Medraut,Effect Monster,Warrior,1700,1000,4,LIGHT,Noble Knight
Noble Knight Pellinore,Effect Monster,Warrior,1900,500,4,LIGHT,Noble Knight
Noble Knight Peredur,Effect Monster,Warrior,1900,300,4,LIGHT,Noble Knight
Noble Knight's Shield-Bearer,Effect Monster,Warrior,800,1300,4,LIGHT,Noble Knight
Noble Knight's Spearholder,Effect Monster,Warrior,800,400,2,LIGHT,Noble Knight
Nobledragon Magician,Pendulum Tuner Effect Monster,Spellcaster,700,1400,3,FIRE,Magician
Noctovision Dragon,Effect Monster,Dragon,0,2800,7,DARK,Rokket
Noh-P.U.N.K. Deer Note,Effect Monster,Warrior,2100,1800,5,EARTH,P.U.N.K.
Noh-P.U.N.K. Foxy Tune,Effect Monster,Beast,2300,2600,8,LIGHT,P.U.N.K.
Noh-P.U.N.K. Ogre Dance,Effect Monster,Fiend,2500,2000,8,DARK,P.U.N.K.
Noh-P.U.N.K. Rising Scale,Effect Monster,Sea Serpent,2400,2400,8,WATER,P.U.N.K.
Noh-P.U.N.K. Ze Amin,Tuner Monster,Psychic,600,600,3,EARTH,P.U.N.K.
Nopenguin,Effect Monster,Aqua,1600,100,3,WATER,Penguin
Nordic Beast Gullinbursti,Tuner Monster,Beast,300,100,3,LIGHT,Nordic
Nordic Beast Token,Token,Beast,-1,-1,0,NONE,Nordic
Nordic Smith Ivaldi,Effect Monster,Warrior,1500,700,4,EARTH,Nordic
Number 1: Infection Buzzking,XYZ Monster,Fiend,3000,2500,8,DARK,Number
Number 105: Battlin' Boxer Star Cestus,XYZ Monster,Warrior,2500,1600,4,FIRE,Battlin' Boxer
Number 107: Galaxy-Eyes Tachyon Dragon,XYZ Monster,Dragon,3000,2500,8,LIGHT,Galaxy-Eyes
Number 12: Crimson Shadow Armor Ninja,XYZ Monster,Warrior,2400,1700,5,EARTH,Ninja
Number 15: Gimmick Puppet Giant Grinder,XYZ Monster,Machine,1500,2500,8,DARK,Gimmick Puppet
Number 18: Heraldry Patriarch,XYZ Monster,Psychic,2200,2200,4,LIGHT,Heraldic
Number 2: Ninja Shadow Mosquito,XYZ Monster,Insect,0,0,2,WIND,Ninja
Number 27: Dreadnought Dreadnoid,XYZ Monster,Machine,2200,1000,4,WATER,Train
Number 32: Shark Drake,XYZ Monster,Sea Serpent,2800,2100,4,WATER,Number
Number 33: Chronomaly Machu Mech,XYZ Monster,Machine,2400,1500,5,LIGHT,Chronomaly
Number 36: Chronomaly Chateau Huyuk,XYZ Monster,Machine,2000,2500,4,LIGHT,Chronomaly
Number 39: Utopia,XYZ Monster,Warrior,2500,2000,4,LIGHT,Utopia
Number 39: Utopia Beyond,XYZ Monster,Warrior,3000,2500,6,LIGHT,Utopia
Number 39: Utopia Double,XYZ Monster,Warrior,0,2500,4,LIGHT,Utopia
Number 39: Utopia Rising,XYZ Monster,Warrior,0,2000,4,LIGHT,Number
Number 39: Utopia Roots,XYZ Monster,Warrior,500,100,1,LIGHT,Utopia
"Number 39: Utopia, Emissary of Light",XYZ Monster,Warrior,2500,2000,4,LIGHT,Number
Number 40: Gimmick Puppet of Strings,XYZ Monster,Machine,3000,2000,8,DARK,Gimmick Puppet
Number 6: Chronomaly Atlandis,XYZ Monster,Machine,2600,3000,6,LIGHT,Chronomaly
Number 62: Galaxy-Eyes Prime Photon Dragon,XYZ Monster,Dragon,4000,3000,8,LIGHT,Galaxy-Eyes
Number 65: Djinn Buster,XYZ Monster,Fiend,1300,0,2,DARK,Djinn
Number 79: Battlin' Boxer Nova Kaiser,XYZ Monster,Warrior,2300,1600,4,FIRE,Battlin' Boxer
Number 8: Heraldic King Genom-Heritage,XYZ Monster,Psychic,2400,1800,4,LIGHT,Heraldic
Number 81: Superdreadnought Rail Cannon Super Dora,XYZ Monster,Machine,3200,4000,10,EARTH,Train
Number 86: Heroic Champion - Rhongomyniad,XYZ Monster,Warrior,1500,1500,4,DARK,Heroic
Number 88: Gimmick Puppet of Leo,XYZ Monster,Machine,3200,2300,8,DARK,Gimmick Puppet
Number 90: Galaxy-Eyes Photon Lord,XYZ Monster,Warrior,2500,3000,8,LIGHT,Galaxy-Eyes
Number 93: Utopia Kaiser,XYZ Monster,Warrior,2500,2000,12,LIGHT,Utopia
Number 95: Galaxy-Eyes Dark Matter Dragon,XYZ Monster,Dragon,4000,0,9,DARK,Galaxy-Eyes
Number 99: Utopia Dragonar,XYZ Monster,Warrior,3000,3000,12,LIGHT,Number
Number 99: Utopic Dragon,XYZ Monster,Dragon,4000,2000,10,LIGHT,Utopia
Number C102: Archfiend Seraph,XYZ Monster,Fairy,2900,2400,5,LIGHT,Archfiend
Number C105: Battlin' Boxer Comet Cestus,XYZ Monster,Warrior,2800,2000,5,FIRE,Battlin' Boxer
Number C107: Neo Galaxy-Eyes Tachyon Dragon,XYZ Monster,Dragon,4500,3000,9,LIGHT,Galaxy-Eyes
Number C15: Gimmick Puppet Giant Hunter,XYZ Monster,Machine,2500,1500,9,DARK,Gimmick Puppet
Number C32: Shark Drake LeVeiss,XYZ Monster,Sea Serpent,3100,2600,5,WATER,Number
Number C32: Shark Drake Veiss,XYZ Monster,Sea Serpent,2800,2100,4,WATER,Shark
Number C39: Utopia Ray,XYZ Monster,Warrior,2500,2000,4,LIGHT,Utopia
Number C39: Utopia Ray V,XYZ Monster,Warrior,2600,2000,5,LIGHT,Utopia
Number C39: Utopia Ray Victory,XYZ Monster,Warrior,2800,2500,5,LIGHT,Utopia
Number C40: Gimmick Puppet of Dark Strings,XYZ Monster,Machine,3300,2000,9,DARK,Gimmick Puppet
Number C43: High Manipulator of Chaos,XYZ Monster,Fiend,0,0,3,DARK,Chaos
Number C5: Chaos Chimera Dragon,XYZ Monster,Dragon,0,0,6,DARK,Chaos
Number C6: Chronomaly Chaos Atlandis,XYZ Monster,Machine,3300,3300,7,LIGHT,Chaos
Number C62: Neo Galaxy-Eyes Prime Photon Dragon,XYZ Monster,Dragon,4000,3000,8,LIGHT,-Eyes Dragon
Number C79: Battlin' Boxer General Kaiser,XYZ Monster,Warrior,2600,2000,5,FIRE,Battlin' Boxer
Number C88: Gimmick Puppet Disaster Leo,XYZ Monster,Machine,3500,2500,9,DARK,Gimmick Puppet
Number C9: Chaos Dyson Sphere,XYZ Monster,Machine,3600,3200,10,LIGHT,Chaos
Number C92: Heart-eartH Chaos Dragon,XYZ Monster,Dragon,1000,0,10,DARK,Chaos
Number F0: Utopic Draco Future,XYZ Monster,Warrior,3000,2000,0,LIGHT,Utopia
Number F0: Utopic Future Slash,XYZ Monster,Warrior,0,0,0,LIGHT,Utopia
Number F0: Utopic Future Zexal,XYZ Monster,Warrior,0,0,0,LIGHT,Number
Number S0: Utopic ZEXAL,XYZ Monster,Warrior,-1,-1,0,LIGHT,Utopia
Number S37: Spider Shark,XYZ Monster,Sea Serpent,2600,2100,5,WATER,Number
Number S39: Utopia Prime,XYZ Monster,Warrior,2510,2000,4,LIGHT,Utopia
Number S39: Utopia the Lightning,XYZ Monster,Warrior,2500,2000,5,LIGHT,Utopia
Number XX: Utopic Dark Infinity,XYZ Monster,Warrior,4000,4000,10,DARK,Utopia
Numbing Grub in the Ice Barrier,Effect Monster,Insect,1300,1800,4,WATER,Ice Barrier
Nurse Dragonmaid,Effect Monster,Dragon,500,1600,2,EARTH,Dragonmaid
Oafdragon Magician,Pendulum Effect Monster,Spellcaster,2100,1400,6,WIND,Magician
"Oboro-Guruma, the Wheeled Mayakashi",Synchro Monster,Zombie,800,2100,3,EARTH,Mayakashi
Ocean Dragon Lord - Neo-Daedalus,Effect Monster,Sea Serpent,2900,1600,8,WATER,Umi
Odd-Eyes Absolute Dragon,XYZ Monster,Dragon,2800,2500,7,WATER,Odd-Eyes
Odd-Eyes Advance Dragon,Effect Monster,Dragon,3000,2500,8,DARK,Odd-Eyes
Odd-Eyes Arc Pendulum Dragon,Pendulum Normal Monster,Dragon,2700,2000,7,DARK,-Eyes Dragon
Odd-Eyes Arcray Dragon,Pendulum Effect Fusion Monster,Dragon,4000,4000,12,LIGHT,Odd-Eyes
Odd-Eyes Dragon,Effect Monster,Dragon,2500,2000,7,DARK,Odd-Eyes
Odd-Eyes Gravity Dragon,Ritual Effect Monster,Dragon,2800,2500,7,EARTH,Odd-Eyes
Odd-Eyes Lancer Dragon,Effect Monster,Dragon,3000,2000,8,LIGHT,Odd-Eyes
Odd-Eyes Meteorburst Dragon,Synchro Monster,Dragon,2500,2000,7,FIRE,Odd-Eyes
Odd-Eyes Mirage Dragon,Pendulum Effect Monster,Dragon,1200,600,3,DARK,-Eyes Dragon
Odd-Eyes Override Dragon,Link Monster,Dragon,2500,-1,0,LIGHT,Odd-Eyes
Odd-Eyes Pendulum Dragon,Pendulum Effect Monster,Dragon,2500,2000,7,DARK,-Eyes Dragon
Odd-Eyes Pendulum Dragon of the Four Heavenly Dragons,Pendulum Effect Monster,Dragon,2500,2000,7,DARK,Odd-Eyes
Odd-Eyes Pendulumgraph Dragon,Pendulum Effect Ritual Monster,Dragon,2700,2500,7,LIGHT,Odd-Eyes
Odd-Eyes Persona Dragon,Pendulum Effect Monster,Dragon,1200,2400,5,DARK,-Eyes Dragon
Odd-Eyes Phantasma Dragon,Pendulum Effect Monster,Dragon,3000,2500,8,DARK,-Eyes Dragon
Odd-Eyes Phantom Dragon,Pendulum Effect Monster,Dragon,2500,2000,7,DARK,-Eyes Dragon
Odd-Eyes Raging Dragon,XYZ Pendulum Effect Monster,Dragon,3000,2500,7,DARK,-Eyes Dragon
Odd-Eyes Rebellion Dragon,XYZ Pendulum Effect Monster,Dragon,3000,2500,7,DARK,-Eyes Dragon
Odd-Eyes Rebellion Dragon Overlord,XYZ Pendulum Effect Monster,Dragon,3000,2500,7,DARK,-Eyes Dragon
Odd-Eyes Rebellion Xyz Dragon,XYZ Pendulum Effect Monster,Dragon,3000,2500,7,DARK,Odd-Eyes
Odd-Eyes Revolution Dragon,Pendulum Effect Monster,Dragon,-1,-1,12,LIGHT,-Eyes Dragon
Odd-Eyes Saber Dragon,Effect Monster,Dragon,2800,2000,7,LIGHT,Odd-Eyes
Odd-Eyes Solblaze Dragon,Synchro Tuner Monster,Dragon,2000,2500,8,LIGHT,Odd-Eyes
Odd-Eyes Venom Dragon,Pendulum Effect Fusion Monster,Dragon,3300,2500,10,DARK,-Eyes Dragon
Odd-Eyes Vortex Dragon,Fusion Monster,Dragon,2500,3000,7,WIND,Odd-Eyes
Odd-Eyes Wizard Dragon,Effect Monster,Dragon,2500,2500,7,DARK,Odd-Eyes
Ojama Black,Normal Monster,Beast,0,1000,2,LIGHT,Ojama
Ojama Blue,Effect Monster,Beast,0,1000,2,LIGHT,Ojama
Ojama Emperor,Link Monster,Beast,0,-1,0,LIGHT,Ojama
Ojama Green,Normal Monster,Beast,0,1000,2,LIGHT,Ojama
Ojama King,Fusion Monster,Beast,0,3000,6,LIGHT,Ojama
Ojama Knight,Fusion Monster,Beast,0,2500,5,LIGHT,Ojama
Ojama Pink,Effect Monster,Beast,0,1000,2,LIGHT,Ojama
Ojama Red,Effect Monster,Beast,0,1000,2,LIGHT,Ojama
Ojama Token,Token,Beast,-1,-1,0,NONE,Ojama
Ojama Yellow,Normal Monster,Beast,0,1000,2,LIGHT,Ojama
"Oneiros, the Dream Mirror Erlking",Fusion Monster,Fairy,3000,3000,10,LIGHT,Dream Mirror
"Oneiros, the Dream Mirror Tormentor",Fusion Monster,Fiend,3000,3000,10,DARK,Dream Mirror
Opera the Melodious Diva,Effect Monster,Fairy,2300,1000,4,LIGHT,Melodious
Orbital 7,Effect Monster,Machine,500,2000,4,LIGHT,Photon
"Orea, the Sylvan High Arbiter",XYZ Monster,Plant,2800,2500,7,DARK,Sylvan
Overburst Dragon,Link Monster,Dragon,1800,-1,0,DARK,Rokket
Overmind Archfiend,Synchro Monster,Psychic,3300,3000,9,DARK,Archfiend
P.U.N.K. JAM Dragon Drive,Synchro Monster,Psychic,2700,2400,8,EARTH,P.U.N.K.
P.U.N.K. JAM FEVER!,XYZ Monster,Psychic,2800,600,8,LIGHT,P.U.N.K.
"Paces, Light of the Ghoti",Tuner Monster,Fish,0,0,2,WATER,Ghoti
Pair Cycroid,Fusion Monster,Machine,1600,1200,5,EARTH,Roid
Paladin of Dark Dragon,Ritual Effect Monster,Dragon,1900,1200,4,DARK,Red-Eyes
Paladin of Photon Dragon,Ritual Effect Monster,Warrior,1900,800,4,LIGHT,Galaxy-Eyes
Paladin of White Dragon,Ritual Effect Monster,Dragon,1900,1200,4,LIGHT,Blue-Eyes
Palladium Oracle Mahad,Effect Monster,Spellcaster,2500,2100,7,LIGHT,Dark Magician
Palladium Oracle Mana,Effect Monster,Spellcaster,2000,1700,6,LIGHT,Dark Magician
Parametalfoes Azortless,Pendulum Effect Fusion Monster,Psychic,2500,2000,7,FIRE,Metalfoes
Parametalfoes Melcaster,Pendulum Effect Monster,Psychic,2000,2500,7,FIRE,Metalfoes
"Parl, Hermit of Dark World",Effect Monster,Fiend,300,100,1,DARK,Dark World
Parlor Dragonmaid,Effect Monster,Dragon,500,1700,3,WIND,Dragonmaid
Parrot Dragon,Normal Monster,Dragon,2000,1300,5,WIND,Toon
Patchwork Fluffal,Effect Monster,Fairy,0,0,1,EARTH,Fluffal
Patroid,Effect Monster,Machine,1200,1200,4,EARTH,Roid
Penguin Brave,Synchro Monster,Aqua,2400,1200,6,WATER,Penguin
Penguin Cleric,Effect Monster,Aqua,600,1700,3,WATER,Penguin
Penguin Knight,Effect Monster,Aqua,900,800,3,WATER,Penguin
Penguin Ninja,Flip Effect Monster,Aqua,1400,700,3,WATER,Penguin
Penguin Soldier,Flip Effect Monster,Aqua,750,500,2,WATER,Penguin
Penguin Squire,Tuner Monster,Aqua,1800,600,5,WATER,Penguin
Penguin Torpedo,Effect Monster,Aqua,550,300,3,WATER,Penguin
Performage Ball Balancer,Pendulum Effect Monster,Spellcaster,1000,1800,4,EARTH,Performage
Performage Cup Tricker,Pendulum Effect Monster,Spellcaster,1200,1400,5,LIGHT,Performage
Performage Damage Juggler,Effect Monster,Spellcaster,1500,1000,4,LIGHT,Performage
Performage Fire Dancer,Pendulum Effect Monster,Spellcaster,1400,1200,4,FIRE,Performage
Performage Flame Eater,Effect Monster,Spellcaster,1200,1600,4,FIRE,Performage
Performage Hat Tricker,Effect Monster,Spellcaster,1100,1100,4,EARTH,Performage
Performage Mirror Conductor,Pendulum Effect Monster,Spellcaster,600,1400,4,LIGHT,Performage
Performage Plushfire,Pendulum Effect Monster,Spellcaster,1000,1000,4,FIRE,Performage
Performage Shadow Maker,XYZ Monster,Spellcaster,2600,1000,5,DARK,Performage
Performage Stilts Launcher,Effect Monster,Spellcaster,2200,0,6,EARTH,Performage
Performage Trapeze High Magician,XYZ Monster,Spellcaster,2700,2200,5,LIGHT,Performage
Performage Trapeze Magician,XYZ Monster,Spellcaster,2500,2000,4,LIGHT,Performage
Performage Trapeze Witch,Fusion Monster,Spellcaster,2400,1800,7,DARK,Performage
Performage Trick Clown,Effect Monster,Spellcaster,1600,1200,4,LIGHT,Performage
Performage Water Dancer,Pendulum Effect Monster,Spellcaster,1200,1400,4,WATER,Performage
Performage Wind Drainer,Pendulum Effect Monster,Spellcaster,2100,0,5,WIND,Performage
Performapal Ballad,Pendulum Effect Monster,Plant,500,1100,3,EARTH,Performapal
Performapal Barokuriboh,Pendulum Effect Monster,Fiend,300,3000,8,DARK,Performapal
Performapal Barracuda,Pendulum Effect Monster,Plant,500,1100,3,EARTH,Performapal
Performapal Bit Bite Turtle,Pendulum Effect Monster,Reptile,800,1200,3,WATER,Performapal
Performapal Bot-Eyes Lizard,Effect Monster,Reptile,1600,1200,4,EARTH,Odd-Eyes
Performapal Bowhopper,Effect Monster,Insect,1500,1000,4,EARTH,Performapal
Performapal Bubblebowwow,Pendulum Effect Monster,Beast,2300,1000,6,EARTH,Performapal
Performapal Camelump,Pendulum Effect Monster,Beast,800,1800,4,EARTH,Performapal
Performapal Card Gardna,Pendulum Effect Monster,Rock,1000,1000,3,EARTH,Performapal
Performapal Celestial Magician,Pendulum Effect Monster,Spellcaster,1500,1000,4,DARK,Performapal
Performapal Changeraffe,Pendulum Effect Monster,Beast,100,500,1,EARTH,Performapal
Performapal Cheermole,Pendulum Effect Monster,Beast,600,1000,2,EARTH,Performapal
Performapal Classikuriboh,Pendulum Effect Monster,Fiend,300,200,1,DARK,Kuriboh
Performapal Clay Breaker,Effect Monster,Warrior,2000,1000,6,EARTH,Performapal
Performapal Coin Dragon,Pendulum Effect Monster,Dragon,1700,1000,4,WATER,Performapal
Performapal Corn,Effect Monster,Beast-Warrior,600,1000,3,LIGHT,Odd-Eyes
Performapal Dag Daggerman,Pendulum Effect Monster,Warrior,2000,600,5,EARTH,Performapal
Performapal Drummerilla,Pendulum Effect Monster,Beast,1600,900,5,EARTH,Performapal
Performapal Duelist Extraordinaire,Pendulum Effect Monster,Spellcaster,1800,400,4,LIGHT,Performapal
Performapal Elephammer,Effect Monster,Beast,2600,1800,6,EARTH,Performapal
Performapal Extra Slinger,Pendulum Effect Monster,Spellcaster,800,1100,3,DARK,Performapal
Performapal Fire Mufflerlion,Pendulum Effect Monster,Beast,800,800,3,FIRE,Performapal
Performapal Fireflux,Pendulum Effect Monster,Insect,1200,1600,4,LIGHT,Performapal
Performapal Five-Rainbow Magician,Pendulum Effect Monster,Spellcaster,100,100,1,LIGHT,Performapal
Performapal Flip Hippo,Effect Monster,Beast,800,800,3,EARTH,Performapal
Performapal Friendonkey,Effect Monster,Beast,1600,600,3,EARTH,Performapal
Performapal Gatlinghoul,Fusion Monster,Fiend,2900,900,8,DARK,Performapal
Performapal Gentrude,Pendulum Effect Monster,Fiend,1500,1000,4,DARK,Performapal
Performapal Gold Fang,Pendulum Effect Monster,Beast,1800,700,4,LIGHT,Performapal
Performapal Gongato,Pendulum Effect Monster,Beast,100,100,1,EARTH,Performapal
Performapal Guitartle,Pendulum Effect Monster,Aqua,300,400,1,WATER,Performapal
Performapal Gumgumouton,Pendulum Effect Monster,Beast,900,2400,5,EARTH,Performapal
Performapal Handsamuraiger,Effect Monster,Beast-Warrior,1800,400,4,EARTH,Performapal
Performapal Handstandaccoon,Pendulum Effect Monster,Beast,400,600,2,EARTH,Performapal
Performapal Helpprincess,Effect Monster,Warrior,1200,1200,4,DARK,Performapal
Performapal Hip Hippo,Effect Monster,Beast,800,800,3,EARTH,Performapal
Performapal Inflater Tapir,Effect Monster,Beast,1000,2000,6,WIND,Performapal
Performapal Kaleidoscorp,Pendulum Effect Monster,Insect,100,2300,6,LIGHT,Performapal
Performapal King Bear,Pendulum Effect Monster,Beast-Warrior,2200,1000,6,EARTH,Performapal
Performapal Kuribohble,Effect Monster,Fiend,300,200,1,DARK,Performapal
Performapal Ladyange,Pendulum Effect Monster,Fairy,1000,1500,3,LIGHT,Performapal
Performapal Laugh Maker,Pendulum Effect Monster,Spellcaster,2500,2000,8,LIGHT,Performapal
Performapal Lebellman,Pendulum Effect Monster,Fairy,100,2600,6,LIGHT,Performapal
Performapal Life Swordsman,Effect Monster,Warrior,0,0,1,LIGHT,Performapal
Performapal Lizardraw,Pendulum Effect Monster,Reptile,1200,600,3,EARTH,Performapal
Performapal Longphone Bull,Effect Monster,Beast,1600,1200,4,EARTH,Performapal
Performapal Miss Director,Tuner Monster,Spellcaster,0,2000,6,DARK,Performapal
Performapal Momoncarpet,Pendulum Flip Effect Monster,Beast,1000,100,3,EARTH,Performapal
Performapal Monkeyboard,Pendulum Effect Monster,Beast,1000,2400,6,EARTH,Performapal
Performapal Odd-Eyes Butler,Pendulum Effect Monster,Spellcaster,1000,2100,5,DARK,Odd-Eyes
Performapal Odd-Eyes Dissolver,Pendulum Effect Monster,Spellcaster,2000,2600,8,DARK,Odd-Eyes
Performapal Odd-Eyes Light Phoenix,Pendulum Effect Monster,Winged Beast,2000,1000,5,LIGHT,Odd-Eyes
Performapal Odd-Eyes Metal Claw,Fusion Monster,Dragon,3000,3000,8,DARK,Odd-Eyes
Performapal Odd-Eyes Minitaurus,Pendulum Effect Monster,Beast-Warrior,1200,1600,4,DARK,Odd-Eyes
Performapal Odd-Eyes Seer,Pendulum Effect Monster,Spellcaster,100,1800,6,DARK,Odd-Eyes
Performapal Odd-Eyes Synchron,Pendulum Tuner Effect Monster,Spellcaster,200,600,2,DARK,Odd-Eyes
Performapal Odd-Eyes Unicorn,Pendulum Effect Monster,Beast,100,600,1,LIGHT,Odd-Eyes
Performapal Odd-Eyes Valet,Pendulum Effect Monster,Spellcaster,100,200,1,LIGHT,Odd-Eyes
Performapal Parrotrio,Pendulum Effect Monster,Winged Beast,500,500,3,WIND,Performapal
Performapal Partnaga,Pendulum Effect Monster,Reptile,500,2100,5,EARTH,Performapal
Performapal Pendulum Sorcerer,Pendulum Effect Monster,Spellcaster,1500,800,4,EARTH,Performapal
Performapal Radish Horse,Pendulum Effect Monster,Plant,500,2000,4,EARTH,Performapal
Performapal Rain Goat,Effect Monster,Beast,0,0,1,WATER,Odd-Eyes
Performapal Revue Dancer,Effect Monster,Spellcaster,800,1000,3,LIGHT,Performapal
Performapal Salutiger,Effect Monster,Beast-Warrior,1700,500,4,EARTH,Performapal
Performapal Seal Eel,Pendulum Effect Monster,Fish,100,100,1,WATER,Performapal
Performapal Secondonkey,Effect Monster,Beast,1000,2000,4,EARTH,Performapal
Performapal Sellshell Crab,Pendulum Effect Monster,Aqua,500,2500,5,WATER,Performapal
Performapal Silver Claw,Pendulum Effect Monster,Beast,1800,800,4,DARK,Performapal
Performapal Skeeter Skimmer,Effect Monster,Insect,500,1600,4,WATER,Performapal
Performapal Skullcrobat Joker,Pendulum Effect Monster,Spellcaster,1800,100,4,DARK,Magician
Performapal Sky Magician,Effect Monster,Spellcaster,2500,2000,7,WIND,Performapal
Performapal Sky Pupil,Effect Monster,Spellcaster,800,800,3,LIGHT,Performapal
Performapal Sleight Hand Magician,Effect Monster,Spellcaster,2500,2000,7,LIGHT,Performapal
Performapal Smile Sorcerer,Pendulum Effect Monster,Spellcaster,2500,2000,8,LIGHT,Performapal
Performapal Spikeagle,Effect Monster,Winged Beast,900,900,2,WIND,Performapal
Performapal Splashmammoth,Pendulum Effect Monster,Beast,1900,2300,6,WATER,Performapal
Performapal Springoose,Effect Monster,Winged Beast,1100,2400,5,WIND,Performapal
Performapal Stamp Turtle,Effect Monster,Aqua,100,1800,4,WATER,Performapal
Performapal Swincobra,Pendulum Effect Monster,Reptile,300,1800,4,EARTH,Performapal
Performapal Sword Fish,Effect Monster,Fish,600,600,2,WATER,Performapal
Performapal Teeter Totter Hopper,Effect Monster,Insect,100,1200,4,EARTH,Performapal
Performapal Thunderhino,Effect Monster,Rock,200,1800,3,LIGHT,Performapal
Performapal Trampolynx,Pendulum Effect Monster,Beast,300,300,2,EARTH,Performapal
Performapal Trump Girl,Pendulum Effect Monster,Spellcaster,200,200,2,DARK,Performapal
Performapal Trump Witch,Pendulum Effect Monster,Spellcaster,100,100,1,DARK,Performapal
Performapal Trumpanda,Pendulum Effect Monster,Beast,800,800,3,EARTH,Performapal
Performapal Turn Toad,Pendulum Effect Monster,Aqua,0,800,2,WATER,Performapal
Performapal Turn Trooper,Effect Monster,Warrior,1200,1200,4,LIGHT,Performapal
Performapal U Go Golem,Pendulum Effect Monster,Fiend,1600,1000,4,DARK,Performapal
Performapal Uni,Effect Monster,Beast-Warrior,800,1500,4,LIGHT,Performapal
Performapal Whim Witch,Pendulum Effect Monster,Spellcaster,800,800,3,DARK,Performapal
Performapal Whip Snake,Effect Monster,Reptile,1700,900,4,EARTH,Performapal
Phantasm Spiral Dragon,Normal Monster,Wyrm,2900,2900,8,WATER,Atlantean
"Phantasos, the Dream Mirror Foe",Effect Monster,Beast-Warrior,1900,900,4,DARK,Dream Mirror
"Phantasos, the Dream Mirror Friend",Effect Monster,Beast-Warrior,900,1900,4,LIGHT,Dream Mirror
Phantom Gryphon,Normal Monster,Winged Beast,2000,0,4,WIND,Harpie
Phantom of Chaos,Effect Monster,Fiend,0,0,4,DARK,Chaos
Phantom of Yubel,Fusion Monster,Fiend,0,0,9,DARK,Phantom Knights
Photon Advancer,Effect Monster,Warrior,1000,1000,4,LIGHT,Photon
Photon Caesar,Effect Monster,Warrior,2000,2800,8,LIGHT,Photon
Photon Cerberus,Effect Monster,Beast,1300,600,3,LIGHT,Photon
Photon Chargeman,Effect Monster,Warrior,1000,1000,4,LIGHT,Photon
Photon Circle,Effect Monster,Spellcaster,1000,1000,4,LIGHT,Photon
Photon Crusher,Effect Monster,Warrior,2000,0,4,LIGHT,Photon
Photon Delta Wing,Effect Monster,Machine,1800,900,4,LIGHT,Photon
Photon Emperor,Effect Monster,Warrior,2800,1000,8,LIGHT,Photon
Photon Jumper,Effect Monster,Warrior,0,0,4,LIGHT,Photon
Photon Leo,Effect Monster,Beast,2100,1100,6,LIGHT,Photon
Photon Lizard,Effect Monster,Dragon,900,1200,3,LIGHT,Photon
Photon Orbital,Effect Monster,Machine,500,2000,4,LIGHT,Photon
Photon Papilloperative,XYZ Monster,Warrior,2100,1800,4,LIGHT,Photon
Photon Pirate,Effect Monster,Machine,1000,1000,3,LIGHT,Photon
Photon Sabre Tiger,Effect Monster,Beast,2000,300,3,LIGHT,Photon
Photon Satellite,Effect Monster,Machine,0,0,1,LIGHT,Photon
Photon Slasher,Effect Monster,Warrior,2100,1000,5,LIGHT,Photon
Photon Thrasher,Effect Monster,Warrior,2100,0,4,LIGHT,Photon
Photon Token,Token,Thunder,-1,-1,0,NONE,Photon
Photon Vanisher,Effect Monster,Warrior,2000,0,4,LIGHT,Galaxy-Eyes
Photon Wyvern,Effect Monster,Dragon,2500,2000,7,LIGHT,Photon
Pikari @Ignister,Effect Monster,Cyberse,1200,600,4,LIGHT,@Ignister
Pile Armed Dragon,Effect Monster,Dragon,2800,1000,7,WIND,Armed Dragon
Pilgrim of the Ice Barrier,Effect Monster,Warrior,1500,1000,4,WATER,Ice Barrier
"Pilica, Descendant of Gusto",Effect Monster,Psychic,1000,1500,3,WIND,Gusto
Pillar of the Future - Cyanos,Effect Monster,Machine,500,1500,1,LIGHT,Sky Striker
Platinum Gadget,Link Monster,Machine,1600,-1,0,LIGHT,Gadget
Plunder Patrollship Brann,Synchro Monster,Fiend,2500,1000,8,FIRE,Plunder Patroll
Plunder Patrollship Jord,Synchro Pendulum Effect Monster,Fiend,1500,3000,8,EARTH,Plunder Patroll
Plunder Patrollship Lys,Fusion Monster,Fiend,2000,2000,8,LIGHT,Plunder Patroll
Plunder Patrollship Moerk,XYZ Monster,Fiend,1000,2500,4,DARK,Plunder Patroll
Poison Draw Frog,Effect Monster,Aqua,100,100,2,WATER,Frog
"Poseidra, the Atlantean Dragon",Effect Monster,Sea Serpent,2800,1600,7,WATER,Atlantean
"Poseidra, the Storming Atlantean",Effect Monster,Sea Serpent,2800,1600,7,WATER,Atlantean
Pot the Trick,Normal Monster,Rock,400,400,2,EARTH,Recolored counterpart
Powercode Talker,Link Monster,Cyberse,2300,-1,0,FIRE,Code Talker
Prank-Kids Battle Butler,Fusion Monster,Thunder,3000,3000,10,WIND,Prank-Kids
Prank-Kids Bow-Wow-Bark,Link Monster,Pyro,2000,-1,0,FIRE,Prank-Kids
Prank-Kids Dodo-Doodle-Doo,Link Monster,Thunder,2000,-1,0,WIND,Prank-Kids
Prank-Kids Dropsies,Effect Monster,Aqua,1000,1000,2,WATER,Prank-Kids
Prank-Kids Fansies,Effect Monster,Thunder,0,2000,1,WIND,Prank-Kids
Prank-Kids Lampsies,Effect Monster,Pyro,1500,500,3,FIRE,Prank-Kids
Prank-Kids Meow-Meow-Mu,Link Monster,Rock,1000,-1,0,EARTH,Prank-Kids
Prank-Kids Rip-Roarin-Roaster,Link Monster,Aqua,3000,-1,0,WATER,Prank-Kids
Prank-Kids Rocket Ride,Fusion Monster,Pyro,2000,0,5,FIRE,Prank-Kids
Prank-Kids Rocksies,Effect Monster,Rock,1500,1500,4,EARTH,Prank-Kids
Prank-Kids Weather Washer,Fusion Monster,Aqua,2000,0,5,WATER,Prank-Kids
Predaplant Ambulomelides,Fusion Monster,Plant,1000,2500,5,DARK,Predaplant
Predaplant Banksiogre,Tuner Monster,Plant,2000,100,6,DARK,Predaplant
Predaplant Byblisp,Effect Monster,Plant,0,1900,1,DARK,Predaplant
Predaplant Chimerafflesia,Fusion Monster,Plant,2500,2000,7,DARK,Predaplant
Predaplant Chlamydosundew,Effect Monster,Plant,600,200,2,DARK,Predaplant
Predaplant Cordyceps,Effect Monster,Plant,0,0,1,DARK,Predaplant
Predaplant Darlingtonia Cobra,Effect Monster,Plant,1000,1500,3,DARK,Predaplant
Predaplant Dragostapelia,Fusion Monster,Plant,2700,1900,8,DARK,Predaplant
Predaplant Drosophyllum Hydra,Effect Monster,Plant,800,2300,5,DARK,Predaplant
Predaplant Flytrap,Effect Monster,Plant,400,800,2,DARK,Predaplant
Predaplant Heliamphorhynchus,Effect Monster,Plant,1200,2400,8,DARK,Predaplant
Predaplant Moray Nepenthes,Effect Monster,Plant,1600,1000,4,DARK,Predaplant
Predaplant Ophrys Scorpio,Effect Monster,Plant,1200,800,3,DARK,Predaplant
Predaplant Pterapenthes,Effect Monster,Plant,300,2100,3,DARK,Predaplant
Predaplant Sarraceniant,Effect Monster,Plant,100,600,1,DARK,Predaplant
Predaplant Spinodionaea,Effect Monster,Plant,1800,0,4,DARK,Predaplant
Predaplant Squid Drosera,Effect Monster,Plant,800,400,2,DARK,Predaplant
Predaplant Triphyoverutum,Fusion Monster,Plant,3000,3000,9,DARK,Predaplant
Predaplant Verte Anaconda,Link Monster,Plant,500,-1,0,DARK,Predaplant
Priestess with Eyes of Blue,Tuner Monster,Spellcaster,0,0,1,LIGHT,Blue-Eyes
Primathmech Alembertian,XYZ Monster,Cyberse,2000,0,4,EARTH,Mathmech
Primathmech Laplacian,XYZ Monster,Cyberse,2000,0,4,EARTH,Mathmech
Primula the Rikka Fairy,Effect Monster,Plant,800,1800,4,WATER,Rikka
Prior of the Ice Barrier,Effect Monster,Aqua,1000,400,2,WATER,Ice Barrier
"Prominence, Molten Swordsman",Effect Monster,Beast-Warrior,1800,600,4,FIRE,Laval
Prophecy Destroyer,Effect Monster,Spellcaster,2500,1200,6,DARK,Spellbook
Protectcode Talker,Link Monster,Cyberse,2300,-1,0,DARK,Code Talker
Protector of The Agents - Moon,Link Monster,Fairy,1800,-1,0,LIGHT,The Agent
Protector with Eyes of Blue,Tuner Monster,Spellcaster,800,1300,1,LIGHT,Blue-Eyes
"Proto Enneacraft - ""orgIA""",Pendulum Flip Effect Monster,Machine,100,1000,1,EARTH,Enneacraft
Proto-Cyber Dragon,Effect Monster,Machine,1100,600,3,LIGHT,Cyber Dragon
Prototype Sky Striker Ace - Amatsu,Link Monster,Machine,1500,-1,0,DARK,Sky Striker
Psi-Reflector,Tuner Monster,Psychic,400,300,1,DARK,Assault Mode
"Psiics, Moonlight of the Ghoti",Effect Monster,Fish,2400,0,6,WATER,Ghoti
PSY-Frame Driver,Normal Monster,Psychic,2500,0,6,LIGHT,PSY-Frame
PSY-Frame Multi-Threader,Effect Monster,Psychic,0,2500,6,LIGHT,PSY-Frame
PSY-Framegear Alpha,Tuner Monster,Psychic,500,0,1,LIGHT,PSY-Frame
PSY-Framegear Beta,Tuner Monster,Psychic,700,0,1,LIGHT,PSY-Frame
PSY-Framegear Delta,Tuner Monster,Psychic,1200,0,2,LIGHT,PSY-Frame
PSY-Framegear Epsilon,Tuner Monster,Psychic,1500,0,2,LIGHT,PSY-Frame
PSY-Framegear Gamma,Tuner Monster,Psychic,1000,0,2,LIGHT,PSY-Frame
PSY-Framelord Lambda,Link Monster,Psychic,1700,-1,0,LIGHT,PSY-Frame
PSY-Framelord Omega,Synchro Monster,Psychic,2800,2200,8,LIGHT,PSY-Frame
PSY-Framelord Zeta,Synchro Monster,Psychic,2500,1800,7,LIGHT,PSY-Frame
"Pulao, Wind of the Yang Zing",Effect Monster,Wyrm,0,1800,1,WIND,Yang Zing
Punishment Dragon,Effect Monster,Dragon,3000,2600,8,DARK,Lightsworn
Puny Penguin,Effect Monster,Aqua,400,200,1,WATER,Penguin
Purple Poison Magician,Pendulum Effect Monster,Spellcaster,1200,2100,4,DARK,Magician
Qadshaddoll Keios,Flip Effect Monster,Spellcaster,900,100,2,LIGHT,Shaddoll
Quadborrel Dragon,Link Monster,Dragon,1000,-1,0,DARK,Borrel
Queen Dragun Djinn,XYZ Monster,Dragon,2200,1200,4,DARK,Djinn
Quickdraw Synchron,Tuner Monster,Machine,700,1400,5,WIND,Synchron
R-Genex Accelerator,Effect Monster,Machine,1500,1900,4,WIND,Genex
R-Genex Crusher,Effect Monster,Machine,800,800,2,EARTH,Genex
R-Genex Magma,Effect Monster,Pyro,1000,200,3,FIRE,Genex
R-Genex Oracle,Tuner Monster,Spellcaster,300,300,1,DARK,Genex
R-Genex Overseer,Tuner Monster,Spellcaster,200,100,2,DARK,Genex
R-Genex Turbo,Effect Monster,Machine,1500,1300,4,WIND,Genex
R-Genex Turing,Tuner Monster,Spellcaster,600,600,2,DARK,Genex
R-Genex Ultimum,Effect Monster,Machine,1800,1400,4,EARTH,Genex
R-Genex Undine,Effect Monster,Aqua,1700,1100,4,WATER,Genex
Radian Token,Token,Fiend,-1,-1,0,NONE,Kaiju
"Radian, the Multidimensional Kaiju",Effect Monster,Fiend,2800,2500,7,DARK,Kaiju
"Rafale, Champion Fur Hire",Effect Monster,Dragon,2800,2200,8,LIGHT,Fur Hire
Rage Rose Witch,Synchro Monster,Plant,1600,2400,6,DARK,Rose
"Raiden, Hand of the Lightsworn",Tuner Monster,Warrior,1700,1000,4,LIGHT,Lightsworn
Raider's Knight,XYZ Monster,Warrior,2000,0,4,DARK,Phantom Knights
Raider's Wing,Effect Monster,Winged Beast,0,2000,4,DARK,Raidraptor
Raidraptor - Arsenal Falcon,XYZ Monster,Winged Beast,2500,2000,7,DARK,Raidraptor
Raidraptor - Avenge Vulture,Effect Monster,Winged Beast,1700,100,4,DARK,Raidraptor
Raidraptor - Blade Burner Falcon,XYZ Monster,Winged Beast,1000,1000,4,DARK,Raidraptor
Raidraptor - Blaze Falcon,XYZ Monster,Winged Beast,1000,2000,5,DARK,Raidraptor
Raidraptor - Bloom Vulture,Effect Monster,Winged Beast,300,1900,4,DARK,Raidraptor
Raidraptor - Booster Strix,Effect Monster,Winged Beast,100,1700,4,DARK,Raidraptor
Raidraptor - Brave Strix,XYZ Monster,Winged Beast,2000,2500,5,DARK,Raidraptor
Raidraptor - Fiend Eagle,XYZ Monster,Winged Beast,1000,0,3,DARK,Raidraptor
Raidraptor - Final Fortress Falcon,XYZ Monster,Winged Beast,3800,2800,12,DARK,Raidraptor
Raidraptor - Force Strix,XYZ Monster,Winged Beast,100,2000,4,DARK,Raidraptor
Raidraptor - Fuzzy Lanius,Effect Monster,Winged Beast,500,1500,4,DARK,Raidraptor
Raidraptor - Heel Eagle,Effect Monster,Winged Beast,700,700,3,DARK,Raidraptor
Raidraptor - Last Strix,Effect Monster,Winged Beast,100,100,1,DARK,Raidraptor
Raidraptor - Mimicry Lanius,Effect Monster,Winged Beast,1100,1900,4,DARK,Raidraptor
Raidraptor - Napalm Dragonius,Effect Monster,Winged Beast,1000,1000,4,DARK,Raidraptor
Raidraptor - Necro Vulture,Effect Monster,Winged Beast,1000,1600,4,DARK,Raidraptor
Raidraptor - Noir Lanius,Effect Monster,Winged Beast,1600,500,4,DARK,Raidraptor
Raidraptor - Pain Lanius,Effect Monster,Winged Beast,100,100,1,DARK,Raidraptor
Raidraptor - Revolution Falcon,XYZ Monster,Winged Beast,2000,3000,6,DARK,Raidraptor
Raidraptor - Revolution Falcon - Air Raid,XYZ Monster,Winged Beast,2000,3000,6,DARK,Raidraptor
Raidraptor - Rise Falcon,XYZ Monster,Winged Beast,100,2000,4,DARK,Raidraptor
Raidraptor - Rising Rebellion Falcon,XYZ Monster,Winged Beast,4000,3500,13,DARK,Raidraptor
Raidraptor - Rudder Strix,Effect Monster,Winged Beast,0,1600,4,DARK,Raidraptor
Raidraptor - Satellite Cannon Falcon,XYZ Monster,Winged Beast,3000,2000,8,DARK,Raidraptor
Raidraptor - Sharp Lanius,Effect Monster,Winged Beast,1700,1000,4,DARK,Raidraptor
Raidraptor - Singing Lanius,Effect Monster,Winged Beast,100,100,4,DARK,Raidraptor
Raidraptor - Skull Eagle,Effect Monster,Winged Beast,1000,500,3,DARK,Raidraptor
Raidraptor - Stranger Falcon,XYZ Monster,Winged Beast,2000,2000,5,DARK,Raidraptor
Raidraptor - Strangle Lanius,Effect Monster,Winged Beast,1600,1100,4,DARK,Raidraptor
Raidraptor - Tribute Lanius,Effect Monster,Winged Beast,1800,400,4,DARK,Raidraptor
Raidraptor - Ultimate Falcon,XYZ Monster,Winged Beast,3500,2000,10,DARK,Raidraptor
Raidraptor - Vanishing Lanius,Effect Monster,Winged Beast,1300,1600,4,DARK,Raidraptor
Raidraptor - Wild Vulture,Effect Monster,Winged Beast,1600,2000,6,DARK,Raidraptor
Raidraptor - Wise Strix,Link Monster,Winged Beast,1400,-1,0,DARK,Raidraptor
Rainbow Dragon,Effect Monster,Dragon,4000,0,10,LIGHT,Crystal Beast
Rainbow Kuriboh,Effect Monster,Fiend,100,100,1,LIGHT,Kuriboh
Rainbow Neos,Fusion Monster,Warrior,4500,3000,10,LIGHT,Elemental HERO
Rainbow Overdragon,Fusion Monster,Dragon,4000,0,12,LIGHT,Crystal Beast
Raiza the Mega Monarch,Effect Monster,Winged Beast,2800,1000,8,WIND,Monarch
Raiza the Storm Monarch,Effect Monster,Winged Beast,2400,1000,6,WIND,Monarch
"Raphion, the Timelord",Effect Monster,Fairy,0,0,10,WIND,Timelord
Raremetalfoes Bismugear,Pendulum Effect Monster,Psychic,0,0,1,FIRE,Metalfoes
Reaper of Prophecy,Effect Monster,Spellcaster,2000,1600,6,DARK,Spellbook
"Recon, Scout Fur Hire",Effect Monster,Beast,1000,500,2,WIND,Fur Hire
Red Dragon Archfiend,Synchro Monster,Dragon,3000,2000,8,DARK,Archfiend
Red Dragon Archfiend/Assault Mode,Effect Monster,Dragon,3500,2500,10,DARK,Assault Mode
Red Dragon Ninja,Effect Monster,Winged Beast,2400,1200,6,FIRE,Ninja
Red Gadget,Effect Monster,Machine,1300,1500,4,EARTH,Gadget
Red Gardna,Effect Monster,Fiend,0,2000,4,FIRE,Archfiend
Red Nova Dragon,Synchro Monster,Dragon,3500,3000,12,DARK,Archfiend
Red Resonator,Tuner Monster,Fiend,600,200,2,FIRE,Resonator
Red Rising Dragon,Synchro Monster,Dragon,2100,1600,6,DARK,Resonator
Red Rose Dragon,Tuner Monster,Dragon,1000,1800,3,DARK,Rose Dragon
Red Warg,Effect Monster,Fiend,1400,2200,6,FIRE,Resonator
Red-Eyes Alternative Black Dragon,Effect Monster,Dragon,2400,2000,7,DARK,Red-Eyes
Red-Eyes Archfiend of Lightning,Gemini Monster,Fiend,2500,1200,6,DARK,Archfiend
Red-Eyes Black Dragon,Normal Monster,Dragon,2400,2000,7,DARK,Red-Eyes
Red-Eyes Black Dragon Exceed,Fusion Monster,Dragon,3400,3000,9,DARK,Red-Eyes
Red-Eyes Black Dragon Sword,Fusion Monster,Dragon,2400,2000,7,DARK,Red-Eyes
Red-Eyes Black Flare Dragon,Gemini Monster,Dragon,2400,2000,7,DARK,Red-Eyes
Red-Eyes Black Fullmetal Dragon,Effect Monster,Machine,3400,2400,8,DARK,Red-Eyes
Red-Eyes Black Metal Dragon,Effect Monster,Machine,2800,2400,8,DARK,Red-Eyes
Red-Eyes Black Meteor Dragon,Effect Monster,Dragon,2000,2000,6,DARK,Red-Eyes
Red-Eyes Dark Dragoon,Fusion Monster,Spellcaster,3000,2500,8,DARK,Red-Eyes
Red-Eyes Darkness Dragon,Effect Monster,Dragon,2400,2000,9,DARK,Red-Eyes
Red-Eyes Darkness Metal Dragon,Effect Monster,Dragon,2800,2400,10,DARK,Red-Eyes
Red-Eyes Flare Metal Dragon,XYZ Monster,Dragon,2800,2400,7,DARK,Red-Eyes
Red-Eyes Metal Claws Dragon,Effect Monster,Dragon,2400,2000,7,DARK,Red-Eyes
Red-Eyes Retro Dragon,Effect Monster,Dragon,1700,1600,4,DARK,Red-Eyes
Red-Eyes Slash Dragon,Fusion Monster,Dragon,2800,2400,7,DARK,Red-Eyes
Red-Eyes Soul,Effect Monster,Dragon,900,2000,7,DARK,Red-Eyes
Red-Eyes Toon Dragon,Toon Monster,Dragon,2400,2000,7,DARK,Toon
Red-Eyes Wyvern,Effect Monster,Dragon,1800,1600,4,WIND,Red-Eyes
Red-Eyes Zombie Dragon,Effect Monster,Zombie,2400,2000,7,DARK,Red-Eyes
Red-Eyes Zombie Dragon Lord,Synchro Monster,Zombie,2800,2400,10,DARK,Red-Eyes
Red-Eyes Zombie Necro Dragon,Synchro Monster,Zombie,2400,2000,7,DARK,Red-Eyes
"Redbeard, the Plunder Patroll Matey",Effect Monster,Fiend,1000,1000,4,WATER,Plunder Patroll
Reeshaddoll Wendi,Flip Effect Monster,Psychic,1500,1000,3,WIND,Shaddoll
Reeshaddoll Wendikurhu,Fusion Monster,Psychic,200,2800,6,WIND,Shaddoll
"Reeze, Whirlwind of Gusto",Effect Monster,Psychic,1900,1400,5,WIND,Gusto
Reflection of Endymion,Pendulum Effect Monster,Spellcaster,1850,2700,7,LIGHT,Endymion
Refrain the Melodious Songstress,Pendulum Effect Monster,Fairy,1600,800,4,LIGHT,Melodious
Regenerating Rose,Effect Monster,Plant,0,1500,7,DARK,Rose Dragon
Regenerating Rose Token,Token,Plant,-1,-1,0,NONE,Rose Dragon
Regenesis Archfiend,Effect Monster,Fiend,2500,2500,8,EARTH,Archfiend
"Regulus, the Prince of Endymion",Effect Monster,Spellcaster,1700,1300,4,LIGHT,Endymion
"Reign-Beaux, Overking of Dark World",Effect Monster,Fiend,3000,1800,8,DARK,Dark World
"Reign-Beaux, Overlord of Dark World",Effect Monster,Fiend,2500,1800,7,DARK,Dark World
Relinkuriboh,Effect Monster,Fiend,300,200,1,DARK,Kuriboh
"Renge, Gatekeeper of Dark World",Normal Monster,Fiend,100,2100,4,DARK,Dark World
Repair Genex Controller,Link Monster,Machine,1200,-1,0,DARK,Genex
Reptilianne Coatl,Tuner Monster,Reptile,1400,1000,4,DARK,Reptilianne
Reptilianne Echidna,Link Monster,Reptile,200,-1,0,DARK,Reptilianne
Reptilianne Gardna,Effect Monster,Reptile,0,2000,4,WATER,Reptilianne
Reptilianne Gorgon,Effect Monster,Reptile,1400,1400,3,DARK,Reptilianne
Reptilianne Hydra,Synchro Monster,Reptile,2100,1500,6,DARK,Reptilianne
Reptilianne Lamia,Tuner Monster,Reptile,0,0,2,DARK,Reptilianne
Reptilianne Medusa,Effect Monster,Reptile,2200,800,6,DARK,Reptilianne
Reptilianne Melusine,Synchro Monster,Reptile,2500,2800,8,DARK,Reptilianne
Reptilianne Naga,Effect Monster,Reptile,0,0,1,DARK,Reptilianne
Reptilianne Nyami,Effect Monster,Reptile,200,0,2,DARK,Reptilianne
Reptilianne Scylla,Effect Monster,Reptile,1800,1200,4,DARK,Reptilianne
Reptilianne Servant,Effect Monster,Reptile,100,100,1,DARK,Reptilianne
Reptilianne Token,Token,Reptile,-1,-1,0,NONE,Reptilianne
Reptilianne Vaskii,Effect Monster,Reptile,2600,0,8,DARK,Reptilianne
Reptilianne Viper,Tuner Monster,Reptile,0,0,2,DARK,Reptilianne
Rescue-ACE Air Lifter,Effect Monster,Warrior,1700,1700,4,FIRE,Rescue-ACE
Rescue-ACE Arbitrator,Link Monster,Machine,3000,-1,0,FIRE,Rescue-ACE
Rescue-ACE Fire Attacker,Effect Monster,Machine,2200,2200,6,FIRE,Rescue-ACE
Rescue-ACE Fire Engine,Effect Monster,Machine,2500,2500,7,FIRE,Rescue-ACE
Rescue-ACE Hydrant,Effect Monster,Machine,0,0,1,FIRE,Rescue-ACE
Rescue-ACE Impulse,Effect Monster,Warrior,1500,1500,3,FIRE,Rescue-ACE
Rescue-ACE Monitor,Effect Monster,Warrior,1800,1800,4,FIRE,Rescue-ACE
Rescue-ACE Preventer,Effect Monster,Machine,2800,2800,8,FIRE,Rescue-ACE
Rescue-ACE Quick Attacker,Effect Monster,Warrior,1400,1400,3,FIRE,Rescue-ACE
Rescue-ACE Turbulence,Effect Monster,Machine,3000,3000,9,FIRE,Rescue-ACE
Rescueroid,Effect Monster,Machine,1600,1800,6,FIRE,Roid
ReSolfachord Dreamia,Pendulum Effect Monster,Fairy,600,400,2,WIND,Solfachord
Revealer of the Ice Barrier,Effect Monster,Spellcaster,1700,1000,4,WATER,Ice Barrier
Revendread Executor,Ritual Effect Monster,Zombie,3000,0,8,DARK,Vendread
Revendread Slayer,Ritual Effect Monster,Zombie,2400,0,6,DARK,Vendread
Revival Rose,Effect Monster,Plant,1300,1300,4,DARK,Rose Dragon
Revolution Cyber Dragon,Effect Monster,Machine,2100,1600,5,LIGHT,Cyber
"Rex, Freight Fur Hire",Effect Monster,Dinosaur,300,200,2,EARTH,Fur Hire
"Rex, Ride Fur Hire",Effect Monster,Dinosaur,2000,1200,5,WIND,Fur Hire
Right Arm of the Forbidden One,Normal Monster,Spellcaster,200,300,1,DARK,Exodia
Right Leg of the Forbidden One,Normal Monster,Spellcaster,200,300,1,DARK,Exodia
Rikka Petal,Effect Monster,Plant,0,0,1,WATER,Rikka
Rikka Princess,Effect Monster,Plant,0,0,4,WATER,Rikka
Rikka Queen Strenna,XYZ Monster,Plant,2000,2000,4,WATER,Rikka
"Rilliona, the Magistus of Verre",Effect Monster,Spellcaster,800,1800,4,LIGHT,Magistus
"Rilliona, the Wondrous Magistus Witch Wardrobe",XYZ Monster,Spellcaster,1000,2800,4,LIGHT,Magistus
"Rinyan, Lightsworn Rogue",Flip Effect Monster,Beast,100,100,2,LIGHT,Lightsworn
Ritual Beast Tamer Elder,Effect Monster,Psychic,200,1000,2,WIND,Ritual Beast
Ritual Beast Tamer Lara,Effect Monster,Psychic,100,2000,1,WIND,Ritual Beast
Ritual Beast Tamer Wen,Effect Monster,Psychic,1500,1000,3,WIND,Ritual Beast
Ritual Beast Tamer Zeframpilica,Pendulum Effect Monster,Psychic,1000,1500,3,WIND,Ritual Beast
Ritual Beast Tamer Zefrawendi,Pendulum Effect Monster,Psychic,1500,1000,3,WIND,Ritual Beast
Ritual Beast Ulti-Apelio,Fusion Monster,Pyro,2600,400,6,WIND,Ritual Beast
Ritual Beast Ulti-Cannahawk,Fusion Monster,Thunder,1400,1600,6,WIND,Ritual Beast
Ritual Beast Ulti-Gaiapelio,Fusion Monster,Psychic,3200,2100,10,LIGHT,Ritual Beast
Ritual Beast Ulti-Kimunfalcos,Link Monster,Psychic,1800,-1,0,WIND,Ritual Beast
Ritual Beast Ulti-Nochiudrago,Fusion Monster,Wyrm,2400,1900,7,LIGHT,Ritual Beast
Ritual Beast Ulti-Pettlephin,Fusion Monster,Aqua,200,2800,6,WIND,Ritual Beast
Ritual Beast Ulti-Reirautari,Link Monster,Psychic,2600,-1,0,WIND,Ritual Beast
Road Synchron,Tuner Monster,Machine,1600,800,4,LIGHT,Synchron
Rock of the Vanquisher,Link Monster,Rock,0,-1,0,DARK,Vanquish Soul
Rock Spirit,Normal Monster,Spellcaster,1650,1900,5,EARTH,Recolored counterpart
Rocket Arrow Express,Effect Monster,Machine,5000,0,10,EARTH,Train
Rocket Hermos Cannon,Fusion Monster,Warrior,1500,1300,4,LIGHT,Legendary Knight
Rogue of Endymion,Effect Monster,Spellcaster,1500,200,3,FIRE,Endymion
Rokket Barrage,Effect Monster,Dragon,1500,1600,5,DARK,Rokket
Rokket Caliber,Tuner Monster,Dragon,1700,100,4,DARK,Rokket
Rokket Coder,Effect Monster,Cyberse,1700,300,4,DARK,Rokket
Rokket Detonator,Effect Monster,Dragon,1800,2500,7,DARK,Rokket
Rokket Loader,Effect Monster,Dragon,1500,1500,4,DARK,Rokket
Rokket Recharger,Effect Monster,Dragon,0,2100,4,DARK,Rokket
Rokket Synchron,Tuner Monster,Dragon,0,0,1,DARK,Rokket
Rokket Tracer,Tuner Monster,Dragon,1600,1000,4,DARK,Rokket
Ronintoadin,Effect Monster,Aqua,100,2000,2,WATER,Frog
Rose Archer,Effect Monster,Warrior,1000,100,3,EARTH,Rose Dragon
Rose Fairy,Effect Monster,Plant,600,1200,3,WIND,Rose Dragon
Rose Girl,Tuner Monster,Plant,800,600,3,EARTH,Rose
Rose Lover,Effect Monster,Plant,800,800,1,EARTH,Rose Dragon
Rose Paladin,Effect Monster,Warrior,1800,200,4,EARTH,Rose Dragon
Rose Papillon,Effect Monster,Insect,1400,800,3,WIND,Rose
Rose Shaman,Effect Monster,Warrior,1700,200,4,EARTH,Rose
Rose Spectre of Dunn,Fusion Monster,Plant,2000,1800,6,DARK,Rose Dragon
Rose Tentacles,Effect Monster,Plant,2200,1200,6,EARTH,Rose Dragon
Rose Token,Token,Plant,-1,-1,0,NONE,Rose Dragon
Rose Witch,Effect Monster,Plant,1600,1000,4,EARTH,Rose Dragon
"Rose, Warrior of Revenge",Tuner Monster,Warrior,1600,600,4,FIRE,Rose Dragon
Roxrose Dragon,Tuner Monster,Dragon,1600,1200,3,DARK,Rose
Royal Archfiend,Effect Monster,Fiend,2400,1000,7,FIRE,Archfiend
Royal Guard,Normal Monster,Machine,1900,2200,6,EARTH,Recolored counterpart
Royal Knight of the Ice Barrier,Effect Monster,Warrior,2000,2000,5,WATER,Ice Barrier
"Rubic, Malebranche of the Burning Abyss",Tuner Monster,Fiend,100,2100,3,DARK,Burning Abyss
Ruddy Rose Dragon,Synchro Monster,Dragon,3200,2400,10,FIRE,Rose
Ruddy Rose Witch,Tuner Monster,Plant,800,1700,1,LIGHT,Rose
Ruffian Railcar,Effect Monster,Machine,1800,1000,4,EARTH,Train
Rune-Eyes Pendulum Dragon,Fusion Monster,Dragon,3000,2000,8,DARK,Odd-Eyes
"Ryko, Lightsworn Hunter",Flip Effect Monster,Beast,200,100,2,LIGHT,Lightsworn
"Ryko, Twilightsworn Fighter",Effect Monster,Beast,200,100,2,DARK,Lightsworn
S-Force Dog Tag,Effect Monster,Machine,1600,2100,5,LIGHT,S-Force
S-Force Edge Razor,Effect Monster,Cyberse,1500,1300,4,DARK,S-Force
S-Force Gravitino,Effect Monster,Psychic,2000,1400,5,LIGHT,S-Force
S-Force Justify,Link Monster,Cyberse,2600,-1,0,LIGHT,S-Force
S-Force Lapcewell,Effect Monster,Fiend,2400,2500,6,LIGHT,S-Force
S-Force Mystify,Link Monster,Cyberse,2700,-1,0,LIGHT,S-Force
S-Force Nightcatcher,Link Monster,Psychic,1700,-1,0,DARK,S-Force
S-Force Nightchaser,Link Monster,Cyberse,800,-1,0,DARK,S-Force
S-Force Orrafist,Effect Monster,Cyberse,1800,1000,4,LIGHT,S-Force
S-Force Pla-Tina,Effect Monster,Spellcaster,2200,2000,6,DARK,S-Force
S-Force Professor DiGamma,Effect Monster,Psychic,1000,1500,3,DARK,S-Force
S-Force Rappa Chiyomaru,Effect Monster,Warrior,800,1000,2,DARK,S-Force
S-Force Retroactive,Effect Monster,Warrior,0,0,1,LIGHT,S-Force
S-Force Signify,Effect Monster,Fairy,1600,0,3,LIGHT,S-Force
Sacred Fire King Garunix,Effect Monster,Winged Beast,2700,1700,8,FIRE,Fire King
Sacred Noble Knight of King Artorigus,XYZ Monster,Warrior,2200,2200,5,LIGHT,Noble Knight
Sacred Noble Knight of King Custennin,XYZ Monster,Warrior,1500,2500,4,LIGHT,Noble Knight
Sacred Phoenix of Nephthys,Effect Monster,Winged Beast,2400,1600,8,FIRE,Nephthys
Sacred Spirit of the Ice Barrier,Spirit Monster,Zombie,1600,1200,4,WATER,Ice Barrier
"Sadion, the Timelord",Effect Monster,Fairy,0,0,10,WIND,Timelord
Sage of Benevolence - Ciela,Effect Monster,Machine,2200,1000,6,WATER,Sky Striker
Sage of Strength - Akash,Effect Monster,Machine,2400,200,5,FIRE,Sky Striker
Sage of Wisdom - Himmel,Effect Monster,Machine,500,2500,5,EARTH,Sky Striker
Sage with Eyes of Blue,Tuner Monster,Spellcaster,0,1500,1,LIGHT,Blue-Eyes
"Sagitta, Maverick Fur Hire",Effect Monster,Winged Beast,1200,2400,5,WIND,Fur Hire
Saion the Vaylantz Archer,Pendulum Effect Monster,Spellcaster,1100,1100,4,WATER,Vaylantz
Salamangreat Almiraj,Link Monster,Cyberse,0,-1,0,FIRE,Salamangreat
Salamangreat Balelynx,Link Monster,Cyberse,500,-1,0,FIRE,Salamangreat
Salamangreat Beat Bison,Effect Monster,Cyberse,2800,1000,8,FIRE,Salamangreat
Salamangreat Blaze Dragon,XYZ Monster,Cyberse,2300,1200,4,FIRE,Salamangreat
Salamangreat Burst Gryphon,Synchro Monster,Cyberse,2800,2000,8,FIRE,Salamangreat
Salamangreat Coyote,Effect Monster,Cyberse,1000,200,3,FIRE,Salamangreat
Salamangreat Emerald Eagle,Ritual Effect Monster,Cyberse,2800,2000,8,FIRE,Salamangreat
Salamangreat Falco,Effect Monster,Cyberse,1200,1600,4,FIRE,Salamangreat
Salamangreat Fennec,Effect Monster,Cyberse,1600,200,3,FIRE,Salamangreat
Salamangreat Fowl,Effect Monster,Cyberse,1800,200,4,FIRE,Salamangreat
Salamangreat Foxer,Effect Monster,Cyberse,1200,1000,3,FIRE,Salamangreat
Salamangreat Foxy,Effect Monster,Cyberse,1000,1200,3,FIRE,Salamangreat
Salamangreat Gazelle,Effect Monster,Cyberse,1500,1000,3,FIRE,Salamangreat
Salamangreat Heatleo,Link Monster,Cyberse,2300,-1,0,FIRE,Salamangreat
Salamangreat Jack Jaguar,Effect Monster,Cyberse,1800,1200,4,FIRE,Salamangreat
Salamangreat Meer,Effect Monster,Cyberse,800,600,2,FIRE,Salamangreat
Salamangreat Miragestallio,XYZ Monster,Cyberse,2000,900,3,FIRE,Salamangreat
Salamangreat Mole,Effect Monster,Cyberse,0,0,1,FIRE,Salamangreat
Salamangreat of Fire,Effect Monster,Cyberse,800,800,2,FIRE,Salamangreat
Salamangreat Parro,Effect Monster,Cyberse,2000,1000,5,FIRE,Salamangreat
Salamangreat Pyro Phoenix,Link Monster,Cyberse,2800,-1,0,FIRE,Salamangreat
Salamangreat Raccoon,Effect Monster,Cyberse,400,800,1,FIRE,Salamangreat
Salamangreat Raging Phoenix,Link Monster,Cyberse,2800,-1,0,FIRE,Salamangreat
Salamangreat Spinny,Effect Monster,Cyberse,1000,1500,3,FIRE,Salamangreat
Salamangreat Sunlight Wolf,Link Monster,Cyberse,1800,-1,0,FIRE,Salamangreat
Salamangreat Tiger,Tuner Monster,Cyberse,2000,500,5,FIRE,Salamangreat
Salamangreat Violet Chimera,Fusion Monster,Cyberse,2800,2000,8,FIRE,Salamangreat
Salamangreat Weasel,Tuner Monster,Cyberse,700,1400,3,FIRE,Salamangreat
Salamangreat Wolvie,Effect Monster,Cyberse,1700,1000,4,FIRE,Salamangreat
Salamangreat Zebroid X,Effect Monster,Cyberse,1500,100,4,FIRE,Salamangreat
Samurai of the Ice Barrier,Effect Monster,Warrior,1800,1500,4,WATER,Ice Barrier
"Sandaion, the Timelord",Effect Monster,Fairy,4000,4000,10,LIGHT,Timelord
Satellarknight Alsahm,Effect Monster,Warrior,1400,1800,4,LIGHT,Tellarknight
Satellarknight Altair,Effect Monster,Warrior,1700,1300,4,LIGHT,Tellarknight
Satellarknight Betelgeuse,Effect Monster,Warrior,700,1900,4,LIGHT,Tellarknight
Satellarknight Deneb,Effect Monster,Warrior,1500,1000,4,LIGHT,Tellarknight
Satellarknight Procyon,Effect Monster,Warrior,1300,1200,4,LIGHT,Tellarknight
Satellarknight Rigel,Effect Monster,Warrior,1900,700,4,LIGHT,Tellarknight
Satellarknight Sirius,Effect Monster,Warrior,1600,900,4,LIGHT,Tellarknight
Satellarknight Unukalhai,Effect Monster,Warrior,1800,1000,4,LIGHT,Tellarknight
Satellarknight Vega,Effect Monster,Warrior,1200,1600,4,LIGHT,Tellarknight
Satellite Synchron,Tuner Monster,Machine,700,100,2,DARK,Synchron
Scar of the Vendread,Effect Monster,Zombie,2300,0,6,DARK,Vendread
Scarlight Red Dragon Archfiend,Synchro Monster,Dragon,3000,2500,8,DARK,Archfiend
"Scarm, Malebranche of the Burning Abyss",Effect Monster,Fiend,800,2000,3,DARK,Burning Abyss
"Scarr, Scout of Dark World",Effect Monster,Fiend,500,500,2,DARK,Dark World
Scarred Dragon Archfiend,Synchro Monster,Dragon,3000,2500,8,DARK,Archfiend
Schuberta the Melodious Maestra,Fusion Monster,Fairy,2400,2000,6,LIGHT,Melodious
Score the Melodious Diva,Effect Monster,Fairy,200,200,2,LIGHT,Melodious
Scrap Archfiend,Synchro Monster,Fiend,2700,1800,7,EARTH,Archfiend
Scrap Beast,Tuner Monster,Beast,1600,1300,4,EARTH,Scrap
Scrap Breaker,Effect Monster,Machine,2100,700,6,EARTH,Scrap
Scrap Chimera,Effect Monster,Beast,1700,500,4,EARTH,Scrap
Scrap Dragon,Synchro Monster,Dragon,2800,2000,8,EARTH,Scrap
Scrap Goblin,Tuner Monster,Beast-Warrior,0,500,3,EARTH,Scrap
Scrap Golem,Effect Monster,Rock,2300,1400,5,EARTH,Scrap
Scrap Hunter,Effect Monster,Machine,1600,400,3,EARTH,Scrap
Scrap Kong,Effect Monster,Beast,2000,1000,4,EARTH,Scrap
Scrap Mind Reader,Tuner Monster,Machine,0,0,1,EARTH,Scrap
Scrap Orthros,Tuner Monster,Beast,1700,1100,4,EARTH,Scrap
Scrap Raptor,Tuner Monster,Dinosaur,1400,1000,4,EARTH,Scrap
Scrap Recycler,Effect Monster,Machine,900,1200,3,EARTH,Scrap
Scrap Searcher,Effect Monster,Winged Beast,100,300,1,EARTH,Scrap
Scrap Shark,Effect Monster,Fish,2100,0,4,EARTH,Scrap
Scrap Soldier,Tuner Monster,Warrior,2100,700,5,EARTH,Scrap
Scrap Synchron,Tuner Monster,Machine,700,100,1,EARTH,Scrap
Scrap Twin Dragon,Synchro Monster,Dragon,3000,2200,9,EARTH,Scrap
Scrap Warrior,Synchro Monster,Warrior,1700,100,3,EARTH,Scrap
Scrap Worm,Tuner Monster,Insect,500,100,2,EARTH,Scrap
Scrap Wyvern,Link Monster,Dragon,1700,-1,0,EARTH,Scrap
"Seal, Strategist Fur Hire",Effect Monster,Beast-Warrior,1600,1000,4,DARK,Fur Hire
Secret Guards of the Ice Barrier,Effect Monster,Aqua,100,1600,2,WATER,Ice Barrier
"Selene, Queen of the Master Magicians",Link Monster,Spellcaster,1850,-1,0,LIGHT,Endymion
Senior Silver Ninja,Effect Monster,Warrior,2300,2200,6,EARTH,Ninja
"Sephylon, the Ultimate Timelord",Effect Monster,Fairy,4000,4000,10,LIGHT,Timelord
Serenade the Melodious Diva,Effect Monster,Fairy,400,1900,4,LIGHT,Melodious
Servant of Endymion,Pendulum Effect Monster,Spellcaster,900,1500,3,WIND,Endymion
Shaddoll Beast,Flip Effect Monster,Spellcaster,2200,1700,5,DARK,Shaddoll
Shaddoll Construct,Link Monster,Fairy,1200,-1,0,LIGHT,Shaddoll
Shaddoll Dragon,Flip Effect Monster,Spellcaster,1900,0,4,DARK,Shaddoll
Shaddoll Falco,Flip Tuner Effect Monster,Spellcaster,600,1400,2,DARK,Shaddoll
Shaddoll Hedgehog,Flip Effect Monster,Spellcaster,800,200,3,DARK,Shaddoll
Shaddoll Hound,Flip Effect Monster,Spellcaster,1600,900,4,DARK,Shaddoll
Shaddoll Squamata,Flip Effect Monster,Spellcaster,1800,1000,4,DARK,Shaddoll
Shaddoll Zefracore,Pendulum Effect Monster,Rock,450,1950,4,DARK,Shaddoll
Shaddoll Zefranaga,Pendulum Effect Monster,Spellcaster,900,100,2,DARK,Shaddoll
Shadow of the Six Samurai - Shien,XYZ Monster,Warrior,2500,400,4,EARTH,Six Samurai
Shadow Tamer,Flip Effect Monster,Warrior,800,700,3,EARTH,Archfiend
Shadow Vampire,Effect Monster,Zombie,2000,0,5,DARK,Vampire
Shadowknight Archfiend,Effect Monster,Fiend,2000,1600,4,WIND,Archfiend
"Shafu, the Wheeled Mayakashi",Effect Monster,Zombie,1200,400,3,EARTH,Mayakashi
Shaman of the Tenyi,Link Monster,Wyrm,1600,-1,0,FIRE,Tenyi
Shark Caesar,XYZ Monster,Fish,1800,2000,3,WATER,Shark
Shark Cruiser,Effect Monster,Fish,1800,2200,5,WATER,Shark
Shark Fortress,XYZ Monster,Fish,2400,1800,5,DARK,Shark
Shark Stickers,Effect Monster,Fish,200,1000,3,WATER,Shark
Shell of Chaos,Effect Monster,Machine,1600,0,4,DARK,Chaos
Shelrokket Dragon,Effect Monster,Dragon,1100,2000,2,DARK,Rokket
Shield Worm,Effect Monster,Insect,800,2000,4,EARTH,Worm
Shien's Advisor,Effect Monster,Warrior,1200,400,4,EARTH,Six Samurai
Shien's Footsoldier,Effect Monster,Warrior,700,300,2,EARTH,Six Samurai
Shien's Squire,Tuner Monster,Warrior,300,700,1,EARTH,Six Samurai
"Shif, Fairy of the Ghoti",Tuner Monster,Fish,0,500,2,WATER,Ghoti
Shinonome the Vaylantz Priestess,Pendulum Effect Monster,Spellcaster,500,500,2,WATER,Vaylantz
Shipping Archfiend,Tuner Monster,Fiend,0,0,3,WIND,Archfiend
Shiranui Samurai,Effect Monster,Zombie,1800,0,4,FIRE,Shiranui
Shiranui Samuraisaga,Synchro Monster,Zombie,2500,0,6,FIRE,Shiranui
Shiranui Shogunsaga,Synchro Monster,Zombie,3000,0,8,FIRE,Shiranui
Shiranui Skillsaga Supremacy,Link Monster,Zombie,2300,-1,0,FIRE,Shiranui
Shiranui Smith,Effect Monster,Zombie,1000,0,4,FIRE,Shiranui
Shiranui Solitaire,Effect Monster,Zombie,500,0,4,FIRE,Shiranui
Shiranui Spectralsword,Tuner Monster,Zombie,800,0,2,FIRE,Shiranui
Shiranui Spectralsword Shade,Tuner Monster,Zombie,800,0,3,FIRE,Shiranui
Shiranui Spiritmaster,Effect Monster,Zombie,1500,0,4,FIRE,Shiranui
Shiranui Squire,Effect Monster,Zombie,1500,0,4,FIRE,Shiranui
Shiranui Squiresaga,Synchro Monster,Zombie,2100,0,7,FIRE,Shiranui
Shiranui Sunsaga,Synchro Monster,Zombie,3500,0,10,FIRE,Shiranui
Shiranui Swordmaster,Effect Monster,Zombie,600,0,2,FIRE,Shiranui
Shiranui Swordsaga,Synchro Monster,Zombie,1900,0,5,FIRE,Shiranui
"Shire, Lightsworn Spirit",Effect Monster,Fairy,400,1400,3,LIGHT,Lightsworn
Shock Troops of the Ice Barrier,Effect Monster,Spellcaster,1500,800,3,WATER,Ice Barrier
Shooting Star Dragon T.G. EX,Synchro Monster,Dragon,3300,2500,10,WIND,T.G.
Shootingcode Talker,Link Monster,Cyberse,2300,-1,0,WATER,Code Talker
Shopina the Melodious Maestra,Effect Monster,Fairy,2300,1700,7,LIGHT,Melodious
"Shurit, Strategist of the Nekroz",Effect Monster,Warrior,300,1800,3,WATER,Nekroz
Shuttleroid,Effect Monster,Machine,1000,1200,4,WIND,Roid
"Sillva, Warlord of Dark World",Effect Monster,Fiend,2300,1400,5,DARK,Dark World
Silver Gadget,Effect Monster,Machine,1500,1000,4,LIGHT,Gadget
Silverrokket Dragon,Effect Monster,Dragon,1900,100,4,DARK,Rokket
Simorgh of Darkness,Effect Monster,Winged Beast,2900,2000,8,DARK,Simorgh
"Simorgh, Bird of Ancestry",Effect Monster,Winged Beast,2900,2000,8,WIND,Simorgh
"Simorgh, Bird of Beginning",Effect Monster,Winged Beast,0,1600,1,WIND,Simorgh
"Simorgh, Bird of Bringing",Effect Monster,Winged Beast,1000,1000,2,WIND,Simorgh
"Simorgh, Bird of Calamity",Effect Monster,Winged Beast,1500,200,3,WIND,Simorgh
"Simorgh, Bird of Divinity",Effect Monster,Winged Beast,2700,1000,7,WIND,Simorgh
"Simorgh, Bird of Perfection",Effect Monster,Winged Beast,1800,500,4,DARK,Simorgh
"Simorgh, Bird of Protection",Effect Monster,Winged Beast,1400,1000,4,WIND,Simorgh
"Simorgh, Bird of Sovereignty",Link Monster,Winged Beast,2400,-1,0,WIND,Simorgh
"Simorgh, Lord of the Storm",Effect Monster,Winged Beast,2900,2000,8,WIND,Simorgh
Skilled Dark Magician,Effect Monster,Spellcaster,1900,1700,4,DARK,Dark Magician
Skilled Red Magician,Effect Monster,Spellcaster,1600,1600,4,DARK,Archfiend
Skull Archfiend of Lightning,Effect Monster,Fiend,2500,1200,6,DARK,Archfiend
Skull Guardian,Ritual Monster,Warrior,2050,2500,7,LIGHT,Guardian
"Skull Guardian, Protector of the Voiceless Voice",Ritual Effect Monster,Warrior,2050,2500,7,LIGHT,Guardian
Sky Galloping Gaia the Dragon Champion,Fusion Monster,Dragon,2600,2100,7,WIND,Gaia The Fierce Knight
Sky Striker Ace - Azalea,Link Monster,Machine,1500,-1,0,DARK,Sky Striker
Sky Striker Ace - Azalea Temperance,Link Monster,Machine,2500,-1,0,DARK,Sky Striker
Sky Striker Ace - Camellia,Link Monster,Machine,1500,-1,0,DARK,Sky Striker
Sky Striker Ace - Hayate,Link Monster,Machine,1500,-1,0,WIND,Sky Striker
Sky Striker Ace - Kagari,Link Monster,Machine,1500,-1,0,FIRE,Sky Striker
Sky Striker Ace - Kaina,Link Monster,Machine,1500,-1,0,EARTH,Sky Striker
Sky Striker Ace - Raye,Effect Monster,Warrior,1500,1500,4,DARK,Sky Striker
Sky Striker Ace - Roze,Effect Monster,Warrior,1500,1500,4,LIGHT,Sky Striker
Sky Striker Ace - Shizuku,Link Monster,Machine,1500,-1,0,WATER,Sky Striker
Sky Striker Ace - Zeke,Link Monster,Machine,1500,-1,0,DARK,Sky Striker
Sky Striker Ace = Zero,Link Monster,Machine,2000,-1,0,LIGHT,Sky Striker
Sky Striker Ace Token,Token,Warrior,-1,-1,0,NONE,Sky Striker
Slime Toad,Normal Monster,Aqua,700,500,2,WATER,Frog
Small Roid Big City,Skill Card,Syrus Truesda,-1,-1,0,NONE,roid
Snake-Eyes Doomed Dragon,Fusion Monster,Dragon,3000,2500,8,FIRE,-Eyes Dragon
Snake-Eyes Vengeance Dragon,Synchro Monster,Dragon,3000,2500,12,FIRE,-Eyes Dragon
"Snopios, Shade of the Ghoti",Effect Monster,Fish,2100,0,6,WATER,Ghoti
Snow Plow Hustle Rustle,Effect Monster,Machine,2500,3000,10,EARTH,Train
Snowdrop the Rikka Fairy,Effect Monster,Plant,1200,2600,8,WATER,Rikka
"Snoww, Unlight of Dark World",Effect Monster,Fiend,1700,0,4,DARK,Dark World
Soaring Eagle Above the Searing Land,Tuner Monster,Winged Beast,100,0,1,FIRE,Laval
Soldier Gaia the Fierce Knight,Effect Monster,Warrior,2600,2100,8,DARK,Gaia The Fierce Knight
Solfachord Primoa,Pendulum Effect Monster,Fairy,0,400,1,EARTH,Solfachord
Solfachord Solfegia,Pendulum Effect Monster,Fairy,400,400,2,LIGHT,Solfachord
Solo the Melodious Songstress,Effect Monster,Fairy,1600,1000,4,LIGHT,Melodious
SolSolfachord Gracia,Pendulum Effect Monster,Fairy,2100,1400,5,WATER,Solfachord
Sonata the Melodious Diva,Effect Monster,Fairy,1200,1000,3,LIGHT,Melodious
Soprano the Melodious Songstress,Effect Monster,Fairy,1400,1400,4,LIGHT,Melodious
Soul Resonator,Tuner Monster,Fiend,500,200,3,FIRE,Resonator
Soul Token,Token,Fiend,-1,-1,0,NONE,Chaos
Speaker for the Ice Barriers,Effect Monster,Spellcaster,1000,1800,4,WATER,Ice Barrier
Speedroid Colonel Clackers,Pendulum Effect Monster,Machine,200,1800,2,WIND,roid
Speedroid Darumaknocker,Tuner Monster,Machine,200,1600,4,WIND,roid
Speedroid Den-Den Daiko Duke,Tuner Monster,Machine,1000,1000,3,WIND,Roid
Speedroid Dominobutterfly,Pendulum Tuner Effect Monster,Machine,100,300,2,WIND,roid
Speedroid Double Yoyo,Effect Monster,Machine,1400,1400,4,WIND,Roid
Speedroid Gum Prize,Tuner Monster,Machine,0,800,1,WIND,Roid
Speedroid Horse Stilts,Effect Monster,Machine,1100,1100,4,WIND,Roid
Speedroid Maliciousmagnet,Tuner Monster,Machine,0,0,1,WIND,Roid
Speedroid Menko,Effect Monster,Machine,100,2000,4,WIND,Roid
Speedroid Ohajikid,Effect Monster,Machine,1000,200,3,WIND,Roid
Speedroid Pachingo-Kart,Effect Monster,Machine,1800,1000,4,WIND,Roid
Speedroid Passinglider,Pendulum Effect Monster,Machine,2200,2000,5,WIND,roid
Speedroid Razorang,Effect Monster,Machine,2000,0,4,WIND,Roid
Speedroid Red-Eyed Dice,Tuner Monster,Machine,100,100,1,WIND,Roid
Speedroid Rubberband Plane,Effect Monster,Machine,1800,0,5,WIND,Roid
Speedroid Skull Marbles,Effect Monster,Machine,0,3000,7,WIND,Roid
Speedroid Taketomborg,Effect Monster,Machine,600,1200,3,WIND,Roid
Speedroid Terrortop,Effect Monster,Machine,1200,600,3,WIND,Roid
Speedroid Tri-Eyed Dice,Tuner Monster,Machine,300,1500,3,WIND,Roid
Speedroid Wing Synchron,Pendulum Tuner Effect Monster,Machine,1500,1000,5,WIND,roid
Spellbook Magician of Prophecy,Effect Monster,Spellcaster,500,400,2,WATER,Spellbook
Spellbreaker of the Ice Barrier,Effect Monster,Spellcaster,1200,2000,4,WATER,Ice Barrier
"Spenta, the Magistus Sealer",Effect Monster,Spellcaster,1000,1000,4,LIGHT,Magistus
Sphere Kuriboh,Effect Monster,Fiend,300,200,1,DARK,Kuriboh
Sphere of Chaos,Effect Monster,Machine,1600,0,5,DARK,Chaos
Spinos Token,Token,Dinosaur,-1,-1,0,NONE,Jurrac
Spirit of the Six Samurai,Union Effect Monster,Warrior,500,500,3,EARTH,Six Samurai
Spiritual Beast Apelio,Effect Monster,Pyro,1800,200,4,WIND,Ritual Beast
Spiritual Beast Cannahawk,Effect Monster,Thunder,1400,600,4,WIND,Ritual Beast
Spiritual Beast Pettlephin,Effect Monster,Aqua,0,2000,4,WIND,Ritual Beast
Spiritual Beast Rampengu,Effect Monster,Beast,1600,400,4,WIND,Ritual Beast
Spiritual Beast Tamer Lara,Effect Monster,Psychic,100,2000,1,LIGHT,Ritual Beast
Spiritual Beast Tamer Winda,Effect Monster,Psychic,1600,1800,4,WIND,Ritual Beast
Splendid Rose,Synchro Monster,Plant,2200,2000,6,WIND,Rose Dragon
Springans Branga,Effect Monster,Machine,500,2500,8,FIRE,Springans
Springans Brothers,Effect Monster,Machine,300,1800,4,FIRE,Springans
Springans Captain Sargas,Effect Monster,Machine,1500,2800,8,FIRE,Springans
Springans Kitt,Effect Monster,Beast,1700,1000,4,DARK,Springans
Springans Merrymaker,XYZ Monster,Machine,1100,2000,4,FIRE,Springans
Springans Pedor,Effect Monster,Machine,0,2000,4,FIRE,Springans
Springans Rockey,Effect Monster,Machine,1800,800,4,FIRE,Springans
Springans Ship - Exblowrer,XYZ Monster,Machine,1600,2500,8,FIRE,Springans
SPYGAL Misty,Effect Monster,Spellcaster,1500,1600,4,DARK,SPYRAL
SPYRAL Double Agent,Effect Monster,Fiend,1400,600,4,LIGHT,SPYRAL
SPYRAL Double Helix,Link Monster,Warrior,1900,-1,0,EARTH,SPYRAL
SPYRAL GEAR - Drone,Effect Monster,Machine,100,100,1,WIND,SPYRAL
SPYRAL GEAR - Last Resort,Effect Monster,Machine,1000,1000,4,EARTH,SPYRAL
SPYRAL Master Plan,Effect Monster,Spellcaster,1200,2800,7,DARK,SPYRAL
SPYRAL Quik-Fix,Effect Monster,Machine,500,400,1,EARTH,SPYRAL
SPYRAL Sleeper,Effect Monster,Fiend,2800,1200,8,LIGHT,SPYRAL
SPYRAL Super Agent,Effect Monster,Warrior,1900,1200,4,EARTH,SPYRAL
SPYRAL Tough,Effect Monster,Warrior,1900,1500,4,WIND,SPYRAL
Stardust Assault Warrior,Synchro Monster,Warrior,2100,1200,6,WIND,Junk
Stardust Charge Warrior,Synchro Monster,Warrior,2000,1300,6,WIND,Stardust
Stardust Chronicle Spark Dragon,Synchro Monster,Dragon,3000,2500,10,LIGHT,Stardust
Stardust Dragon,Synchro Monster,Dragon,2500,2000,8,WIND,Stardust
Stardust Dragon - Victim Sanctuary,Synchro Monster,Dragon,2500,2000,8,WIND,Stardust
Stardust Phantom,Effect Monster,Spellcaster,0,0,1,LIGHT,Stardust
Stardust Sifr Divine Dragon,Synchro Monster,Dragon,4000,4000,12,LIGHT,Stardust
Stardust Spark Dragon,Synchro Monster,Dragon,2500,2000,8,LIGHT,Stardust
Stardust Synchron,Tuner Monster,Machine,1500,1000,4,LIGHT,Stardust
Stardust Trail,Effect Monster,Dragon,500,2000,4,LIGHT,Stardust
Stardust Warrior,Synchro Monster,Warrior,3000,2500,10,WIND,Stardust
Stardust Wurm,Effect Monster,Dragon,0,0,1,LIGHT,Stardust
Stardust Xiaolong,Effect Monster,Dragon,100,100,1,LIGHT,Stardust
Stargazer Magician,Pendulum Effect Monster,Spellcaster,1200,2400,5,DARK,Magician
Starjunk Synchron,Tuner Monster,Warrior,1300,500,3,DARK,Junk
Starliege Lord Galaxion,XYZ Monster,Warrior,2000,2100,4,LIGHT,Galaxy-Eyes
Starliege Photon Blast Dragon,XYZ Monster,Dragon,1800,2500,4,LIGHT,Galaxy-Eyes
Starving Venom Predapower Fusion Dragon,Fusion Monster,Dragon,3600,2500,10,DARK,Predaplant
Stealthroid,Effect Monster,Machine,1200,0,4,DARK,Roid
Steam Gyroid,Fusion Monster,Machine,2200,1600,6,EARTH,Roid
Steam Synchron,Tuner Monster,Machine,600,800,3,WATER,Synchron
Steam Token,Token,Aqua,-1,-1,0,NONE,Blackwing
Steamroid,Effect Monster,Machine,1800,1800,4,EARTH,Roid
Steelswarm Caller,Effect Monster,Fiend,1700,0,4,DARK,Steelswarm
Steelswarm Caucastag,Effect Monster,Fiend,2800,0,8,DARK,Steelswarm
Steelswarm Cell,Effect Monster,Fiend,0,0,1,DARK,Steelswarm
Steelswarm Gatekeeper,Effect Monster,Fiend,1500,1900,4,DARK,Steelswarm
Steelswarm Genome,Effect Monster,Fiend,1000,0,2,DARK,Steelswarm
Steelswarm Girastag,Effect Monster,Fiend,2600,0,7,DARK,Steelswarm
Steelswarm Hercules,Effect Monster,Fiend,3200,0,10,DARK,Steelswarm
Steelswarm Longhorn,Effect Monster,Fiend,3000,0,9,DARK,Steelswarm
Steelswarm Moth,Effect Monster,Fiend,2400,0,6,DARK,Steelswarm
Steelswarm Origin,Link Monster,Fiend,2000,-1,0,LIGHT,Steelswarm
Steelswarm Roach,XYZ Monster,Fiend,1900,0,4,DARK,Steelswarm
Steelswarm Scout,Effect Monster,Fiend,200,0,1,DARK,Steelswarm
Steelswarm Sentinel,Effect Monster,Fiend,1100,0,3,DARK,Steelswarm
Steelswarm Sting,Effect Monster,Fiend,1850,0,4,DARK,Steelswarm
Stoic of Prophecy,Effect Monster,Spellcaster,300,200,1,WATER,Spellbook
Storm Cipher,Effect Monster,Cyberse,2400,0,4,DARK,Cipher
Strategist of the Ice Barrier,Effect Monster,Spellcaster,1600,1600,4,WATER,Ice Barrier
Strength of Prophecy,Effect Monster,Spellcaster,1500,1400,4,FIRE,Spellbook
Strike Ninja,Effect Monster,Warrior,1700,1200,4,DARK,Ninja
Stronghold Guardian,Effect Monster,Warrior,0,1500,4,EARTH,Guardian
"Suanni, Fire of the Yang Zing",Effect Monster,Wyrm,1900,0,4,FIRE,Yang Zing
Submarine Frog,Effect Monster,Aqua,1200,600,2,WATER,Frog
Submarineroid,Effect Monster,Machine,800,1800,4,WATER,Roid
Substitoad,Effect Monster,Aqua,100,2000,1,WATER,Frog
Subterror Behemoth Dragossuary,Flip Effect Monster,Zombie,2400,1600,6,EARTH,Subterror
Subterror Behemoth Fiendess,Link Monster,Wyrm,2000,-1,0,EARTH,Subterror
Subterror Behemoth Phospheroglacier,Flip Effect Monster,Aqua,2600,2500,8,EARTH,Subterror
Subterror Behemoth Speleogeist,Flip Effect Monster,Fiend,3000,1400,11,EARTH,Subterror
Subterror Behemoth Stalagmo,Flip Effect Monster,Rock,2800,2100,10,EARTH,Subterror
Subterror Behemoth Stygokraken,Flip Effect Monster,Sea Serpent,1400,2600,5,EARTH,Subterror
Subterror Behemoth Ultramafus,Flip Effect Monster,Pyro,3000,1800,12,EARTH,Subterror
Subterror Behemoth Umastryx,Flip Effect Monster,Reptile,2000,2700,7,EARTH,Subterror
Subterror Behemoth Voltelluric,Flip Effect Monster,Thunder,1900,3000,9,EARTH,Subterror
Subterror Fiendess,Effect Monster,Spellcaster,800,500,1,EARTH,Subterror
Subterror Guru,Flip Effect Monster,Dragon,1600,1800,4,EARTH,Subterror
Subterror Nemesis Archer,Effect Monster,Fairy,1600,1400,3,EARTH,Subterror
Subterror Nemesis Defender,Effect Monster,Beast-Warrior,100,2000,2,EARTH,Subterror
Subterror Nemesis Warrior,Effect Monster,Warrior,1800,1200,4,EARTH,Subterror
Summoned Skull,Normal Monster,Fiend,2500,1200,6,DARK,Archfiend
Super Anti-Kaiju War Machine Mecha-Dogoran,Effect Monster,Machine,-1,2000,8,LIGHT,Kaiju
Super Anti-Kaiju War Machine Mecha-Thunder-King,Effect Monster,Machine,2200,2100,9,LIGHT,Kaiju
Super Express Bullet Train,Effect Monster,Machine,3000,0,10,EARTH,Train
Super Quantal Fairy Alphan,Effect Monster,Fairy,0,0,1,LIGHT,Super Quant
Super Quantal Fairy Zetan,Effect Monster,Zombie,0,0,1,DARK,Super Quant
Super Quantal Mech Beast Aeroboros,XYZ Monster,Machine,2200,2400,4,WIND,Super Quant
Super Quantal Mech Beast Grampulse,XYZ Monster,Machine,1800,2800,3,WATER,Super Quant
Super Quantal Mech Beast Lusterrex,XYZ Monster,Machine,2700,1900,7,LIGHT,Super Quant
Super Quantal Mech Beast Magnaliger,XYZ Monster,Machine,2600,2000,5,FIRE,Super Quant
Super Quantal Mech King Great Magnus,XYZ Monster,Machine,3600,3200,12,LIGHT,Super Quant
Super Quantum Black Layer,Effect Monster,Zombie,2400,2400,7,DARK,Super Quant
Super Quantum Blue Layer,Effect Monster,Psychic,1200,2000,3,WATER,Super Quant
Super Quantum Green Layer,Effect Monster,Spellcaster,1600,1400,4,WIND,Super Quant
Super Quantum Red Layer,Effect Monster,Warrior,2000,800,5,FIRE,Super Quant
Super Quantum White Layer,Effect Monster,Fairy,2400,2400,7,LIGHT,Super Quant
Super Soldier Soul,Effect Monster,Warrior,0,0,1,EARTH,Black Luster Soldier
Super Vehicroid - Mobile Base,Fusion Monster,Machine,0,5000,10,EARTH,Roid
Super Vehicroid - Stealth Union,Fusion Monster,Machine,3600,3000,9,EARTH,Roid
Super Vehicroid Jumbo Drill,Fusion Monster,Machine,3000,2000,8,EARTH,Roid
Super-Electromagnetic Voltech Dragon,Effect Monster,Thunder,2400,1000,5,LIGHT,Batteryman
Superdreadnought Rail Cannon Flying Launcher,XYZ Monster,Machine,3800,3000,10,EARTH,Train
Superdreadnought Rail Cannon Gustav Max,XYZ Monster,Machine,3000,3000,10,EARTH,Train
Superdreadnought Rail Cannon Gustav Rocket,XYZ Monster,Machine,5000,3000,10,EARTH,Train
Superdreadnought Rail Cannon Juggernaut Liebe,XYZ Monster,Machine,4000,4000,11,EARTH,Train
Superheavy Samurai Battleball,Tuner Monster,Machine,100,800,2,DARK,Superheavy
Superheavy Samurai Beast Kyubi,Synchro Monster,Machine,1900,2500,9,EARTH,Superheavy
Superheavy Samurai Big Benkei,Effect Monster,Machine,1000,3500,8,EARTH,Superheavy
Superheavy Samurai Big Waraji,Effect Monster,Machine,800,1800,5,EARTH,Superheavy
Superheavy Samurai Blowtorch,Effect Monster,Machine,500,300,1,EARTH,Superheavy
Superheavy Samurai Blue Brawler,Effect Monster,Machine,0,2000,4,EARTH,Superheavy
Superheavy Samurai Drum,Tuner Monster,Machine,300,300,1,EARTH,Superheavy
Superheavy Samurai Fist,Tuner Monster,Machine,900,900,2,EARTH,Superheavy
Superheavy Samurai Flutist,Effect Monster,Machine,500,1000,3,EARTH,Superheavy
Superheavy Samurai General Coral,Pendulum Effect Monster,Machine,300,500,1,EARTH,Superheavy
Superheavy Samurai General Jade,Pendulum Effect Monster,Machine,1800,2800,8,EARTH,Superheavy
Superheavy Samurai Gigagloves,Effect Monster,Machine,100,1000,3,EARTH,Superheavy
Superheavy Samurai Helper,Effect Monster,Machine,0,0,1,EARTH,Superheavy
Superheavy Samurai Kabuto,Effect Monster,Machine,1000,2000,4,EARTH,Superheavy
Superheavy Samurai Magnet,Effect Monster,Machine,900,1900,4,EARTH,Superheavy
Superheavy Samurai Ninja Sarutobi,Synchro Monster,Machine,2000,2800,8,EARTH,Ninja
Superheavy Samurai Ogre Shutendoji,Synchro Monster,Machine,500,2500,6,EARTH,Superheavy
Superheavy Samurai Prepped Defense,Effect Monster,Machine,100,2100,3,EARTH,Superheavy
Superheavy Samurai Scales,Effect Monster,Machine,800,1800,4,EARTH,Superheavy
Superheavy Samurai Scarecrow,Link Monster,Machine,0,-1,0,EARTH,Superheavy
Superheavy Samurai Soulbang Cannon,Effect Monster,Machine,1000,1000,3,EARTH,Superheavy
Superheavy Samurai Soulbeads,Effect Monster,Machine,0,0,1,EARTH,Superheavy
Superheavy Samurai Soulbreaker Armor,Effect Monster,Machine,0,500,1,EARTH,Superheavy
Superheavy Samurai Soulbuster Gauntlet,Effect Monster,Machine,0,400,1,EARTH,Superheavy
Superheavy Samurai Soulclaw,Effect Monster,Machine,500,500,2,EARTH,Superheavy
Superheavy Samurai Soulfire Suit,Effect Monster,Machine,800,800,2,FIRE,Superheavy
Superheavy Samurai Soulhorns,Effect Monster,Machine,0,300,1,EARTH,Superheavy
Superheavy Samurai Soulpeacemaker,Effect Monster,Machine,0,0,1,EARTH,Superheavy
Superheavy Samurai Soulpiercer,Effect Monster,Machine,1200,0,4,EARTH,Superheavy
Superheavy Samurai Soulshield Wall,Effect Monster,Machine,1200,1200,3,EARTH,Superheavy
Superheavy Samurai Stealth Ninja,Synchro Monster,Machine,1200,2800,7,EARTH,Superheavy
Superheavy Samurai Steam Train King,Synchro Monster,Machine,2000,4800,12,EARTH,Superheavy
Superheavy Samurai Swordmaster Musashi,Synchro Monster,Machine,300,2300,5,EARTH,Superheavy
Superheavy Samurai Swordsman,Effect Monster,Machine,1000,1800,3,EARTH,Superheavy
Superheavy Samurai Thief,Effect Monster,Machine,1000,1000,10,EARTH,Superheavy
Superheavy Samurai Transporter,Effect Monster,Machine,1200,1800,5,EARTH,Superheavy
Superheavy Samurai Trumpeter,Tuner Monster,Machine,300,600,2,EARTH,Superheavy
Superheavy Samurai Wagon,Effect Monster,Machine,1200,1800,4,EARTH,Superheavy
Superheavy Samurai Warlord Susanowo,Synchro Monster,Machine,2400,3800,10,EARTH,Superheavy
Supreme King Dragon Odd-Eyes,Pendulum Effect Monster,Dragon,2500,2000,8,DARK,Odd-Eyes
Supreme King Gate Magician,Pendulum Effect Monster,Spellcaster,2500,2000,7,LIGHT,Magician
Surgical Striker - H.A.M.P.,Effect Monster,Machine,2500,2500,8,DARK,Sky Striker
Surgical Striker - S.P.E.C.T.R.A.,Link Monster,Machine,3000,-1,0,DARK,Sky Striker
Svartalf of the Nordic Alfar,Tuner Monster,Spellcaster,1400,1600,5,DARK,Nordic
Swap Frog,Effect Monster,Aqua,1000,500,2,WATER,Frog
Swift Gaia the Fierce Knight,Effect Monster,Warrior,2300,2100,7,DARK,Gaia The Fierce Knight
Swordsoul Auspice Chunjun,Effect Monster,Wyrm,2400,1800,6,EARTH,Swordsoul
Swordsoul Grandmaster - Chixiao,Synchro Monster,Wyrm,2800,1000,8,LIGHT,Swordsoul
Swordsoul of Mo Ye,Effect Monster,Wyrm,1700,1800,4,WATER,Swordsoul
Swordsoul of Taia,Effect Monster,Wyrm,1800,1500,4,WIND,Swordsoul
Swordsoul Sinister Sovereign - Qixing Longyuan,Synchro Monster,Wyrm,2900,2300,10,FIRE,Swordsoul
Swordsoul Strategist Longyuan,Effect Monster,Wyrm,1200,2300,6,FIRE,Swordsoul
Swordsoul Supreme Sovereign - Chengying,Synchro Monster,Wyrm,3000,3000,10,WATER,Swordsoul
Sylvan Bladefender,Effect Monster,Plant,1900,700,4,EARTH,Sylvan
Sylvan Cherubsprout,Effect Monster,Plant,100,100,1,LIGHT,Sylvan
Sylvan Dancepione,Link Monster,Plant,1200,-1,0,WIND,Sylvan
Sylvan Flowerknight,Effect Monster,Plant,1800,1000,4,EARTH,Sylvan
Sylvan Guardioak,Effect Monster,Plant,2400,1500,6,EARTH,Sylvan
Sylvan Hermitree,Effect Monster,Plant,2700,1800,8,FIRE,Sylvan
Sylvan Komushroomo,Effect Monster,Plant,100,2000,2,FIRE,Sylvan
Sylvan Lotuswain,Effect Monster,Plant,2300,1100,5,WATER,Sylvan
Sylvan Marshalleaf,Effect Monster,Plant,1500,1200,3,WATER,Sylvan
Sylvan Mikorange,Effect Monster,Plant,400,1100,3,WATER,Sylvan
Sylvan Peaskeeper,Effect Monster,Plant,400,100,1,WIND,Sylvan
Sylvan Princessprite,XYZ Monster,Plant,1800,100,1,LIGHT,Sylvan
Sylvan Princessprout,Effect Monster,Plant,100,100,1,LIGHT,Sylvan
Sylvan Sagequoia,Effect Monster,Plant,2600,2100,7,WIND,Sylvan
Sylvan Snapdrassinagon,Effect Monster,Plant,900,400,1,DARK,Sylvan
Synchron Carrier,Effect Monster,Machine,0,1000,2,EARTH,Synchron
Synchron Explorer,Effect Monster,Machine,0,700,2,EARTH,Synchron
Synchron Token,Token,Machine,-1,-1,0,NONE,Synchron
Synkron Resonator,Tuner Monster,Fiend,100,100,1,DARK,Resonator
SZW - Fenrir Sword,Effect Monster,Beast,1800,1100,4,LIGHT,Utopia
T.G. Blade Blaster,Synchro Monster,Machine,3300,2200,10,EARTH,T.G.
T.G. Booster Raptor,Effect Monster,Dinosaur,400,300,1,WIND,T.G.
T.G. Catapult Dragon,Effect Monster,Dragon,900,1300,2,EARTH,T.G.
T.G. Cyber Magician,Tuner Monster,Spellcaster,0,0,1,LIGHT,T.G.
T.G. Drill Fish,Effect Monster,Fish,100,800,1,WATER,T.G.
T.G. Gear Zombie,Tuner Monster,Zombie,600,0,1,DARK,T.G.
T.G. Glaive Blaster,Synchro Monster,Machine,4000,4000,12,EARTH,T.G.
T.G. Halberd Cannon,Synchro Monster,Machine,4000,4000,12,EARTH,T.G.
T.G. Halberd Cannon/Assault Mode,Effect Monster,Machine,4500,4500,12,EARTH,Assault Mode
T.G. Hyper Librarian,Synchro Monster,Spellcaster,2400,1800,5,DARK,T.G.
T.G. Jet Falcon,Tuner Monster,Winged Beast,1400,1200,3,WIND,T.G.
T.G. Metal Skeleton,Effect Monster,Zombie,1100,0,2,DARK,T.G.
T.G. Mighty Striker,Synchro Tuner Monster,Warrior,1800,0,2,EARTH,T.G.
T.G. Over Dragonar,Synchro Monster,Dragon,2100,1900,5,DARK,T.G.
T.G. Power Gladiator,Synchro Monster,Warrior,2300,1000,5,EARTH,T.G.
T.G. Recipro Dragonfly,Synchro Monster,Insect,300,300,2,WIND,T.G.
T.G. Rocket Salamander,Effect Monster,Pyro,600,600,1,FIRE,T.G.
T.G. Rush Rhino,Effect Monster,Beast,1600,800,4,EARTH,T.G.
T.G. Screw Serpent,Tuner Monster,Sea Serpent,1300,500,4,WATER,T.G.
T.G. Star Guardian,Synchro Tuner Monster,Warrior,100,2200,5,LIGHT,T.G.
T.G. Striker,Tuner Monster,Warrior,800,0,2,EARTH,T.G.
T.G. Tank Grub,Tuner Monster,Insect,0,0,1,EARTH,T.G.
T.G. Trident Launcher,Link Monster,Machine,2200,-1,0,EARTH,T.G.
T.G. Warwolf,Effect Monster,Beast-Warrior,1200,0,3,DARK,T.G.
T.G. Wonder Magician,Synchro Tuner Monster,Spellcaster,1900,0,5,LIGHT,T.G.
Tactical Trainer of the Six Samurai,Tuner Monster,Warrior,200,1200,2,EARTH,Six Samurai
Talkback Lancer,Link Monster,Cyberse,1200,-1,0,DARK,Code Talker
Tamtam the Melodious Diva,Effect Monster,Fairy,1000,2000,4,LIGHT,Melodious
Tanngnjostr of the Nordic Beasts,Effect Monster,Beast,800,1100,3,EARTH,Nordic
Tanngrisnir of the Nordic Beasts,Effect Monster,Beast,1200,800,3,EARTH,Nordic
"Taotie, Shadow of the Yang Zing",Effect Monster,Wyrm,2200,0,5,DARK,Yang Zing
Tellarknight Altairan,Effect Monster,Warrior,1700,1300,4,LIGHT,Constellar
Tellarknight Constellar Caduceus,XYZ Monster,Warrior,2500,1650,4,LIGHT,Constellar
Tellarknight Constellar Delteros,XYZ Monster,Warrior,2500,2500,4,LIGHT,Constellar
Tellarknight Cygnian,Effect Monster,Warrior,1500,1000,4,LIGHT,Constellar
Tellarknight Lyran,Effect Monster,Warrior,1200,1600,4,LIGHT,Constellar
Temperance of Prophecy,Effect Monster,Spellcaster,1000,1000,3,EARTH,Spellbook
Temtempo the Percussion Djinn,XYZ Monster,Fiend,1700,1000,3,EARTH,Djinn
Tenderness,Normal Monster,Fairy,700,1400,3,LIGHT,Recolored counterpart
"Tengu, the Winged Mayakashi",Synchro Monster,Zombie,2600,1500,7,WIND,Mayakashi
Tentacle Plant,Normal Monster,Plant,500,600,2,WATER,Recolored counterpart
Tenyi Spirit - Adhara,Tuner Monster,Wyrm,0,0,1,EARTH,Tenyi
Tenyi Spirit - Ashuna,Effect Monster,Wyrm,1600,2600,7,LIGHT,Tenyi
Tenyi Spirit - Mapura,Effect Monster,Wyrm,600,1500,4,FIRE,Tenyi
Tenyi Spirit - Mula Adhara,Synchro Monster,Wyrm,3000,0,8,LIGHT,Tenyi
Tenyi Spirit - Nahata,Effect Monster,Wyrm,800,1000,4,WIND,Tenyi
Tenyi Spirit - Sahasrara,Link Monster,Wyrm,3000,-1,0,LIGHT,Tenyi
Tenyi Spirit - Shthana,Effect Monster,Wyrm,400,2000,4,WATER,Tenyi
Tenyi Spirit - Suruya,Tuner Monster,Wyrm,1600,0,4,LIGHT,Tenyi
Tenyi Spirit - Vishuda,Effect Monster,Wyrm,1500,2500,7,DARK,Tenyi
Terror from the Deep!,Skill Card,Mako,-1,-1,0,NONE,Umi
Terrorking Archfiend,Effect Monster,Fiend,2000,1500,4,DARK,Archfiend
Test Ape,Effect Monster,Beast,700,300,2,EARTH,Gladiator Beast
Test Panther,Link Monster,Beast,800,-1,0,EARTH,Gladiator Beast
Test Tiger,Effect Monster,Beast,600,300,3,EARTH,Gladiator Beast
The Abyss Dragon Swordsoul,Effect Monster,Wyrm,3000,2900,8,FIRE,Swordsoul
The Agent of Creation - Venus,Effect Monster,Fairy,1600,0,3,LIGHT,The Agent
The Agent of Destruction - Venus,Tuner Monster,Fairy,0,1600,3,DARK,The Agent
The Agent of Entropy - Uranus,Tuner Monster,Fairy,2200,1200,5,DARK,The Agent
The Agent of Force - Mars,Effect Monster,Fairy,0,0,3,LIGHT,The Agent
The Agent of Judgment - Saturn,Effect Monster,Fairy,2400,0,6,LIGHT,The Agent
The Agent of Life - Neptune,Effect Monster,Fairy,0,600,1,LIGHT,The Agent
The Agent of Miracles - Jupiter,Effect Monster,Fairy,1800,1000,4,LIGHT,The Agent
The Agent of Mystery - Earth,Tuner Monster,Fairy,1000,800,2,LIGHT,The Agent
The Agent of Wisdom - Mercury,Effect Monster,Fairy,0,1700,4,LIGHT,The Agent
The Arrival Cyberse @Ignister,Link Monster,Cyberse,0,-1,0,DARK,@Ignister
The Black Stone of Legend,Effect Monster,Dragon,0,0,1,DARK,Red-Eyes
The Chaos Creator,Effect Monster,Thunder,2300,3000,8,DARK,Chaos
The Dark Magicians,Fusion Monster,Spellcaster,2800,2300,8,DARK,Dark Magician
The Executor of the Underworld - Pluto,Synchro Tuner Monster,Fairy,2300,0,5,DARK,The Agent
The Fabled Abanc,Tuner Monster,Beast,1000,600,2,LIGHT,Fabled
The Fabled Behilmoth,Tuner Monster,Beast,1000,600,2,LIGHT,Fabled
The Fabled Catsith,Tuner Monster,Beast,800,600,1,LIGHT,Fabled
The Fabled Cerburrel,Tuner Monster,Beast,1000,400,2,LIGHT,Fabled
The Fabled Chawa,Tuner Monster,Beast,200,100,1,LIGHT,Fabled
The Fabled Ganashia,Effect Monster,Beast,1600,1000,3,LIGHT,Fabled
The Fabled Kokkator,Effect Monster,Beast,1700,1500,4,LIGHT,Fabled
The Fabled Kudabbi,Synchro Monster,Beast,2200,1100,4,LIGHT,Fabled
The Fabled Nozoochee,Effect Monster,Beast,1200,800,2,LIGHT,Fabled
The Fabled Peggulsus,Tuner Monster,Beast,100,1600,1,LIGHT,Fabled
The Fabled Rubyruda,Tuner Monster,Beast,1100,800,4,LIGHT,Fabled
The Fabled Unicore,Synchro Monster,Beast,2300,1000,4,LIGHT,Fabled
The First Darklord,Fusion Monster,Fairy,4000,4000,12,DARK,Darklord
The Golden Swordsoul,Tuner Monster,Spellcaster,1800,1500,4,LIGHT,Swordsoul
The Great Emperor Penguin,Effect Monster,Aqua,1800,1500,5,WATER,Penguin
The Iris Swordsoul,Effect Monster,Spellcaster,2500,2500,8,LIGHT,Swordsoul
The Legendary Exodia Incarnate,Effect Monster,Spellcaster,-1,0,10,DARK,Exodia
The Legendary Fisherman,Effect Monster,Warrior,1850,1600,5,WATER,Umi
The Legendary Fisherman II,Effect Monster,Warrior,2200,1800,5,WATER,Umi
The Legendary Fisherman III,Effect Monster,Warrior,2500,2000,7,WATER,Umi
The Phantom Knights of Ancient Cloak,Effect Monster,Warrior,800,1000,3,DARK,Phantom Knights
The Phantom Knights of Break Sword,XYZ Monster,Warrior,2000,1000,3,DARK,Phantom Knights
The Phantom Knights of Cloven Helm,Effect Monster,Warrior,1500,500,4,DARK,Phantom Knights
The Phantom Knights of Cursed Javelin,XYZ Monster,Warrior,1600,0,2,DARK,Phantom Knights
The Phantom Knights of Decayed Cloak,Effect Monster,Warrior,1000,300,3,DARK,Phantom Knights
The Phantom Knights of Doomed Soleret,Effect Monster,Warrior,400,1400,3,DARK,Phantom Knights
The Phantom Knights of Fragile Armor,Effect Monster,Warrior,1000,2000,4,DARK,Phantom Knights
The Phantom Knights of Malevolent Scythe,XYZ Monster,Warrior,1900,0,3,DARK,Phantom Knights
The Phantom Knights of Ragged Gloves,Effect Monster,Warrior,1000,500,3,DARK,Phantom Knights
The Phantom Knights of Rusty Bardiche,Link Monster,Warrior,2100,-1,0,DARK,Phantom Knights
The Phantom Knights of Silent Boots,Effect Monster,Warrior,200,1200,3,DARK,Phantom Knights
The Phantom Knights of Stained Greaves,Effect Monster,Warrior,1200,600,3,DARK,Phantom Knights
The Phantom Knights of Torn Scales,Effect Monster,Warrior,600,1600,3,DARK,Phantom Knights
The Roids are Alright,Skill Card,Syrus Truesda,-1,-1,0,NONE,roid
The Six Samurai - Irou,Effect Monster,Warrior,1700,1200,4,DARK,Six Samurai
The Six Samurai - Kamon,Effect Monster,Warrior,1500,1000,3,FIRE,Six Samurai
The Six Samurai - Nisashi,Effect Monster,Warrior,1400,700,4,WIND,Six Samurai
The Six Samurai - Yaichi,Effect Monster,Warrior,1300,800,3,WATER,Six Samurai
The Six Samurai - Yariza,Effect Monster,Warrior,1000,500,3,EARTH,Six Samurai
The Six Samurai - Zanji,Effect Monster,Warrior,1800,1300,4,LIGHT,Six Samurai
The Thing That Hides in the Mud,Normal Monster,Rock,1200,1300,4,EARTH,Recolored counterpart
The Three Brave Swordsouls,Synchro Monster,Spellcaster,2500,2500,8,LIGHT,Swordsoul
The Unstoppable Exodia Incarnate,Fusion Monster,Spellcaster,-1,0,10,DARK,Exodia
The Wandering Doomed,Normal Monster,Zombie,800,600,2,DARK,Recolored counterpart
The White Stone of Ancients,Tuner Monster,Dragon,600,500,1,LIGHT,Blue-Eyes
The White Stone of Legend,Tuner Monster,Dragon,300,250,1,LIGHT,Blue-Eyes
The Wicked Worm Beast,Effect Monster,Beast,1400,700,3,EARTH,Worm
The Zombie Vampire,XYZ Monster,Zombie,3000,2800,8,DARK,Vampire
Thermal Genex,Synchro Monster,Machine,2400,1200,8,FIRE,Genex
Thestalos the Firestorm Monarch,Effect Monster,Pyro,2400,1000,6,FIRE,Monarch
Thestalos the Mega Monarch,Effect Monster,Pyro,2800,1000,8,FIRE,Monarch
Thestalos the Shadowfire Monarch,Effect Monster,Pyro,3000,1000,10,FIRE,Monarch
Thought Ruler Archfiend,Synchro Monster,Psychic,2700,2300,8,DARK,Archfiend
Thunder Dragon,Effect Monster,Thunder,1600,1500,5,LIGHT,Thunder Dragon
Thunder Dragon Colossus,Fusion Monster,Thunder,2600,2400,8,DARK,Thunder Dragon
Thunder Dragon Thunderstormech,Link Monster,Thunder,2800,-1,0,LIGHT,Thunder Dragon
Thunder Dragon Titan,Fusion Monster,Thunder,3200,3200,10,LIGHT,Thunder Dragon
Thunder Dragondark,Effect Monster,Thunder,1600,1500,5,DARK,Thunder Dragon
Thunder Dragonduo,Effect Monster,Thunder,2800,0,8,DARK,Thunder Dragon
Thunder Dragonhawk,Effect Monster,Thunder,1800,2200,6,LIGHT,Thunder Dragon
Thunder Dragonlord,Effect Monster,Thunder,3000,2000,9,LIGHT,Thunder Dragon
Thunder Dragonmatrix,Effect Monster,Thunder,0,2000,1,LIGHT,Thunder Dragon
Thunder Dragonroar,Effect Monster,Thunder,2400,0,6,DARK,Thunder Dragon
"Thunder King, the Lightningstrike Kaiju",Effect Monster,Thunder,3300,2100,9,LIGHT,Kaiju
Timaeus the Knight of Destiny,Fusion Monster,Warrior,-1,-1,10,LIGHT,Legendary Knight
Timaeus the United Dragon,Effect Monster,Dragon,2800,1800,8,LIGHT,Legendary Knight
Time Magic Hammer,Fusion Monster,Spellcaster,500,400,2,LIGHT,Legendary Knight
Time Maiden,Effect Monster,Fairy,0,0,1,LIGHT,Timelord
Time Wizard,Effect Monster,Spellcaster,500,400,2,LIGHT,Magician
Timebreaker Magician,Pendulum Effect Monster,Spellcaster,1400,0,3,DARK,Magician
Timegazer Magician,Pendulum Effect Monster,Spellcaster,1200,600,3,DARK,Magician
Timelord Progenitor Vorpgate,Synchro Monster,Fairy,0,0,10,DARK,Timelord
Tindangle Acute Cerberus,Link Monster,Fiend,0,-1,0,DARK,Tindangle
Tindangle Angel,Flip Effect Monster,Fiend,500,1800,4,DARK,Tindangle
Tindangle Base Gardna,Effect Monster,Fiend,0,2300,5,DARK,Tindangle
Tindangle Dholes,Flip Effect Monster,Fiend,1000,1000,5,DARK,Tindangle
Tindangle Hound,Flip Effect Monster,Fiend,2500,0,7,DARK,Tindangle
Tindangle Intruder,Flip Effect Monster,Fiend,2200,0,6,DARK,Tindangle
Tindangle Jhrelth,Flip Effect Monster,Fiend,0,1800,3,DARK,Tindangle
Tindangle Protector,Flip Effect Monster,Fiend,800,1600,3,DARK,Tindangle
Tindangle Token,Token,Fiend,-1,-1,0,NONE,Tindangle
Tindangle Trinity,Flip Effect Monster,Fiend,0,1500,4,DARK,Tindangle
TiSolfachord Beautia,Pendulum Effect Monster,Fairy,2500,2400,7,EARTH,Solfachord
"Tlakalel, His Malevolent Majesty",Effect Monster,Fiend,2400,1000,5,DARK,Monarch
Toad Master,Normal Monster,Aqua,1000,1000,3,WATER,Frog
Toadally Awesome,XYZ Monster,Aqua,2200,0,2,WATER,Frog
Tobari the Sky Ninja,Effect Monster,Winged Beast,0,0,1,EARTH,Ninja
Tohushaddoll Grysta,Flip Effect Monster,Rock,2450,1950,7,EARTH,Shaddoll
Toon Ancient Gear Golem,Toon Monster,Machine,3000,3000,8,EARTH,Toon
Toon Barrel Dragon,Toon Monster,Machine,2600,2200,7,DARK,Toon
Toon Black Luster Soldier,Toon Monster,Warrior,3000,2500,8,EARTH,Toon
Toon Buster Blader,Toon Monster,Warrior,2600,2300,7,EARTH,Toon
Toon Cannon Soldier,Toon Monster,Machine,1400,1300,4,DARK,Toon
Toon Cyber Dragon,Toon Monster,Machine,2100,1600,5,LIGHT,Toon
Toon Dark Magician,Toon Monster,Spellcaster,2500,2100,7,DARK,Toon
Toon Dark Magician Girl,Toon Monster,Spellcaster,2000,1700,6,DARK,Toon
Toon Gemini Elf,Toon Monster,Spellcaster,1900,900,4,EARTH,Toon
Toon Goblin Attack Force,Toon Monster,Warrior,2300,0,4,EARTH,Toon
Toon Harpie Lady,Toon Monster,Winged Beast,1300,1400,4,WIND,Toon
Toon Masked Sorcerer,Toon Monster,Spellcaster,900,1400,4,DARK,Toon
Toon Mermaid,Toon Monster,Aqua,1400,1500,4,WATER,Toon
Toon Summoned Skull,Toon Monster,Fiend,2500,1200,6,DARK,Toon
Torpedo Fish,Effect Monster,Fish,1000,1000,3,WATER,Umi
Tradetoad,Effect Monster,Aqua,100,2000,1,WATER,Frog
Trance Archfiend,Effect Monster,Fiend,1500,500,4,DARK,Archfiend
Transcode Talker,Link Monster,Cyberse,2300,-1,0,EARTH,Code Talker
Traptrix Allomerus,XYZ Monster,Insect,2200,600,4,EARTH,Traptrix
Traptrix Arachnocampa,Effect Monster,Insect,1300,1500,4,EARTH,Traptrix
Traptrix Atrax,Effect Monster,Insect,1800,1000,4,EARTH,Traptrix
Traptrix Atypus,Link Monster,Insect,1800,-1,0,EARTH,Traptrix
Traptrix Cularia,Link Monster,Plant,1800,-1,0,EARTH,Traptrix
Traptrix Dionaea,Effect Monster,Plant,1700,1100,4,EARTH,Traptrix
Traptrix Genlisea,Effect Monster,Plant,1200,1600,4,EARTH,Traptrix
Traptrix Mantis,Effect Monster,Insect,1500,1300,4,EARTH,Traptrix
Traptrix Myrmeleo,Effect Monster,Insect,1600,1200,4,EARTH,Traptrix
Traptrix Nepenthes,Effect Monster,Plant,800,2000,4,EARTH,Traptrix
Traptrix Pinguicula,XYZ Monster,Plant,2500,300,4,EARTH,Traptrix
Traptrix Pudica,Effect Monster,Plant,900,1900,4,EARTH,Traptrix
Traptrix Rafflesia,XYZ Monster,Plant,300,2500,4,EARTH,Traptrix
Traptrix Sera,Link Monster,Plant,800,-1,0,EARTH,Traptrix
Traptrix Vesiculo,Effect Monster,Plant,1400,1400,4,EARTH,Traptrix
Treeborn Frog,Effect Monster,Aqua,100,100,1,WATER,Frog
Tri-Brigade Arms Bucephalus II,Link Monster,Winged Beast,3500,-1,0,DARK,Tri-Brigade
Tri-Brigade Arms Mouser,Link Monster,Beast,1800,-1,0,EARTH,Tri-Brigade
Tri-Brigade Bearbrumm the Rampant Rampager,Link Monster,Beast,1700,-1,0,FIRE,Tri-Brigade
Tri-Brigade Ferrijit the Barren Blossom,Link Monster,Beast,1600,-1,0,EARTH,Tri-Brigade
Tri-Brigade Fraktall,Effect Monster,Beast-Warrior,1900,1600,4,FIRE,Tri-Brigade
Tri-Brigade Kerass,Effect Monster,Beast,1200,1500,2,EARTH,Tri-Brigade
Tri-Brigade Kitt,Effect Monster,Beast,700,1000,2,FIRE,Tri-Brigade
Tri-Brigade Mercourier,Effect Monster,Winged Beast,800,0,4,DARK,Tri-Brigade
Tri-Brigade Nervall,Effect Monster,Winged Beast,0,2000,1,WIND,Tri-Brigade
Tri-Brigade Rugal the Silver Sheller,Link Monster,Beast-Warrior,2300,-1,0,EARTH,Tri-Brigade
Tri-Brigade Shuraig the Ominous Omen,Link Monster,Winged Beast,3000,-1,0,DARK,Tri-Brigade
Tri-Brigade Springans Kitt,Effect Monster,Beast,1700,1000,4,LIGHT,Springans
Trickstar Aqua Angel,Effect Monster,Fairy,0,0,4,WATER,Marincess
Trickstar Band Drumatis,Fusion Monster,Fairy,2000,1000,6,LIGHT,Trickstar
Trickstar Band Sweet Guitar,Fusion Monster,Fairy,2200,1200,7,LIGHT,Trickstar
Trickstar Bella Madonna,Link Monster,Fairy,2800,-1,0,LIGHT,Trickstar
Trickstar Black Catbat,Link Monster,Fairy,2000,-1,0,LIGHT,Trickstar
Trickstar Bloom,Link Monster,Fairy,100,-1,0,LIGHT,Trickstar
Trickstar Candina,Effect Monster,Fairy,1800,400,4,LIGHT,Trickstar
Trickstar Colchica,Link Monster,Fairy,200,-1,0,LIGHT,Trickstar
Trickstar Corobane,Effect Monster,Fairy,2000,1000,5,LIGHT,Trickstar
Trickstar Crimson Heart,Link Monster,Fairy,2000,-1,0,LIGHT,Trickstar
Trickstar Delfiendium,Link Monster,Fairy,2200,-1,0,LIGHT,Trickstar
Trickstar Divaridis,Link Monster,Fairy,1800,-1,0,LIGHT,Trickstar
Trickstar Foxglove Witch,Link Monster,Fairy,2200,-1,0,LIGHT,Trickstar
Trickstar Holly Angel,Link Monster,Fairy,2000,-1,0,LIGHT,Trickstar
Trickstar Hoody,Effect Monster,Fairy,600,1800,2,LIGHT,Trickstar
Trickstar Lilybell,Effect Monster,Fairy,800,2000,2,LIGHT,Trickstar
Trickstar Lycoris,Effect Monster,Fairy,1600,1200,3,LIGHT,Trickstar
Trickstar Mandrake,Effect Monster,Fairy,0,1000,2,LIGHT,Trickstar
Trickstar Narkissus,Effect Monster,Fairy,1000,1800,4,LIGHT,Trickstar
Trickstar Nightshade,Effect Monster,Fairy,100,0,1,LIGHT,Trickstar
Trickstar Noble Angel,Link Monster,Fairy,2000,-1,0,LIGHT,Trickstar
Trickstar Rhodode,Effect Monster,Fairy,1400,1900,4,LIGHT,Trickstar
Trisborrel Dragon,Link Monster,Dragon,2300,-1,0,DARK,Borrel
"Trishula, Dragon of the Ice Barrier",Synchro Monster,Dragon,2700,2000,9,WATER,Ice Barrier
"Trishula, the Dragon of Icy Imprisonment",Fusion Monster,Dragon,2700,2000,9,WATER,Ice Barrier
"Trishula, Zero Dragon of the Ice Barrier",Synchro Monster,Dragon,2700,2000,11,WATER,Ice Barrier
"Trito Enneacraft - ""exapatisIA""",Pendulum Flip Effect Monster,Machine,100,1000,1,EARTH,Enneacraft
Truckroid,Effect Monster,Machine,1000,2000,4,EARTH,Roid
True Exodia,Effect Monster,Spellcaster,0,0,1,DARK,Exodia
Trust Guardian,Tuner Monster,Fairy,0,800,3,LIGHT,Guardian
"Tsuchigumo, the Poisonous Mayakashi",Synchro Monster,Zombie,2000,1800,5,EARTH,Mayakashi
"Tsukahagi, the Poisonous Mayakashi",Tuner Monster,Zombie,0,2000,2,EARTH,Mayakashi
Turbo Synchron,Tuner Monster,Machine,100,500,1,WIND,Synchron
"Twilight Ninja Getsuga, the Shogun",Effect Monster,Warrior,2000,3000,8,DARK,Ninja
Twilight Ninja Jogen,Pendulum Effect Monster,Warrior,2000,1000,7,DARK,Ninja
Twilight Ninja Kagen,Pendulum Effect Monster,Warrior,0,2000,1,DARK,Ninja
"Twilight Ninja Nichirin, the Chunin",Effect Monster,Warrior,2300,1000,6,DARK,Ninja
Twilight Ninja Shingetsu,Effect Monster,Warrior,1500,100,4,DARK,Ninja
Twilight Rose Black Knight,Tuner Monster,Plant,1000,1000,3,DARK,Rose
Twilight Rose Knight,Tuner Monster,Warrior,1000,1000,3,DARK,Rose Dragon
Twin Photon Lizard,Fusion Monster,Dragon,2400,1000,6,LIGHT,Photon
Twin-Headed Thunder Dragon,Fusion Monster,Thunder,2800,2100,7,LIGHT,Thunder Dragon
Tyr of the Nordic Champions,Effect Monster,Warrior,2000,2000,4,LIGHT,Nordic
Tyrant Burst Dragon,Fusion Monster,Dragon,2900,2500,8,LIGHT,Legendary Knight
Tyrant Red Dragon Archfiend,Synchro Monster,Dragon,3500,3000,10,DARK,Archfiend
U.A. Blockbacker,Effect Monster,Warrior,1600,2700,7,EARTH,U.A.
U.A. Dreadnought Dunker,Effect Monster,Warrior,2500,1800,7,EARTH,U.A.
U.A. Goalkeeper,Effect Monster,Warrior,1000,2800,6,EARTH,U.A.
U.A. Libero Spiker,Effect Monster,Warrior,1800,1800,4,EARTH,U.A.
U.A. Midfielder,Effect Monster,Warrior,1200,1000,4,EARTH,U.A.
U.A. Mighty Slugger,Effect Monster,Warrior,2300,700,5,EARTH,U.A.
U.A. Perfect Ace,Effect Monster,Warrior,1500,2500,5,EARTH,U.A.
U.A. Player Manager,Effect Monster,Warrior,2000,2600,8,EARTH,U.A.
U.A. Playmaker,Effect Monster,Warrior,2600,2000,8,EARTH,U.A.
U.A. Rival Rebounder,Effect Monster,Warrior,2200,2300,6,EARTH,U.A.
UFOroid,Effect Monster,Machine,1200,1200,6,LIGHT,Roid
UFOroid Fighter,Fusion Monster,Machine,-1,-1,10,LIGHT,Roid
Ukiyoe-P.U.N.K. Amazing Dragon,Synchro Monster,Sea Serpent,3000,2800,11,WIND,P.U.N.K.
Ukiyoe-P.U.N.K. Rising Carp,Fusion Monster,Fish,1000,2600,8,WATER,P.U.N.K.
Ukiyoe-P.U.N.K. Sharakusai,Tuner Monster,Psychic,1200,600,3,EARTH,P.U.N.K.
Ultimate Ancient Gear Golem,Fusion Monster,Machine,4400,3400,10,EARTH,Ancient Gear
Ultimate Bright Knight Ursatron Alpha,Effect Monster,Machine,2000,700,7,WATER,Ursarctic
Ultimate Dragonic Utopia Ray,XYZ Monster,Warrior,2500,2000,5,LIGHT,Number
Ultimate Flagship Ursatron,Fusion Monster,Machine,2000,700,7,WATER,Ursarctic
Ultimate Leo Utopia Ray,XYZ Monster,Warrior,2500,2000,5,LIGHT,Number
Ultra Beetrooper Absolute Hercules,Fusion Monster,Insect,4000,4000,11,EARTH,Beetrooper
Unauthorized Bootup Device,Union Effect Monster,Machine,500,0,1,DARK,Machina
Unchained Abomination,Link Monster,Fiend,3000,-1,0,DARK,Unchained
Unchained Enma Lord Yama,Link Monster,Fiend,3000,-1,0,DARK,Unchained
Unchained Malevolent Magistrate Kamura,Effect Monster,Fiend,2000,2500,8,DARK,Unchained
Unchained Ogre Shara,Effect Monster,Fiend,1500,2000,4,FIRE,Unchained
Unchained Ogre Shma,Effect Monster,Fiend,1500,2000,4,WATER,Unchained
Unchained Soul Lord of Yama,Link Monster,Fiend,2000,-1,0,DARK,Unchained
Unchained Soul of Anguish,Link Monster,Fiend,2400,-1,0,DARK,Unchained
Unchained Soul of Disaster,Effect Monster,Fiend,0,3000,8,DARK,Unchained
Unchained Soul of Rage,Link Monster,Fiend,1800,-1,0,DARK,Unchained
Unchained Soul of Sharvara,Effect Monster,Fiend,2000,1500,6,FIRE,Unchained
Unchained Soul of Shyama,Effect Monster,Fiend,2000,1500,6,WATER,Unchained
Unchained Soul Rage Abominator,Link Monster,Fiend,2100,-1,0,DARK,Unchained
Unchained Twins - Aruha,Effect Monster,Fiend,1500,1500,3,FIRE,Unchained
Unchained Twins - Rakea,Effect Monster,Fiend,1500,1500,3,WATER,Unchained
Unchained Twins - Sarama,Effect Monster,Fiend,1500,1500,3,DARK,Unchained
Unifrog,Effect Monster,Aqua,400,400,2,WATER,Frog
Union Driver,Union Effect Monster,Machine,2100,1000,5,LIGHT,ABC
Unknown Synchron,Tuner Monster,Machine,0,0,1,DARK,Synchron
Upstart Golden Ninja,Effect Monster,Warrior,500,1800,4,LIGHT,Ninja
Ursarctic Grand Chariot,Synchro Monster,Beast-Warrior,2700,700,7,WATER,Ursarctic
Ursarctic Megabilis,Tuner Monster,Beast-Warrior,2800,700,8,WATER,Ursarctic
Ursarctic Megapolar,Tuner Monster,Beast-Warrior,2500,700,8,WATER,Ursarctic
Ursarctic Megatanus,Tuner Monster,Beast-Warrior,2400,700,8,WATER,Ursarctic
Ursarctic Mikbilis,Effect Monster,Beast,700,1400,7,WATER,Ursarctic
Ursarctic Mikpolar,Effect Monster,Beast,700,2000,7,WATER,Ursarctic
Ursarctic Miktanus,Effect Monster,Beast,700,1700,7,WATER,Ursarctic
Ursarctic Polar Star,Synchro Monster,Machine,700,2000,1,WATER,Ursarctic
Ursarctic Septentrion,Synchro Monster,Beast-Warrior,3000,700,7,WATER,Ursarctic
"Utgarda, Generaider Boss of Delusion",Effect Monster,Rock,2200,2700,9,LIGHT,Generaider
Utopic Onomatopoeia,Effect Monster,Warrior,1500,1500,4,LIGHT,Utopia
V Salamander,Effect Monster,Spellcaster,1500,1300,4,FIRE,Utopia
V-Tiger Jet,Normal Monster,Machine,1600,1800,4,LIGHT,ABC
Vague Shadow Token,Token,Winged Beast,-1,-1,0,NONE,Blackwing
"Vahram, the Magistus Divinity Dragon",Synchro Monster,Dragon,2500,2900,8,FIRE,Magistus
"Vala, Seidhr of the Generaider Bosses",Effect Monster,Fairy,2500,2500,9,FIRE,Generaider
Valkyrie Brunhilde,Effect Monster,Fairy,1800,2000,7,LIGHT,Valkyrie
Valkyrie Chariot,Union Effect Monster,Fairy,500,1000,3,WIND,Valkyrie
Valkyrie Dritte,Effect Monster,Fairy,1000,1600,4,LIGHT,Valkyrie
Valkyrie Erda,Effect Monster,Fairy,2000,2200,8,LIGHT,Valkyrie
Valkyrie Erste,Effect Monster,Fairy,1600,1800,6,LIGHT,Valkyrie
Valkyrie Funfte,Effect Monster,Fairy,800,1200,2,LIGHT,Valkyrie
Valkyrie of the Nordic Ascendant,Tuner Monster,Fairy,400,800,2,LIGHT,Nordic
Valkyrie Sechste,Effect Monster,Fairy,0,2000,1,LIGHT,Valkyrie
Valkyrie Sigrun,Effect Monster,Fairy,2200,2400,9,LIGHT,Valkyrie
Valkyrie Vierte,Effect Monster,Fairy,1400,1400,3,LIGHT,Valkyrie
Valkyrie Zweite,Effect Monster,Fairy,1600,1600,5,LIGHT,Valkyrie
Vampire Baby,Effect Monster,Zombie,700,1000,3,DARK,Vampire
Vampire Dragon,Effect Monster,Zombie,2400,0,5,DARK,Vampire
Vampire Duke,Effect Monster,Zombie,2000,0,5,DARK,Vampire
Vampire Familiar,Effect Monster,Zombie,500,0,1,DARK,Vampire
Vampire Fascinator,Link Monster,Zombie,2400,-1,0,DARK,Vampire
Vampire Fraulein,Effect Monster,Zombie,600,2000,5,DARK,Vampire
Vampire Genesis,Effect Monster,Zombie,3000,2100,8,DARK,Vampire
Vampire Ghost,Effect Monster,Zombie,1500,0,3,DARK,Vampire
Vampire Grace,Effect Monster,Zombie,2000,1200,6,DARK,Vampire
Vampire Grimson,Effect Monster,Zombie,2000,1400,5,DARK,Vampire
Vampire Hunter,Effect Monster,Warrior,1600,1600,4,DARK,Vampire
Vampire Lady,Effect Monster,Zombie,1550,1550,4,DARK,Vampire
Vampire Lord,Effect Monster,Zombie,2000,1500,5,DARK,Vampire
Vampire Red Baron,Effect Monster,Zombie,2400,1000,6,DARK,Vampire
Vampire Retainer,Effect Monster,Zombie,1200,0,2,DARK,Vampire
Vampire Scarlet Scourge,Effect Monster,Zombie,2200,2200,6,DARK,Vampire
Vampire Sorcerer,Effect Monster,Zombie,1500,1500,4,DARK,Vampire
Vampire Sucker,Link Monster,Zombie,1600,-1,0,DARK,Vampire
Vampire Vamp,Effect Monster,Zombie,2000,2000,7,DARK,Vampire
Vampire Voivode,Effect Monster,Zombie,2800,2100,8,DARK,Vampire
Vampire's Curse,Effect Monster,Zombie,2000,800,6,DARK,Vampire
Vanadis of the Nordic Ascendant,Tuner Monster,Fairy,1200,400,4,DARK,Nordic
Vanquish Soul Caesar Valius,Effect Monster,Dragon,3000,1500,8,EARTH,Vanquish Soul
Vanquish Soul Dr. Mad Love,Effect Monster,Fiend,1200,2000,4,DARK,Vanquish Soul
Vanquish Soul Heavy Borger,Effect Monster,Machine,2500,1500,7,DARK,Vanquish Soul
Vanquish Soul Hollie Sue,Effect Monster,Psychic,500,2200,5,EARTH,Vanquish Soul
Vanquish Soul Jiaolong,Effect Monster,Wyrm,2400,2100,5,FIRE,Vanquish Soul
Vanquish Soul Pantera,Effect Monster,Beast-Warrior,1700,1900,4,EARTH,Vanquish Soul
Vanquish Soul Pluton HG,Effect Monster,Zombie,0,0,6,FIRE,Vanquish Soul
Vanquish Soul Razen,Effect Monster,Warrior,1800,1500,4,FIRE,Vanquish Soul
Vanquish Soul Rocks,XYZ Monster,Pyro,2000,2500,4,DARK,Vanquish Soul
Vaylantz Buster Baron,Pendulum Effect Monster,Machine,800,800,2,FIRE,Vaylantz
Vaylantz Dominator Duke,Pendulum Effect Monster,Machine,2000,2000,8,FIRE,Vaylantz
Vaylantz Genesis Grand Duke,Pendulum Effect Fusion Monster,Machine,2500,2500,10,FIRE,Vaylantz
Vaylantz Mad Marquess,Pendulum Effect Monster,Machine,1700,1700,6,FIRE,Vaylantz
Vaylantz Voltage Viscount,Pendulum Effect Monster,Machine,1400,1400,4,FIRE,Vaylantz
Vector Scare Archfiend,Link Monster,Cyberse,2400,-1,0,DARK,Archfiend
Veiss Shark,Effect Monster,Fish,1800,1100,4,WATER,Shark
Vendread Anima,Effect Monster,Zombie,0,0,1,DARK,Vendread
Vendread Battlelord,Ritual Effect Monster,Zombie,2700,0,7,DARK,Vendread
Vendread Chimera,Ritual Effect Monster,Zombie,2300,0,5,DARK,Vendread
Vendread Core,Effect Monster,Zombie,0,500,1,DARK,Vendread
Vendread Houndhorde,Effect Monster,Zombie,0,2100,3,DARK,Vendread
Vendread Revenants,Effect Monster,Zombie,1800,200,4,DARK,Vendread
Vendread Scavenger,Ritual Effect Monster,Zombie,2800,0,8,DARK,Vendread
Vendread Striges,Effect Monster,Zombie,500,2000,2,DARK,Vendread
"Verre, the Maid of Endymion",Effect Monster,Spellcaster,500,1400,4,LIGHT,Endymion
Vijam the Cubic Seed,Effect Monster,Fiend,0,0,1,DARK,Cubic
Vilepawn Archfiend,Effect Monster,Fiend,1200,200,2,EARTH,Archfiend
Vindikite R-Genex,Synchro Monster,Machine,2400,1000,8,WIND,Genex
"Virgil, Rock Star of the Burning Abyss",Synchro Monster,Spellcaster,2500,1000,6,LIGHT,Burning Abyss
Virtual World Beast - Jiujiu,Synchro Monster,Psychic,2400,1700,6,WIND,Virtual World
Virtual World Dragon - Longlong,XYZ Monster,Wyrm,2400,2000,3,EARTH,Virtual World
Virtual World Hime - Nyannyan,Effect Monster,Psychic,1500,1500,3,WIND,Virtual World
Virtual World Kirin - Lili,Effect Monster,Wyrm,1800,600,6,EARTH,Virtual World
Virtual World Kyubi - Shenshen,Synchro Monster,Psychic,2800,2400,9,WIND,Virtual World
Virtual World Mai-Hime - Lulu,Tuner Monster,Psychic,1600,600,3,WIND,Virtual World
Virtual World Oto-Hime - Toutou,Effect Monster,Wyrm,1200,1800,6,EARTH,Virtual World
Virtual World Phoenix - Fanfan,XYZ Monster,Wyrm,2600,2000,6,EARTH,Virtual World
Virtual World Roshi - Laolao,Tuner Monster,Psychic,0,2400,6,WIND,Virtual World
Virtual World Shell - Jaja,XYZ Monster,Wyrm,1000,2400,3,EARTH,Virtual World
Virtual World Tiger - Fufu,XYZ Monster,Wyrm,2600,2800,9,EARTH,Virtual World
Virtual World Xiezhi - Jiji,Effect Monster,Wyrm,1000,1600,3,EARTH,Virtual World
Vision HERO Adoration,Fusion Monster,Warrior,2800,2100,8,DARK,Vision HERO
Vision HERO Faris,Effect Monster,Warrior,1600,1800,5,DARK,Vision HERO
Vision HERO Gravito,Effect Monster,Warrior,500,2000,4,DARK,Vision HERO
Vision HERO Increase,Effect Monster,Warrior,900,1100,3,DARK,Vision HERO
Vision HERO Minimum Ray,Effect Monster,Warrior,1200,700,3,DARK,Vision HERO
Vision HERO Multiply Guy,Effect Monster,Warrior,800,700,3,DARK,Vision HERO
Vision HERO Poisoner,Effect Monster,Warrior,900,700,3,DARK,Vision HERO
Vision HERO Trinity,Fusion Monster,Warrior,2500,2000,8,DARK,Vision HERO
Vision HERO Vyon,Effect Monster,Warrior,1000,1200,4,DARK,Vision HERO
Vision HERO Witch Raider,Effect Monster,Warrior,2700,1900,8,DARK,Vision HERO
Vision Resonator,Tuner Monster,Fiend,400,400,2,DARK,Resonator
Volcanic Blaster,Effect Monster,Pyro,1200,600,3,FIRE,Volcanic
Volcanic Cannon,Skill Card,Axel Brodie,-1,-1,0,NONE,Volcanic
Volcanic Counter,Effect Monster,Pyro,300,1300,3,FIRE,Volcanic
Volcanic Doomfire,Effect Monster,Pyro,3000,1800,8,FIRE,Volcanic
Volcanic Emperor,Effect Monster,Pyro,3100,2400,8,FIRE,Volcanic
Volcanic Hammerer,Effect Monster,Pyro,2400,1500,5,FIRE,Volcanic
Volcanic Queen,Effect Monster,Pyro,2500,1200,6,FIRE,Volcanic
Volcanic Rat,Normal Monster,Pyro,500,500,1,FIRE,Volcanic
Volcanic Rimfire,Effect Monster,Pyro,300,0,1,FIRE,Volcanic
Volcanic Rocket,Effect Monster,Pyro,1900,1400,4,FIRE,Volcanic
Volcanic Scattershot,Effect Monster,Pyro,500,0,2,FIRE,Volcanic
Volcanic Shell,Effect Monster,Pyro,100,0,1,FIRE,Volcanic
Volcanic Slicer,Effect Monster,Pyro,1800,1200,4,FIRE,Volcanic
Volcanic Trooper,Effect Monster,Pyro,1000,1000,3,FIRE,Volcanic
Vulcan Dragni the Cubic King,Effect Monster,Fairy,0,0,3,FIRE,Cubic
VW-Tiger Catapult,Fusion Monster,Machine,2000,2100,6,LIGHT,ABC
VWXYZ-Dragon Catapult Cannon,Fusion Monster,Machine,3000,2800,8,LIGHT,ABC
Vylon Alpha,Synchro Monster,Machine,2200,1100,9,LIGHT,Vylon
Vylon Charger,Effect Monster,Fairy,1000,1000,4,LIGHT,Vylon
Vylon Cube,Tuner Monster,Machine,800,800,3,LIGHT,Vylon
Vylon Delta,Synchro Monster,Fairy,1700,2800,7,LIGHT,Vylon
Vylon Disigma,XYZ Monster,Fairy,2500,2100,4,LIGHT,Vylon
Vylon Epsilon,Synchro Monster,Fairy,2800,1200,8,LIGHT,Vylon
Vylon Hept,Effect Monster,Fairy,1800,800,4,LIGHT,Vylon
Vylon Ohm,Effect Monster,Fairy,1500,200,4,LIGHT,Vylon
Vylon Omega,Synchro Monster,Fairy,3200,1900,10,LIGHT,Vylon
Vylon Pentachloro,Union Effect Monster,Machine,500,400,4,LIGHT,Vylon
Vylon Prism,Tuner Monster,Thunder,1500,1500,4,LIGHT,Vylon
Vylon Sigma,Synchro Monster,Fairy,1800,1000,7,LIGHT,Vylon
Vylon Soldier,Effect Monster,Fairy,1700,1000,4,LIGHT,Vylon
Vylon Sphere,Tuner Monster,Machine,400,400,1,LIGHT,Vylon
Vylon Stella,Tuner Monster,Fairy,1400,200,3,LIGHT,Vylon
Vylon Stigma,Effect Monster,Fairy,1600,1000,4,LIGHT,Vylon
Vylon Tesseract,Union Effect Monster,Machine,800,600,4,LIGHT,Vylon
Vylon Tetra,Tuner Monster,Machine,900,900,2,LIGHT,Vylon
Vylon Vanguard,Effect Monster,Fairy,1400,1000,4,LIGHT,Vylon
W-Wing Catapult,Union Effect Monster,Machine,1300,1500,4,LIGHT,ABC
Wake Up Your Elemental HERO,Fusion Monster,Warrior,2500,2100,10,LIGHT,Elemental HERO
Warlock of the Ice Barrier,Effect Monster,Spellcaster,400,1000,3,WATER,Ice Barrier
Warm Worm,Effect Monster,Insect,600,1400,3,FIRE,Worm
Water Leviathan @Ignister,Ritual Effect Monster,Cyberse,2300,2000,7,WATER,@Ignister
Wattaildragon,Normal Monster,Dragon,2500,1000,6,LIGHT,Watt
Wattberyx,Tuner Monster,Thunder,300,0,3,LIGHT,Watt
Wattbetta,Tuner Monster,Thunder,100,0,2,LIGHT,Watt
Wattchimera,Synchro Monster,Thunder,1400,1200,6,LIGHT,Watt
Wattcobra,Effect Monster,Thunder,1000,500,4,LIGHT,Watt
Wattdragonfly,Effect Monster,Thunder,900,100,2,LIGHT,Watt
Wattfox,Tuner Monster,Thunder,800,100,2,LIGHT,Watt
Wattgiraffe,Effect Monster,Thunder,1200,100,4,LIGHT,Watt
Watthopper,Effect Monster,Thunder,0,0,1,LIGHT,Watt
Watthydra,Synchro Monster,Thunder,1500,1500,7,LIGHT,Watt
Wattkid,Normal Monster,Thunder,1000,500,3,LIGHT,Watt
Wattkinetic Puppeteer,Effect Monster,Psychic,1800,0,4,LIGHT,Watt
Wattkiwi,Tuner Monster,Thunder,600,100,3,LIGHT,Watt
Wattkyuki,Synchro Monster,Thunder,1600,1700,8,LIGHT,Watt
Wattlemur,Effect Monster,Thunder,800,100,2,LIGHT,Watt
Wattmole,Effect Monster,Thunder,0,100,3,LIGHT,Watt
Wattpheasant,Effect Monster,Thunder,1000,800,4,LIGHT,Watt
Wattsquirrel,Effect Monster,Thunder,700,100,3,LIGHT,Watt
Wattsychic Fighter,Effect Monster,Psychic,1500,300,3,LIGHT,Watt
Wattuna,Tuner Monster,Thunder,800,700,4,LIGHT,Watt
Wattwoodpecker,Effect Monster,Thunder,1000,100,3,LIGHT,Watt
Weathering Soldier,Effect Monster,Rock,2000,1200,4,EARTH,Fossil
"Weiss, Lightsworn Archfiend",Tuner Monster,Fiend,0,1700,4,LIGHT,Archfiend
Wheel of Prophecy,Effect Monster,Spellcaster,2700,1700,8,DARK,Spellbook
White Aura Bihamut,Synchro Monster,Fish,3300,3000,10,WATER,White
White Aura Dolphin,Synchro Monster,Fish,2400,1000,6,WATER,White
White Aura Monoceros,Synchro Monster,Fish,2500,1500,7,WATER,White
White Aura Porpoise,Synchro Monster,Fish,2000,1300,6,WATER,White
White Aura Whale,Synchro Monster,Fish,2800,2000,8,WATER,White
White Dolphin,Normal Monster,Fish,500,400,2,WATER,White
White Dragon Ninja,Effect Monster,Dragon,2700,1200,7,LIGHT,Ninja
White Knight of Dogmatika,Ritual Effect Monster,Spellcaster,500,2500,8,LIGHT,Dogmatika
White Moray,Effect Monster,Fish,600,200,2,WATER,White
White Ninja,Flip Effect Monster,Warrior,1500,800,4,LIGHT,Ninja
White Relic of Dogmatika,Ritual Effect Monster,Spellcaster,500,2500,4,LIGHT,Dogmatika
White Rose Dragon,Effect Monster,Dragon,1200,1000,4,DARK,Rose Dragon
White Sardine,Effect Monster,Fish,800,0,2,WATER,White
White Stingray,Effect Monster,Fish,1400,1000,4,WATER,White
White Sunfish,Effect Monster,Fish,1200,1200,4,WATER,White
White Wing Magician,Pendulum Tuner Effect Monster,Spellcaster,1600,1400,4,WIND,Magician
"Whitebeard, the Plunder Patroll Helm",Tuner Monster,Fiend,1500,1000,4,WATER,Plunder Patroll
Wind Pegasus @Ignister,Synchro Monster,Cyberse,2300,1500,7,WIND,@Ignister
"Wind Unicorn Parallel, the Dracoslayer",Pendulum Effect Monster,Spellcaster,2000,2000,6,WIND,Dracoslayer
Wind-Up Arsenal Zenmaioh,XYZ Monster,Machine,2600,1900,5,WIND,Wind-Up
Wind-Up Bat,Effect Monster,Machine,300,350,1,WIND,Wind-Up
Wind-Up Carrier Zenmaity,XYZ Monster,Machine,1500,1500,3,WATER,Wind-Up
Wind-Up Dog,Effect Monster,Beast,1200,900,3,EARTH,Wind-Up
Wind-Up Honeybee,Effect Monster,Insect,100,300,1,EARTH,Wind-Up
Wind-Up Hunter,Effect Monster,Beast-Warrior,1600,500,3,DARK,Wind-Up
Wind-Up Juggler,Effect Monster,Psychic,1700,1000,4,WIND,Wind-Up
Wind-Up Kitten,Effect Monster,Beast,800,500,2,EARTH,Wind-Up
Wind-Up Knight,Effect Monster,Warrior,1800,1200,4,LIGHT,Wind-Up
Wind-Up Magician,Effect Monster,Spellcaster,600,1800,4,FIRE,Wind-Up
Wind-Up Rabbit,Effect Monster,Beast-Warrior,1400,600,3,EARTH,Wind-Up
Wind-Up Rat,Effect Monster,Beast,600,600,3,EARTH,Wind-Up
Wind-Up Shark,Effect Monster,Fish,1500,1300,4,WATER,Wind-Up
Wind-Up Snail,Effect Monster,Aqua,100,2000,2,WATER,Wind-Up
Wind-Up Soldier,Effect Monster,Warrior,1800,1200,4,EARTH,Wind-Up
Wind-Up Warrior,Effect Monster,Warrior,1200,1800,4,EARTH,Wind-Up
Wind-Up Zenmaines,XYZ Monster,Machine,1500,2100,3,FIRE,Wind-Up
Wind-Up Zenmaintenance,Link Monster,Machine,1800,-1,0,LIGHT,Wind-Up
Wind-Up Zenmaister,XYZ Monster,Machine,1900,1500,4,EARTH,Wind-Up
"Winda, Priestess of Gusto",Effect Monster,Psychic,1000,400,2,WIND,Gusto
"Windaar, Sage of Gusto",Effect Monster,Psychic,2000,1000,6,WIND,Gusto
Windmill Genex,Synchro Monster,Machine,2000,1600,7,WIND,Genex
Winged Egg of New Life,Normal Monster,Fairy,1400,1700,5,LIGHT,Recolored counterpart
Winged Kuriboh,Effect Monster,Fairy,300,200,1,LIGHT,Kuriboh
Winged Kuriboh LV10,Effect Monster,Fairy,300,200,10,LIGHT,Kuriboh
Winged Kuriboh LV6,Effect Monster,Fairy,300,200,6,LIGHT,Elemental HERO
Winged Kuriboh LV9,Effect Monster,Fairy,-1,-1,9,LIGHT,Kuriboh
Winged Kuriboh Sabatiel LV10,Effect Monster,Fairy,300,200,10,LIGHT,Kuriboh
Wisdom-Eye Magician,Pendulum Effect Monster,Spellcaster,1500,1500,4,LIGHT,Magician
Witch Doctor of Chaos,Flip Effect Monster,Spellcaster,500,500,2,DARK,Chaos
Witch of the Black Rose,Tuner Monster,Spellcaster,1700,1200,4,DARK,Rose Dragon
Witchcrafter Edel,Effect Monster,Spellcaster,2000,2300,5,LIGHT,Witchcrafter
Witchcrafter Genni,Effect Monster,Spellcaster,300,500,1,WIND,Witchcrafter
Witchcrafter Golem Aruru,Effect Monster,Spellcaster,2800,0,8,LIGHT,Witchcrafter
Witchcrafter Haine,Effect Monster,Spellcaster,2400,1000,7,DARK,Witchcrafter
Witchcrafter Madame Rilliona,Fusion Monster,Spellcaster,3800,2800,8,LIGHT,Witchcrafter
Witchcrafter Madame Verre,Effect Monster,Spellcaster,1000,2800,8,LIGHT,Witchcrafter
Witchcrafter Marka,Effect Monster,Spellcaster,2500,0,6,DARK,Witchcrafter
Witchcrafter Pittore,Effect Monster,Spellcaster,1000,1500,3,WATER,Witchcrafter
Witchcrafter Potterie,Effect Monster,Spellcaster,0,2000,2,EARTH,Witchcrafter
Witchcrafter Pupils,Fusion Monster,Spellcaster,1800,2100,8,FIRE,Witchcrafter
Witchcrafter Schmietta,Effect Monster,Spellcaster,1800,600,4,FIRE,Witchcrafter
Witchcrafter Seed,Effect Monster,Spellcaster,1300,1500,4,WIND,Witchcrafter
Witchcrafter Terracottan,Effect Monster,Spellcaster,0,2000,2,EARTH,Witchcrafter
Witchcrafter Vice-Madame,Fusion Monster,Spellcaster,2700,2800,8,DARK,Witchcrafter
"Wiz, Sage Fur Hire",Effect Monster,Spellcaster,1600,2800,7,WATER,Fur Hire
Wizard @Ignister,Effect Monster,Cyberse,1800,800,4,DARK,@Ignister
"Wonko, Noble Knight of the Forest",Effect Monster,Beast,1100,1600,4,LIGHT,Noble Knight
Woodborg Inpachi,Normal Monster,Machine,500,2500,5,FIRE,Dark World
World Chalice Guardragon,Effect Monster,Dragon,400,400,1,WIND,World Chalice
World Gears of Theurlogical Demiurgy,Link Monster,Cyberse,3500,-1,0,DARK,World Legacy
"World Legacy - ""World Ark""",Effect Monster,Machine,2500,500,7,DARK,World Legacy
"World Legacy - ""World Armor""",Effect Monster,Machine,2500,2500,7,DARK,World Legacy
"World Legacy - ""World Chalice""",Effect Monster,Machine,0,0,5,DARK,World Legacy
"World Legacy - ""World Crown""",Effect Monster,Machine,2000,2000,6,DARK,World Legacy
"World Legacy - ""World Key""",Effect Monster,Machine,0,0,1,DARK,World Legacy
"World Legacy - ""World Lance""",Effect Monster,Machine,3000,0,8,DARK,World Legacy
"World Legacy - ""World Shield""",Effect Monster,Machine,0,3000,6,DARK,World Legacy
"World Legacy - ""World Wand""",Effect Monster,Machine,500,2500,8,DARK,World Legacy
World Legacy Token,Token,Machine,-1,-1,0,NONE,World Legacy
World of Prophecy,Effect Monster,Spellcaster,2900,2400,9,LIGHT,Spellbook
Worm Apocalypse,Flip Effect Monster,Reptile,300,200,1,LIGHT,Worm
Worm Barses,Effect Monster,Reptile,1400,1500,3,LIGHT,Worm
Worm Cartaros,Flip Effect Monster,Reptile,1200,500,4,LIGHT,Worm
Worm Dimikles,Flip Effect Monster,Reptile,1700,1400,4,LIGHT,Worm
Worm Drake,Normal Monster,Reptile,1400,1500,4,EARTH,Worm
Worm Erokin,Effect Monster,Reptile,2400,1200,6,LIGHT,Worm
Worm Falco,Flip Effect Monster,Reptile,500,800,2,LIGHT,Worm
Worm Gulse,Effect Monster,Reptile,1500,300,4,LIGHT,Worm
Worm Hope,Flip Effect Monster,Reptile,800,1500,1,LIGHT,Worm
Worm Illidan,Effect Monster,Reptile,2000,1800,5,LIGHT,Worm
Worm Jetelikpse,Flip Effect Monster,Reptile,1200,0,3,LIGHT,Worm
Worm King,Effect Monster,Reptile,2700,1100,8,LIGHT,Worm
Worm Linx,Flip Effect Monster,Reptile,300,1000,2,LIGHT,Worm
Worm Millidith,Flip Effect Monster,Reptile,400,1600,4,LIGHT,Worm
Worm Noble,Flip Effect Monster,Reptile,1500,2400,6,LIGHT,Worm
Worm Opera,Flip Effect Monster,Reptile,400,800,2,LIGHT,Worm
Worm Prince,Effect Monster,Reptile,2200,400,6,LIGHT,Worm
Worm Queen,Effect Monster,Reptile,2700,1100,8,LIGHT,Worm
Worm Rakuyeh,Effect Monster,Reptile,2100,1200,4,LIGHT,Worm
Worm Solid,Effect Monster,Reptile,1000,1600,4,LIGHT,Worm
Worm Tentacles,Effect Monster,Reptile,1700,700,4,LIGHT,Worm
Worm Token,Token,Insect,-1,-1,0,NONE,Worm
Worm Ugly,Effect Monster,Reptile,100,100,1,LIGHT,Worm
Worm Victory,Flip Effect Monster,Reptile,0,2500,7,LIGHT,Worm
Worm Warlord,Effect Monster,Reptile,2350,1800,6,LIGHT,Worm
Worm Xex,Effect Monster,Reptile,1800,1000,4,LIGHT,Worm
Worm Yagan,Effect Monster,Reptile,1000,1800,4,LIGHT,Worm
Worm Zero,Fusion Monster,Reptile,-1,0,10,LIGHT,Worm
Wroughtweiler,Effect Monster,Machine,800,1200,3,EARTH,Elemental HERO
"Wulf, Lightsworn Beast",Effect Monster,Beast-Warrior,2100,300,4,LIGHT,Lightsworn
Wynn the Wind Channeler,Effect Monster,Spellcaster,1850,1500,5,WIND,Charmer
Wynn the Wind Charmer,Flip Effect Monster,Spellcaster,500,1500,3,WIND,Charmer
"Wynn the Wind Charmer, Verdant",Link Monster,Spellcaster,1850,-1,0,WIND,Charmer
X-Head Cannon,Normal Monster,Machine,1800,1500,4,LIGHT,ABC
X-Krawler Neurogos,Link Monster,Insect,1900,-1,0,EARTH,Krawler
X-Krawler Qualiark,Link Monster,Insect,2000,-1,0,EARTH,Krawler
X-Krawler Synaphysis,Link Monster,Insect,1800,-1,0,EARTH,Krawler
X-Saber Airbellum,Tuner Monster,Beast,1600,200,3,EARTH,X-Saber
X-Saber Anu Piranha,Normal Monster,Warrior,1800,1100,4,EARTH,X-Saber
X-Saber Axel,Effect Monster,Beast-Warrior,400,100,1,EARTH,X-Saber
X-Saber Galahad,Effect Monster,Warrior,1800,800,4,EARTH,X-Saber
X-Saber Palomuro,Tuner Monster,Reptile,200,300,1,EARTH,X-Saber
X-Saber Pashuul,Tuner Monster,Warrior,100,0,2,EARTH,X-Saber
X-Saber Souza,Synchro Monster,Warrior,2500,1600,7,EARTH,X-Saber
X-Saber Urbellum,Synchro Monster,Warrior,2200,1300,7,EARTH,X-Saber
X-Saber Uruz,Effect Monster,Beast-Warrior,1600,1000,4,EARTH,X-Saber
X-Saber Wayne,Synchro Monster,Warrior,2100,400,5,EARTH,X-Saber
Xiangke Magician,Pendulum Effect Monster,Spellcaster,2500,500,7,DARK,Magician
Xiangsheng Magician,Pendulum Effect Monster,Spellcaster,500,1500,4,LIGHT,Magician
Xtra HERO Cross Crusader,Link Monster,Warrior,1600,-1,0,DARK,Elemental HERO
Xtra HERO Dread Decimator,Link Monster,Warrior,2500,-1,0,DARK,Elemental HERO
Xtra HERO Infernal Devicer,Link Monster,Fiend,1700,-1,0,DARK,Elemental HERO
Xtra HERO Wonder Driver,Link Monster,Warrior,1900,-1,0,LIGHT,Elemental HERO
XX-Saber Boggart Knight,Effect Monster,Beast-Warrior,1900,1000,4,EARTH,X-Saber
XX-Saber Darksoul,Effect Monster,Beast,100,100,3,EARTH,X-Saber
XX-Saber Emmersblade,Effect Monster,Insect,1300,800,3,EARTH,X-Saber
XX-Saber Faultroll,Effect Monster,Warrior,2400,1800,6,EARTH,X-Saber
XX-Saber Fulhelmknight,Tuner Monster,Warrior,1300,1000,3,EARTH,X-Saber
XX-Saber Gardestrike,Effect Monster,Beast-Warrior,2100,1400,5,EARTH,X-Saber
XX-Saber Garsem,Effect Monster,Beast,1400,400,4,EARTH,X-Saber
XX-Saber Gottoms,Synchro Monster,Beast-Warrior,3100,2600,9,EARTH,X-Saber
XX-Saber Hyunlei,Synchro Monster,Warrior,2300,1300,6,EARTH,X-Saber
XX-Saber Ragigura,Effect Monster,Beast-Warrior,200,1000,1,EARTH,X-Saber
XY-Dragon Cannon,Fusion Monster,Machine,2200,1900,6,LIGHT,ABC
Xyz Agent,Effect Monster,Spellcaster,900,300,2,LIGHT,Utopia
XYZ-Dragon Cannon,Fusion Monster,Machine,2800,2600,8,LIGHT,ABC
XZ-Tank Cannon,Fusion Monster,Machine,2400,2100,6,LIGHT,ABC
Y-Dragon Head,Union Effect Monster,Machine,1500,1600,4,LIGHT,ABC
Yaguramaru the Armor Ninja,Fusion Monster,Machine,2000,2000,5,DARK,Ninja
"Yasha, the Skeletal Mayakashi",Effect Monster,Zombie,2000,0,5,DARK,Mayakashi
"Yazi, Evil of the Yang Zing",Synchro Monster,Wyrm,2600,2100,7,DARK,Yang Zing
Yellow Dragon Ninja,Effect Monster,Dinosaur,3000,1500,8,WIND,Ninja
Yellow Gadget,Effect Monster,Machine,1200,1200,4,EARTH,Gadget
Yellow Ninja,Effect Monster,Warrior,1900,1800,4,WIND,Ninja
"Yoko, the Graceful Mayakashi",Synchro Monster,Zombie,2900,2400,9,FIRE,Mayakashi
Yormungarde,Normal Monster,Reptile,1200,900,3,EARTH,Recolored counterpart
Yosenju Izna,Effect Monster,Beast-Warrior,800,1200,4,WIND,Yosenju
Yosenju Kama 1,Effect Monster,Beast-Warrior,1600,500,4,WIND,Yosenju
Yosenju Kama 2,Effect Monster,Beast-Warrior,1800,200,4,WIND,Yosenju
Yosenju Kama 3,Effect Monster,Beast-Warrior,1500,800,4,WIND,Yosenju
Yosenju Kodam,Effect Monster,Beast-Warrior,0,0,1,WIND,Yosenju
Yosenju Magat,Effect Monster,Beast,2000,100,6,WIND,Yosenju
Yosenju Misak,Effect Monster,Beast,2300,200,6,WIND,Yosenju
Yosenju Oyam,Effect Monster,Beast,-1,-1,6,WIND,Yosenju
Yosenju Sabu,Effect Monster,Beast-Warrior,1700,400,4,WIND,Yosenju
Yosenju Shinchu L,Pendulum Effect Monster,Rock,0,2100,4,WIND,Yosenju
Yosenju Shinchu R,Pendulum Effect Monster,Rock,0,2100,4,WIND,Yosenju
Yosenju Tsujik,Effect Monster,Beast-Warrior,1000,0,4,WIND,Yosenju
"Yuki-Musume, the Ice Mayakashi",Effect Monster,Zombie,0,1900,1,WATER,Mayakashi
"Yuki-Onna, the Absolute Zero Mayakashi",Link Monster,Zombie,2900,-1,0,WATER,Mayakashi
"Yuki-Onna, the Ice Mayakashi",Link Monster,Zombie,1900,-1,0,WATER,Mayakashi
"Yuki-Onna, the Icicle Mayakashi",Link Monster,Zombie,2400,-1,0,WATER,Mayakashi
YZ-Tank Dragon,Fusion Monster,Machine,2100,2200,6,LIGHT,ABC
Z-Metal Tank,Union Effect Monster,Machine,1500,1300,4,LIGHT,ABC
Zaborg the Mega Monarch,Effect Monster,Thunder,2800,1000,8,LIGHT,Monarch
Zaborg the Thunder Monarch,Effect Monster,Thunder,2400,1000,5,LIGHT,Monarch
"Zaphion, the Timelord",Effect Monster,Fairy,0,0,10,WATER,Timelord
"Zefraniu, Secret of the Yang Zing",Pendulum Effect Monster,Wyrm,0,2600,6,EARTH,Yang Zing
"Zefrasaber, Swordmaster of the Nekroz",Pendulum Effect Monster,Spellcaster,1500,800,4,WATER,Nekroz
"Zefraxa, Flame Beast of the Nekroz",Pendulum Effect Monster,Dragon,2000,1000,5,FIRE,Nekroz
"Zefraxi, Treasure of the Yang Zing",Pendulum Effect Monster,Wyrm,1500,0,3,EARTH,Yang Zing
"Zep, Ruby of the Ghoti",Tuner Monster,Fish,0,1000,2,WATER,Ghoti
"Zeradias, Herald of Heaven",Effect Monster,Fairy,2100,800,4,LIGHT,Herald
Zoodiac Boarbow,XYZ Monster,Beast-Warrior,-1,-1,4,EARTH,Zoodiac
Zoodiac Broadbull,XYZ Monster,Beast-Warrior,-1,-1,4,EARTH,Zoodiac
Zoodiac Bunnyblast,Effect Monster,Beast-Warrior,800,800,4,EARTH,Zoodiac
Zoodiac Chakanine,XYZ Monster,Beast-Warrior,-1,-1,4,EARTH,Zoodiac
Zoodiac Drident,XYZ Monster,Beast-Warrior,-1,-1,4,EARTH,Zoodiac
Zoodiac Hammerkong,XYZ Monster,Beast-Warrior,-1,-1,4,EARTH,Zoodiac
Zoodiac Kataroost,Effect Monster,Beast-Warrior,800,1200,4,EARTH,Zoodiac
Zoodiac Ramram,Effect Monster,Beast-Warrior,400,2000,4,EARTH,Zoodiac
Zoodiac Ratpier,Effect Monster,Beast-Warrior,0,0,4,EARTH,Zoodiac
Zoodiac Thoroughblade,Effect Monster,Beast-Warrior,1600,0,4,EARTH,Zoodiac
Zoodiac Tigermortar,XYZ Monster,Beast-Warrior,-1,-1,4,EARTH,Zoodiac
Zoodiac Whiptail,Effect Monster,Beast-Warrior,1200,400,4,EARTH,Zoodiac
"Zoroa, the Magistus Conflagrant Calamity",Synchro Monster,Spellcaster,2900,1500,8,FIRE,Magistus
"Zoroa, the Magistus of Flame",Tuner Monster,Spellcaster,1500,1500,4,FIRE,Magistus
"Zoroa, the Magistus Verethragna",Fusion Monster,Spellcaster,2900,2900,8,FIRE,Magistus
ZS - Vanish Sage,Effect Monster,Warrior,500,100,1,LIGHT,Utopia
Zubababancho Gagagacoat,Effect Monster,Warrior,1800,100,4,EARTH,Gagaga
Zuijin of the Ice Barrier,Effect Monster,Warrior,500,300,2,WATER,Ice Barrier
"Zure, Knight of Dark World",Normal Monster,Fiend,1800,1500,4,DARK,Dark World
ZW - Asura Strike,Effect Monster,Fairy,1000,1000,4,FIRE,Utopia
ZW - Eagle Claw,Effect Monster,Winged Beast,2000,1200,5,WIND,Utopia
ZW - Leo Arms,XYZ Monster,Beast,3000,1200,5,LIGHT,Utopia
ZW - Lightning Blade,Effect Monster,Beast,1200,2000,5,LIGHT,Utopia
ZW - Phoenix Bow,Effect Monster,Winged Beast,1100,0,3,FIRE,Utopia
ZW - Sleipnir Mail,Effect Monster,Beast,1000,1000,4,LIGHT,Utopia
ZW - Tornado Bringer,Effect Monster,Dragon,1300,1800,5,WIND,Utopia
ZW - Ultimate Shield,Effect Monster,Aqua,0,2000,4,EARTH,Utopia
ZW - Unicorn Spear,Effect Monster,Beast,1900,0,4,LIGHT,Utopia
